Kreis.y,Typ,Bundesland.y,Einwohner,afd,saldo,hc.key,lat,lon
Flensburg,Kreisfreie Stadt,Schleswig-Holstein,89504,6.2852068,15.23824807,de-sh-01001000,54.78499338,9.438528355
Kiel,Kreisfreie Stadt,Schleswig-Holstein,247548,5.924709681,5.334531195,de-sh-01002000,54.32484069,10.13224436
Lübeck,Kreisfreie Stadt,Schleswig-Holstein,217198,7.485218545,11.09681063,de-sh-01003000,53.87231673,10.72728311
Neumünster,Kreisfreie Stadt,Schleswig-Holstein,79487,9.585141468,5.56328919,de-sh-01004000,54.08112444,9.984481955
Dithmarschen,Kreis,Schleswig-Holstein,133210,8.864615971,12.65119999,de-sh-01051000,54.13291096,9.107814479
Herzogtum Lauenburg,Kreis,Schleswig-Holstein,197264,9.152152481,29.36383096,de-sh-01053000,53.58900242,10.60185922
Nordfriesland,Kreis,Schleswig-Holstein,165507,5.665315006,15.45083913,de-sh-01054000,54.609564,8.886887793
Ostholstein,Kreis,Schleswig-Holstein,200581,8.075925366,22.42686097,de-sh-01055000,54.18964903,10.81942702
Pinneberg,Kreis,Schleswig-Holstein,314391,7.803773282,23.50662762,de-sh-01056000,53.71808407,9.7368667
Plön,Kreis,Schleswig-Holstein,128647,7.287108465,19.57694781,de-sh-01057000,54.24338859,10.36369516
Rendsburg-Eckernförde,Kreis,Schleswig-Holstein,272775,6.778038742,15.93073176,de-sh-01058000,54.28961574,9.781742068
Schleswig-Flensburg,Kreis,Schleswig-Holstein,200025,6.011147755,17.77696881,de-sh-01059000,54.61901956,9.488709215
Segeberg,Kreis,Schleswig-Holstein,276032,8.18324882,25.97593911,de-sh-01060000,53.91998574,10.14091472
Steinburg,Kreis,Schleswig-Holstein,131347,7.776373133,10.84802609,de-sh-01061000,53.92894519,9.519381896
Stormarn,Kreis,Schleswig-Holstein,243196,7.95839302,27.55204802,de-sh-01062000,53.72080057,10.33163988
Hamburg,Kreisfreie Stadt,Hamburg,1841179,6.485048315,18.02365473,de-hh-02000000,53.54637735,10.02079442
Braunschweig,Kreisfreie Stadt,Niedersachsen,248292,6.848267583,5.22330749,de-ni-03101000,52.27522109,10.52410806
Salzgitter,Kreisfreie Stadt,Niedersachsen,104948,14.9883222,2.508211924,de-ni-03102000,52.12447444,10.37072623
Wolfsburg,Kreisfreie Stadt,Niedersachsen,124151,10.19654057,2.772975697,de-ni-03103000,52.41074739,10.78487077
Gifhorn,Landkreis,Niedersachsen,175920,9.780851555,23.20268881,de-ni-03151000,52.58025623,10.60417046
Goslar,Landkreis,Niedersachsen,137014,10.27247956,3.167915489,de-ni-03153000,51.87467716,10.40039267
Helmstedt,Landkreis,Niedersachsen,91307,9.18025832,5.302977856,de-ni-03154000,52.26074433,10.88883872
Northeim,Landkreis,Niedersachsen,132765,8.129146248,1.648094267,de-ni-03155000,51.74258733,9.848008931
Peine,Landkreis,Niedersachsen,133965,9.309036163,18.77408171,de-ni-03157000,52.30419133,10.25528781
Wolfenbüttel,Landkreis,Niedersachsen,119960,8.93818512,11.06138107,de-ni-03158000,52.12699752,10.5839538
Göttingen,Landkreis,Niedersachsen,328074,6.784111399,2.246560195,de-ni-03159000,51.49893902,9.926235131
Region Hannover,Landkreis,Niedersachsen,1157624,8.079669087,23.9307636,de-ni-03241000,52.42193707,9.719799048
Diepholz,Landkreis,Niedersachsen,216886,7.499976115,21.84167457,de-ni-03251000,52.72848578,8.701799136
Hameln-Pyrmont,Landkreis,Niedersachsen,148559,9.844221998,9.056589669,de-ni-03252000,52.09513819,9.389895452
Hildesheim,Landkreis,Niedersachsen,276594,8.360839348,8.166631291,de-ni-03254000,52.090219,9.943480972
Holzminden,Landkreis,Niedersachsen,70975,8.327548218,0.4586148855,de-ni-03255000,51.88063258,9.55140269
Nienburg (Weser),Landkreis,Niedersachsen,121386,8.647033397,12.47218117,de-ni-03256000,52.60922281,9.114312927
Schaumburg,Landkreis,Niedersachsen,157781,9.014643285,15.48730533,de-ni-03257000,52.29279233,9.206561905
Celle,Landkreis,Niedersachsen,178936,10.92783257,13.30475607,de-ni-03351000,52.71334323,10.10356616
Cuxhaven,Landkreis,Niedersachsen,198213,8.08312898,14.91404989,de-ni-03352000,53.6165865,8.812382372
Harburg,Landkreis,Niedersachsen,252776,8.597966707,32.03194803,de-ni-03353000,53.31577342,9.962738848
Lüchow-Dannenberg,Landkreis,Niedersachsen,48424,7.453903492,15.45730543,de-ni-03354000,53.01987172,11.12291989
Lüneburg,Landkreis,Niedersachsen,183372,7.548743284,34.17340149,de-ni-03355000,53.23257535,10.57325692
Osterholz,Landkreis,Niedersachsen,113517,8.050817468,24.70106051,de-ni-03356000,53.25100673,8.808080932
Rotenburg (Wümme),Landkreis,Niedersachsen,163455,7.272499844,17.80906905,de-ni-03357000,53.25075839,9.306584838
Heidekreis,Landkreis,Niedersachsen,139755,9.018393393,18.59826895,de-ni-03358000,52.92833009,9.769411359
Stade,Landkreis,Niedersachsen,203102,8.45727767,21.56630493,de-ni-03359000,53.57897623,9.41807039
Uelzen,Landkreis,Niedersachsen,92572,8.794511598,14.05088561,de-ni-03360000,52.98363494,10.54758105
Verden,Landkreis,Niedersachsen,136792,7.759029011,19.9507718,de-ni-03361000,52.97323565,9.1754645
Delmenhorst,Kreisfreie Stadt,Niedersachsen,77607,11.85609158,6.438321903,de-ni-03401000,53.0494044,8.645682931
Emden,Kreisfreie Stadt,Niedersachsen,50195,9.453353415,7.26963192,de-ni-03402000,53.36067907,7.181584115
Oldenburg (Oldb),Kreisfreie Stadt,Niedersachsen,168210,5.223480014,22.04379964,de-ni-03403000,53.14457817,8.224359039
Osnabrück,Kreisfreie Stadt,Niedersachsen,164748,4.797867614,9.278625192,de-ni-03404000,52.27767982,8.04703291
Wilhelmshaven,Kreisfreie Stadt,Niedersachsen,76278,9.260621666,0.8941403636,de-ni-03405000,53.56594481,8.086204629
Ammerland,Landkreis,Niedersachsen,124071,7.037520703,29.73621348,de-ni-03451000,53.21848817,8.013262266
Aurich,Landkreis,Niedersachsen,189848,9.098699244,16.05673364,de-ni-03452000,53.49643077,7.368089581
Cloppenburg,Landkreis,Niedersachsen,169348,7.458055095,27.54169912,de-ni-03453000,52.91102902,7.904713938
Emsland,Landkreis,Niedersachsen,325657,5.442833491,17.86692913,de-ni-03454000,52.73829702,7.402688652
Friesland,Landkreis,Niedersachsen,98460,7.74754951,13.14095823,de-ni-03455000,53.51036297,7.983247462
Grafschaft Bentheim,Landkreis,Niedersachsen,136511,4.726120694,14.21901176,de-ni-03456000,52.47605341,7.019856762
Leer,Landkreis,Niedersachsen,169809,9.038149462,19.53405018,de-ni-03457000,53.24354174,7.469761641
Oldenburg,Landkreis,Niedersachsen,130144,7.765486726,29.24833816,de-ni-03458000,52.98807691,8.389396566
Osnabrück,Landkreis,Niedersachsen,357343,5.620668149,15.92090453,de-ni-03459000,52.38161392,8.045157342
Vechta,Landkreis,Niedersachsen,141598,6.067488644,24.74609375,de-ni-03460000,52.66029015,8.223057943
Wesermarsch,Landkreis,Niedersachsen,88624,7.894527205,5.44066284,de-ni-03461000,53.35764176,8.388646231
Wittmund,Landkreis,Niedersachsen,56882,8.758580763,13.57569404,de-ni-03462000,53.57341374,7.706123551
Bremen,Kreisfreie Stadt,Bremen,569352,7.151722986,10.49161821,de-ni-04011000,53.11954347,8.780493747
Bremerhaven,Kreisfreie Stadt,Bremen,113634,10.91135288,-1.005055828,de-hb-04012000,53.53816629,8.588505224
Düsseldorf,Kreisfreie Stadt,Nordrhein-Westfalen,619294,6.907341749,11.27742351,de-nw-05111000,51.23545696,6.810202624
Duisburg,Kreisfreie Stadt,Nordrhein-Westfalen,498590,11.99895871,0.009861547593,de-nw-05112000,51.43961577,6.73469185
Essen,Kreisfreie Stadt,Nordrhein-Westfalen,583109,10.76303643,5.01970529,de-nw-05113000,51.43383277,7.017153916
Krefeld,Kreisfreie Stadt,Nordrhein-Westfalen,227020,7.784591921,3.436518399,de-nw-05114000,51.34521914,6.579668006
Mönchengladbach,Kreisfreie Stadt,Nordrhein-Westfalen,261454,8.662694149,7.38553056,de-nw-05116000,51.1671936,6.411974474
Mülheim an der Ruhr,Kreisfreie Stadt,Nordrhein-Westfalen,170880,9.655856703,8.035946273,de-nw-05117000,51.41378149,6.878461621
Oberhausen,Kreisfreie Stadt,Nordrhein-Westfalen,210829,12.19972944,4.360101354,de-nw-05119000,51.51313135,6.847120498
Remscheid,Kreisfreie Stadt,Nordrhein-Westfalen,110994,9.889573405,-3.72680354,de-nw-05120000,51.1826933,7.224115652
Solingen,Kreisfreie Stadt,Nordrhein-Westfalen,159360,9.143880969,6.783828741,de-nw-05122000,51.16245516,7.066069733
Wuppertal,Kreisfreie Stadt,Nordrhein-Westfalen,354382,9.770226189,0.8991783907,de-nw-05124000,51.25060361,7.168930082
Kleve,Kreis,Nordrhein-Westfalen,310974,6.402598455,22.02220659,de-nw-05154000,51.65236313,6.258809085
Mettmann,Kreis,Nordrhein-Westfalen,485684,8.858495393,6.112357849,de-nw-05158000,51.25710435,6.969065183
Rhein-Kreis Neuss,Kreis,Nordrhein-Westfalen,451007,8.011081336,9.930142656,de-nw-05162000,51.14357124,6.649323167
Viersen,Kreis,Nordrhein-Westfalen,298935,7.032552176,16.82226049,de-nw-05166000,51.28282024,6.326120513
Wesel,Kreis,Nordrhein-Westfalen,459809,9.071150714,10.95235657,de-nw-05170000,51.62704254,6.618362629
Bonn,Kreisfreie Stadt,Nordrhein-Westfalen,327258,5.973993023,15.44841415,de-nw-05314000,50.70573462,7.10983941
Köln,Kreisfreie Stadt,Nordrhein-Westfalen,1085664,6.169810528,11.96500434,de-nw-05315000,50.94566688,6.973218552
Leverkusen,Kreisfreie Stadt,Nordrhein-Westfalen,163838,9.414861308,6.845923287,de-nw-05316000,51.05306626,7.015474111
Städteregion Aachen,Kreis,Nordrhein-Westfalen,555465,6.900679392,17.87992912,de-nw-05334000,50.72750461,6.216727218
Düren,Kreis,Nordrhein-Westfalen,263722,9.676202294,14.62867989,de-nw-05358000,50.81789505,6.44556161
Rhein-Erft-Kreis,Kreis,Nordrhein-Westfalen,470089,9.279662757,16.69909171,de-nw-05362000,50.90493303,6.716491019
Euskirchen,Kreis,Nordrhein-Westfalen,192840,9.654789872,20.20937275,de-nw-05366000,50.53647317,6.644151912
Heinsberg,Kreis,Nordrhein-Westfalen,254322,8.402320111,20.80610312,de-nw-05370000,51.04934891,6.164112924
Oberbergischer Kreis,Kreis,Nordrhein-Westfalen,272471,9.232275162,9.836987493,de-nw-05374000,51.0127092,7.516628817
Rheinisch-Bergischer Kreis,Kreis,Nordrhein-Westfalen,283455,7.219389139,11.83934034,de-nw-05378000,51.02300443,7.194846538
Rhein-Sieg-Kreis,Kreis,Nordrhein-Westfalen,599780,8.124060453,22.67878494,de-nw-05382000,50.76063891,7.234573028
Bottrop,Kreisfreie Stadt,Nordrhein-Westfalen,117383,12.32940177,7.035315516,de-nw-05512000,51.57169383,6.920116178
Gelsenkirchen,Kreisfreie Stadt,Nordrhein-Westfalen,260654,16.42800908,-1.744492732,de-nw-05513000,51.55395642,7.071240238
Münster,Kreisfreie Stadt,Nordrhein-Westfalen,314319,4.00023247,15.57568485,de-nw-05515000,51.95431679,7.623646795
Borken,Kreis,Nordrhein-Westfalen,370676,5.418705562,10.71172962,de-nw-05554000,51.96131984,6.899615612
Coesfeld,Kreis,Nordrhein-Westfalen,219929,5.454499774,18.09401773,de-nw-05558000,51.86685104,7.366012233
Recklinghausen,Kreis,Nordrhein-Westfalen,615261,11.46028055,3.360257939,de-nw-05562000,51.67248392,7.159248939
Steinfurt,Kreis,Nordrhein-Westfalen,447614,5.60907933,13.6355051,de-nw-05566000,52.21153668,7.579446713
Warendorf,Kreis,Nordrhein-Westfalen,277783,6.691155233,8.364083641,de-nw-05570000,51.87022279,7.958294933
Bielefeld,Kreisfreie Stadt,Nordrhein-Westfalen,333786,7.653597817,5.639924006,de-nw-05711000,52.01094862,8.540743897
Gütersloh,Kreis,Nordrhein-Westfalen,364083,7.67196741,17.3669921,de-nw-05754000,51.93170893,8.351386053
Herford,Kreis,Nordrhein-Westfalen,250783,9.928194542,10.07768326,de-nw-05758000,52.16757781,8.643931639
Höxter,Kreis,Nordrhein-Westfalen,140667,8.215433382,1.225379083,de-nw-05762000,51.68494074,9.178091498
Lippe,Kreis,Nordrhein-Westfalen,348391,9.641695413,7.112585008,de-nw-05766000,51.98142265,8.950837273
Minden-Lübbecke,Kreis,Nordrhein-Westfalen,310710,9.102143435,9.884728794,de-nw-05770000,52.3524755,8.739348393
Paderborn,Kreis,Nordrhein-Westfalen,306890,8.048911,17.96866483,de-nw-05774000,51.66417546,8.719635033
Bochum,Kreisfreie Stadt,Nordrhein-Westfalen,364628,9.482585673,4.679385214,de-nw-05911000,51.46992737,7.224935232
Dortmund,Kreisfreie Stadt,Nordrhein-Westfalen,587010,9.190157309,5.97979724,de-nw-05913000,51.51607757,7.474900905
Hagen,Kreisfreie Stadt,Nordrhein-Westfalen,188814,12.5981957,-4.541654016,de-nw-05914000,51.34804507,7.497555538
Hamm,Kreisfreie Stadt,Nordrhein-Westfalen,179111,10.90254814,5.558359167,de-nw-05915000,51.6651744,7.823586193
Herne,Kreisfreie Stadt,Nordrhein-Westfalen,156374,13.24047745,4.076209828,de-nw-05916000,51.53753324,7.208557615
Ennepe-Ruhr-Kreis,Kreis,Nordrhein-Westfalen,324296,9.174542594,5.161152066,de-nw-05954000,51.34684479,7.324029334
Hochsauerlandkreis,Kreis,Nordrhein-Westfalen,260475,7.40854002,1.098614615,de-nw-05958000,51.30682538,8.385079867
Märkischer Kreis,Kreis,Nordrhein-Westfalen,412120,10.07269321,-1.298808958,de-nw-05962000,51.26261144,7.713008099
Olpe,Kreis,Nordrhein-Westfalen,134775,7.333871068,4.334451691,de-nw-05966000,51.08615959,7.976477266
Siegen-Wittgenstein,Kreis,Nordrhein-Westfalen,278210,10.40618776,2.126695599,de-nw-05970000,50.93773864,8.195170269
Soest,Kreis,Nordrhein-Westfalen,301902,8.112636123,16.120793,de-nw-05974000,51.5644105,8.217437438
Unna,Kreis,Nordrhein-Westfalen,394782,9.815726247,6.105566266,de-nw-05978000,51.57857454,7.636444585
Darmstadt,Kreisfreie Stadt,Hessen,159207,6.468464642,16.64738646,de-he-06411000,49.88144614,8.664681555
Frankfurt am Main,Kreisfreie Stadt,Hessen,753056,6.739500181,14.05762912,de-he-06412000,50.1179681,8.644190394
Offenbach am Main,Kreisfreie Stadt,Hessen,128744,10.11356084,11.27040332,de-he-06413000,50.09107877,8.780962265
Wiesbaden,Kreisfreie Stadt,Hessen,278342,8.784029368,10.66653536,de-he-06414000,50.07915667,8.260366469
Bergstraße,Landkreis,Hessen,269694,11.23627645,14.00146799,de-he-06431000,49.61770122,8.660116116
Darmstadt-Dieburg,Landkreis,Hessen,297399,9.282374768,14.89368111,de-he-06432000,49.85550385,8.795469879
Groß-Gerau,Landkreis,Hessen,274526,10.46912936,16.20733334,de-he-06433000,49.90450861,8.470252477
Hochtaunuskreis,Landkreis,Hessen,236564,8.61291232,14.38006979,de-he-06434000,50.28161525,8.504646058
Main-Kinzig-Kreis,Landkreis,Hessen,418950,12.46639684,15.27116397,de-he-06435000,50.24386452,9.286222992
Main-Taunus-Kreis,Landkreis,Hessen,237735,8.986452536,13.61392545,de-he-06436000,50.10257891,8.434571215
Odenwaldkreis,Landkreis,Hessen,96798,11.59508734,12.79945243,de-he-06437000,49.67158617,8.979525239
Offenbach,Landkreis,Hessen,354092,10.06545197,11.50566988,de-he-06438000,50.02167746,8.811439146
Rheingau-Taunus-Kreis,Landkreis,Hessen,187157,9.761456725,13.21627782,de-he-06439000,50.14197172,8.081134713
Wetteraukreis,Landkreis,Hessen,306460,10.52877508,20.71782911,de-he-06440000,50.35477648,8.907657059
Gießen,Landkreis,Hessen,268876,9.672343253,14.4847809,de-he-06531000,50.5702779,8.807513717
Lahn-Dill-Kreis,Landkreis,Hessen,253777,12.01070592,7.328239429,de-he-06532000,50.64826873,8.36532824
Limburg-Weilburg,Landkreis,Hessen,172083,11.08889834,12.35997498,de-he-06533000,50.42747035,8.199437238
Marburg-Biedenkopf,Landkreis,Hessen,246648,9.292150784,7.589606907,de-he-06534000,50.83686383,8.738043768
Vogelsbergkreis,Landkreis,Hessen,105878,12.38646274,3.51127235,de-he-06535000,50.63811937,9.271379509
Kassel,Kreisfreie Stadt,Hessen,201585,7.46470275,10.38774971,de-he-06611000,51.31145481,9.46020305
Fulda,Landkreis,Hessen,222584,12.81565525,12.79841377,de-he-06631000,50.56388099,9.759139165
Hersfeld-Rotenburg,Landkreis,Hessen,120829,13.24747554,4.05514134,de-he-06632000,50.90618961,9.752932406
Kassel,Landkreis,Hessen,236633,9.538359033,11.50048684,de-he-06633000,51.40129614,9.407038916
Schwalm-Eder-Kreis,Landkreis,Hessen,180222,11.06716854,7.257628219,de-he-06634000,51.02377582,9.373652339
Waldeck-Frankenberg,Landkreis,Hessen,156953,10.18896994,8.769240318,de-he-06635000,51.19068757,8.88888422
Werra-Meißner-Kreis,Landkreis,Hessen,101017,10.64333551,1.920824749,de-he-06636000,51.19075638,9.928906207
Koblenz,Kreisfreie Stadt,Rheinland-Pfalz,114024,7.401684002,10.22320855,de-rp-07111000,50.34851606,7.579551024
Ahrweiler,Landkreis,Rheinland-Pfalz,129727,7.934265883,21.74508213,de-rp-07131000,50.46758532,7.044976439
Altenkirchen (Westerwald),Landkreis,Rheinland-Pfalz,128705,9.710033701,8.809607089,de-rp-07132000,50.75074766,7.74412526
Bad Kreuznach,Landkreis,Rheinland-Pfalz,158080,10.23702601,13.61721017,de-rp-07133000,49.82482041,7.686664992
Birkenfeld,Landkreis,Rheinland-Pfalz,80720,10.83326501,4.887008541,de-rp-07134000,49.71254039,7.277654598
Cochem-Zell,Landkreis,Rheinland-Pfalz,61587,7.652577855,8.960266476,de-rp-07135000,50.13288001,7.174319965
Mayen-Koblenz,Landkreis,Rheinland-Pfalz,214259,8.510826163,15.21728066,de-rp-07137000,50.33160787,7.332169432
Neuwied,Landkreis,Rheinland-Pfalz,181941,9.13142952,17.92737457,de-rp-07138000,50.55770055,7.46900065
Rhein-Hunsrück-Kreis,Landkreis,Rheinland-Pfalz,102937,8.8275632,15.52762095,de-rp-07140000,50.04420982,7.500099712
Rhein-Lahn-Kreis,Landkreis,Rheinland-Pfalz,122308,9.419781868,10.47203523,de-rp-07141000,50.26328174,7.842709936
Westerwaldkreis,Landkreis,Rheinland-Pfalz,201597,9.52308918,15.55697823,de-rp-07143000,50.55234937,7.865681372
Trier,Kreisfreie Stadt,Rheinland-Pfalz,110636,6.712066308,16.76421743,de-rp-07211000,49.76293883,6.655051022
Bernkastel-Wittlich,Landkreis,Rheinland-Pfalz,112262,7.650940645,10.1491691,de-rp-07231000,49.92464518,6.967218622
Eifelkreis Bitburg-Prüm,Landkreis,Rheinland-Pfalz,98561,6.872042768,10.83650396,de-rp-07232000,50.06215977,6.410129965
Vulkaneifel,Landkreis,Rheinland-Pfalz,60603,7.245895101,10.17150308,de-rp-07233000,50.23833585,6.748653732
Trier-Saarburg,Landkreis,Rheinland-Pfalz,148945,6.912282058,18.36259669,de-rp-07235000,49.69647113,6.695195596
Frankenthal (Pfalz),Kreisfreie Stadt,Rheinland-Pfalz,48561,13.54372827,9.794635462,de-rp-07311000,49.53306403,8.356883799
Kaiserslautern,Kreisfreie Stadt,Rheinland-Pfalz,99845,12.02674924,10.01183597,de-rp-07312000,49.4328526,7.760674748
Landau in der Pfalz,Kreisfreie Stadt,Rheinland-Pfalz,46677,7.884808853,30.74634724,de-rp-07313000,49.22449388,8.05060076
Ludwigshafen am Rhein,Kreisfreie Stadt,Rheinland-Pfalz,171061,14.16301102,10.33210778,de-rp-07314000,49.48208767,8.396844536
Mainz,Kreisfreie Stadt,Rheinland-Pfalz,217118,5.876848213,18.70758529,de-rp-07315000,49.97418652,8.241497085
Neustadt an der Weinstraße,Kreisfreie Stadt,Rheinland-Pfalz,53148,9.958427095,10.9400801,de-rp-07316000,49.34187582,8.152287859
Pirmasens,Kreisfreie Stadt,Rheinland-Pfalz,40403,14.90901846,0.8451706031,de-rp-07317000,49.19712709,7.594363165
Speyer,Kreisfreie Stadt,Rheinland-Pfalz,50378,10.51028883,14.7315408,de-rp-07318000,49.32971814,8.435019749
Worms,Kreisfreie Stadt,Rheinland-Pfalz,83330,12.45064906,16.71854215,de-rp-07319000,49.64944553,8.324528631
Zweibrücken,Kreisfreie Stadt,Rheinland-Pfalz,34209,11.74680914,10.61625054,de-rp-07320000,49.24816069,7.36539389
Alzey-Worms,Landkreis,Rheinland-Pfalz,129244,12.4954106,23.72483097,de-rp-07331000,49.7594414,8.15718502
Bad Dürkheim,Landkreis,Rheinland-Pfalz,132660,11.38998546,16.94520754,de-rp-07332000,49.4530206,8.110304937
Donnersbergkreis,Landkreis,Rheinland-Pfalz,75101,12.49703518,13.53937543,de-rp-07333000,49.63198305,7.915011327
Germersheim,Landkreis,Rheinland-Pfalz,129075,14.24191248,16.53147003,de-rp-07334000,49.11590817,8.24619377
Kaiserslautern,Landkreis,Rheinland-Pfalz,106057,12.92798443,11.0076825,de-rp-07335000,49.44622232,7.684981573
Kusel,Landkreis,Rheinland-Pfalz,70526,13.5766185,1.978593115,de-rp-07336000,49.54981086,7.471320282
Südliche Weinstraße,Landkreis,Rheinland-Pfalz,110356,10.70802979,15.30065838,de-rp-07337000,49.19038234,8.048076004
Rhein-Pfalz-Kreis,Landkreis,Rheinland-Pfalz,154201,11.98852845,19.17250011,de-rp-07338000,49.41664998,8.360681086
Mainz-Bingen,Landkreis,Rheinland-Pfalz,210889,8.389854968,22.00377146,de-rp-07339000,49.92201388,8.079648751
Südwestpfalz,Landkreis,Rheinland-Pfalz,95113,12.4543402,3.763246569,de-rp-07340000,49.20827474,7.65886719
Stuttgart,Stadtkreis,Baden-Württemberg,634830,7.452092002,11.42232569,de-bw-08111000,48.77453396,9.172067988
Böblingen,Landkreis,Baden-Württemberg,391640,10.25165053,11.9365817,de-bw-08115000,48.67822563,8.942777301
Esslingen,Landkreis,Baden-Württemberg,533859,9.62639943,9.990743598,de-bw-08116000,48.64802168,9.369165728
Göppingen,Landkreis,Baden-Württemberg,257253,12.51252893,9.158354895,de-bw-08117000,48.66314836,9.717504977
Ludwigsburg,Landkreis,Baden-Württemberg,543984,9.919923658,12.94326091,de-bw-08118000,48.94060298,9.124344257
Rems-Murr-Kreis,Landkreis,Baden-Württemberg,426158,11.51047745,11.82787105,de-bw-08119000,48.89900813,9.501212956
Heilbronn,Stadtkreis,Baden-Württemberg,125960,13.02163558,15.66930944,de-bw-08121000,49.15271959,9.182346901
Heilbronn,Landkreis,Baden-Württemberg,343068,12.88849648,24.05220212,de-bw-08125000,49.17719852,9.190778723
Hohenlohekreis,Landkreis,Baden-Württemberg,112010,11.91798293,19.65813763,de-bw-08126000,49.27154614,9.614135781
Schwäbisch Hall,Landkreis,Baden-Württemberg,195861,11.43912738,18.83726199,de-bw-08127000,49.14446897,9.908932168
Main-Tauber-Kreis,Landkreis,Baden-Württemberg,132321,10.75429425,9.110779319,de-bw-08128000,49.56070071,9.725088401
Heidenheim,Landkreis,Baden-Württemberg,132472,10.22120091,5.870926941,de-bw-08135000,48.66228146,10.18215043
Ostalbkreis,Landkreis,Baden-Württemberg,314002,9.98036741,7.359730469,de-bw-08136000,48.87752597,10.09015736
Baden-Baden,Stadtkreis,Baden-Württemberg,55123,9.550057685,27.21041809,de-bw-08211000,48.74852744,8.231762203
Karlsruhe,Stadtkreis,Baden-Württemberg,313092,8.046637226,19.41854914,de-bw-08212000,49.01133399,8.41266977
Karlsruhe,Landkreis,Baden-Württemberg,444232,11.26112319,18.87634847,de-bw-08215000,49.08188493,8.562796642
Rastatt,Landkreis,Baden-Württemberg,231018,11.61121274,17.66706112,de-bw-08216000,48.76181925,8.241247569
Heidelberg,Stadtkreis,Baden-Württemberg,160355,6.159020969,16.44355487,de-bw-08221000,49.4055153,8.69417185
Mannheim,Stadtkreis,Baden-Württemberg,309370,10.67497242,9.867009867,de-bw-08222000,49.49941904,8.500324438
Neckar-Odenwald-Kreis,Landkreis,Baden-Württemberg,143535,11.79511557,10.76595714,de-bw-08225000,49.46660977,9.280110002
Rhein-Neckar-Kreis,Landkreis,Baden-Württemberg,547625,10.74082684,15.52921772,de-bw-08226000,49.36848493,8.767084426
Pforzheim,Stadtkreis,Baden-Württemberg,125542,17.65255136,18.36135945,de-bw-08231000,48.87640055,8.712779093
Calw,Landkreis,Baden-Württemberg,158397,13.39832432,9.607517385,de-bw-08235000,48.67899906,8.635769829
Enzkreis,Landkreis,Baden-Württemberg,198905,12.96530685,12.54098954,de-bw-08236000,48.91446693,8.737081203
Freudenstadt,Landkreis,Baden-Württemberg,117935,12.68352679,10.81698384,de-bw-08237000,48.47440617,8.465312971
Freiburg im Breisgau,Stadtkreis,Baden-Württemberg,230241,5.299810247,23.52831893,de-bw-08311000,47.992523,7.818075962
Breisgau-Hochschwarzwald,Landkreis,Baden-Württemberg,262795,7.577997232,20.15284909,de-bw-08315000,47.92490936,7.924940897
Emmendingen,Landkreis,Baden-Württemberg,165383,8.168060433,18.61019136,de-bw-08316000,48.14851206,7.897550382
Ortenaukreis,Landkreis,Baden-Württemberg,429479,9.999469749,17.07455168,de-bw-08317000,48.42097194,8.016219909
Rottweil,Landkreis,Baden-Württemberg,139455,11.58709221,6.872022161,de-bw-08325000,48.25422029,8.532351332
Schwarzwald-Baar-Kreis,Landkreis,Baden-Württemberg,212381,9.848750907,8.686753065,de-bw-08326000,48.01911974,8.410964353
Tuttlingen,Landkreis,Baden-Württemberg,140152,10.88034112,14.41848761,de-bw-08327000,48.01120044,8.794136176
Konstanz,Landkreis,Baden-Württemberg,285325,8.019322159,22.49044786,de-bw-08335000,47.79321279,8.915763012
Lörrach,Landkreis,Baden-Württemberg,228639,9.021644841,15.40386514,de-bw-08336000,47.70350402,7.774028828
Waldshut,Landkreis,Baden-Württemberg,170619,9.00395641,11.91045397,de-bw-08337000,47.69713347,8.218892391
Reutlingen,Landkreis,Baden-Württemberg,286748,10.73108585,11.5684393,de-bw-08415000,48.40647635,9.365726299
Tübingen,Landkreis,Baden-Württemberg,227331,7.327732595,12.5013854,de-bw-08416000,48.4817379,8.987634001
Zollernalbkreis,Landkreis,Baden-Württemberg,188935,12.61054253,7.04038558,de-bw-08417000,48.26723891,8.937428398
Ulm,Stadtkreis,Baden-Württemberg,126329,7.172939999,16.72505861,de-bw-08421000,48.39083274,9.950021135
Alb-Donau-Kreis,Landkreis,Baden-Württemberg,196047,9.921552033,12.95771375,de-bw-08425000,48.40171143,9.827447144
Biberach,Landkreis,Baden-Württemberg,199742,9.310019416,17.55725651,de-bw-08426000,48.10758263,9.774254366
Bodenseekreis,Landkreis,Baden-Württemberg,216227,8.613782436,19.30693598,de-bw-08435000,47.73346029,9.400770014
Ravensburg,Landkreis,Baden-Württemberg,284285,7.57051603,13.94554187,de-bw-08436000,47.82504412,9.779894558
Sigmaringen,Landkreis,Baden-Württemberg,130873,10.2216358,7.362776847,de-bw-08437000,48.0391515,9.241003503
Ingolstadt,Kreisfreie Stadt,Bayern,136981,10.80305927,25.70337602,de-by-09161000,48.75509278,11.39500693
München,Kreisfreie Stadt,Bayern,1471508,5.984343919,15.14443653,de-by-09162000,48.15321316,11.54724418
Rosenheim,Kreisfreie Stadt,Bayern,63324,9.47288329,14.55981941,de-by-09163000,47.84437772,12.10872475
Altötting,Landkreis,Bayern,111210,8.770866261,18.40551377,de-by-09171000,48.20980443,12.70528268
Berchtesgadener Land,Landkreis,Bayern,105722,8.77897848,21.15884675,de-by-09172000,47.6984724,12.90186609
Bad Tölz-Wolfratshausen,Landkreis,Bayern,127227,7.729443963,22.8520073,de-by-09173000,47.72747715,11.4831154
Dachau,Landkreis,Bayern,153884,8.403483732,32.28638178,de-by-09174000,48.33454826,11.35711281
Ebersberg,Landkreis,Bayern,142142,6.969481284,33.76477263,de-by-09175000,48.07617761,11.91317212
Eichstätt,Landkreis,Bayern,132341,9.678559949,19.97125087,de-by-09176000,48.89808756,11.37038733
Erding,Landkreis,Bayern,137660,9.188315291,36.00589399,de-by-09177000,48.30039708,12.0006247
Freising,Landkreis,Bayern,179116,8.296468762,27.46348162,de-by-09178000,48.44735698,11.74067169
Fürstenfeldbruck,Landkreis,Bayern,219320,7.377575775,19.92654012,de-by-09179000,48.18779329,11.20107762
Garmisch-Partenkirchen,Landkreis,Bayern,88467,8.550608856,16.52496211,de-by-09180000,47.55634898,11.12962861
Landsberg am Lech,Landkreis,Bayern,120071,7.274266928,29.4829578,de-by-09181000,48.02443538,10.94873468
Miesbach,Landkreis,Bayern,99726,7.410510441,20.42756977,de-by-09182000,47.74164533,11.80898974
Mühldorf a. Inn,Landkreis,Bayern,115250,10.27345273,24.23655594,de-by-09183000,48.23931452,12.38182802
München,Landkreis,Bayern,348871,6.690138751,29.88126576,de-by-09184000,48.0744744,11.63136804
Neuburg-Schrobenhausen,Landkreis,Bayern,96680,9.201253918,18.5570297,de-by-09185000,48.66442033,11.19721067
Pfaffenhofen a.d. Ilm,Landkreis,Bayern,127151,10.33083085,28.72053872,de-by-09186000,48.59627518,11.52428271
Rosenheim,Landkreis,Bayern,260983,8.338540695,29.43565626,de-by-09187000,47.87837975,12.16275398
Starnberg,Landkreis,Bayern,136092,6.440935404,22.53579366,de-by-09188000,48.00604698,11.28173267
Traunstein,Landkreis,Bayern,177089,7.551870352,19.3011414,de-by-09189000,47.89454276,12.57957507
Weilheim-Schongau,Landkreis,Bayern,135348,7.409728804,22.17751087,de-by-09190000,47.78753703,11.04833647
Landshut,Kreisfreie Stadt,Bayern,72404,8.883010199,30.3670186,de-by-09261000,48.54466998,12.15934165
Passau,Kreisfreie Stadt,Bayern,52469,8.138860381,18.50389815,de-by-09262000,48.5820984,13.41505042
Straubing,Kreisfreie Stadt,Bayern,47794,11.70081606,25.91380893,de-by-09263000,48.88075448,12.57347487
Deggendorf,Landkreis,Bayern,119326,11.40358344,17.20614234,de-by-09271000,48.77870212,13.0007258
Freyung-Grafenau,Landkreis,Bayern,78355,11.46369986,4.140031586,de-by-09272000,48.82685817,13.51321006
Kelheim,Landkreis,Bayern,122258,8.927931158,27.21265168,de-by-09273000,48.82494143,11.85755444
Landshut,Landkreis,Bayern,158698,9.771318307,25.67039039,de-by-09274000,48.55775541,12.19539242
Passau,Landkreis,Bayern,192043,10.57434516,16.34362425,de-by-09275000,48.55863045,13.36660359
Regen,Landkreis,Bayern,77656,13.34372987,5.992504716,de-by-09276000,49.02281441,13.09976379
Rottal-Inn,Landkreis,Bayern,120659,9.326880774,17.12658424,de-by-09277000,48.42451987,12.86735043
Straubing-Bogen,Landkreis,Bayern,100649,10.56963965,20.35865225,de-by-09278000,48.89970504,12.58240399
Dingolfing-Landau,Landkreis,Bayern,96217,11.32709507,22.75619248,de-by-09279000,48.64116462,12.61047719
Amberg,Kreisfreie Stadt,Bayern,41970,10.93564474,11.12347052,de-by-09361000,49.45092774,11.8453726
Regensburg,Kreisfreie Stadt,Bayern,152610,7.12262242,27.93613112,de-by-09362000,49.0130809,12.11373088
Weiden i.d. OPf.,Kreisfreie Stadt,Bayern,42520,10.71870762,9.809174657,de-by-09363000,49.66924961,12.15453393
Amberg-Sulzbach,Landkreis,Bayern,103109,9.556015923,8.176784655,de-by-09371000,49.48675113,11.80095321
Cham,Landkreis,Bayern,127882,12.09065219,7.644206127,de-by-09372000,49.23706516,12.69547955
Neumarkt i.d. OPf.,Landkreis,Bayern,133561,8.467249319,17.59724075,de-by-09373000,49.21596141,11.56655792
Neustadt a.d. Waldnaab,Landkreis,Bayern,94352,9.850672201,2.547862535,de-by-09374000,49.68658288,12.09825744
Regensburg,Landkreis,Bayern,193572,9.591555261,23.23467783,de-by-09375000,49.02134333,12.12116123
Schwandorf,Landkreis,Bayern,147189,11.68054397,13.28128446,de-by-09376000,49.36803336,12.25308476
Tirschenreuth,Landkreis,Bayern,72504,8.430493274,-0.3940317986,de-by-09377000,49.89938901,12.20034184
Bamberg,Kreisfreie Stadt,Bayern,77592,7.818279442,17.89670246,de-by-09461000,49.88722213,10.89893625
Bayreuth,Kreisfreie Stadt,Bayern,74657,7.509673425,14.243511,de-by-09462000,49.93774274,11.58467279
Coburg,Kreisfreie Stadt,Bayern,41249,7.599347985,4.877721343,de-by-09463000,50.26395162,10.96443866
Hof,Kreisfreie Stadt,Bayern,45930,11.71889261,2.811252578,de-by-09464000,50.31079563,11.89726317
Bamberg,Landkreis,Bayern,147086,11.30266289,14.77586946,de-by-09471000,49.89342862,10.88366378
Bayreuth,Landkreis,Bayern,103656,8.484041496,8.662212554,de-by-09472000,49.88376109,11.55515576
Coburg,Landkreis,Bayern,86906,8.911114453,7.850916534,de-by-09473000,50.26788951,10.94232605
Forchheim,Landkreis,Bayern,116099,8.605279568,12.43418234,de-by-09474000,49.72099688,11.17313196
Hof,Landkreis,Bayern,95311,10.3788938,3.283645186,de-by-09475000,50.27321205,11.81919285
Kronach,Landkreis,Bayern,67135,9.333505221,-0.7762842555,de-by-09476000,50.32796323,11.37204664
Kulmbach,Landkreis,Bayern,71845,9.542731748,6.183340795,de-by-09477000,50.10264208,11.48229914
Lichtenfels,Landkreis,Bayern,66838,9.912272183,7.072373223,de-by-09478000,50.1093305,11.11692157
Wunsiedel i. Fichtelgebirge,Landkreis,Bayern,73178,10.87253005,0.3528360875,de-by-09479000,50.09014053,12.04187211
Ansbach,Kreisfreie Stadt,Bayern,41847,10.21609809,18.7060295,de-by-09561000,49.29218466,10.56366943
Erlangen,Kreisfreie Stadt,Bayern,111962,5.913811209,8.428924272,de-by-09562000,49.58232921,10.97814496
Fürth,Kreisfreie Stadt,Bayern,127748,8.882170289,24.33497631,de-by-09563000,49.49141883,10.96548221
Nürnberg,Kreisfreie Stadt,Bayern,518365,8.801806112,13.63247142,de-by-09564000,49.43621145,11.08275534
Schwabach,Kreisfreie Stadt,Bayern,40792,8.439196374,20.05588756,de-by-09565000,49.33562051,11.02351259
Ansbach,Landkreis,Bayern,183949,8.399232153,13.3483397,de-by-09571000,49.24816458,10.46813339
Erlangen-Höchstadt,Landkreis,Bayern,136271,7.679257594,15.92454504,de-by-09572000,49.64004083,10.9148933
Fürth,Landkreis,Bayern,117387,9.365950569,23.80819793,de-by-09573000,49.44669052,10.84968649
Nürnberger Land,Landkreis,Bayern,170365,8.365001062,15.97412462,de-by-09574000,49.49190394,11.36940646
Neustadt a.d. Aisch-Bad Windsheim,Landkreis,Bayern,100364,8.013966776,17.70595313,de-by-09575000,49.56948359,10.46529167
Roth,Landkreis,Bayern,126958,8.528162392,16.65972585,de-by-09576000,49.20291709,11.12356541
Weißenburg-Gunzenhausen,Landkreis,Bayern,94393,7.613574295,9.3726107,de-by-09577000,49.03268584,10.89365914
Aschaffenburg,Kreisfreie Stadt,Bayern,70527,8.949015146,17.16718891,de-by-09661000,49.96385604,9.145811924
Schweinfurt,Kreisfreie Stadt,Bayern,54032,11.54829388,11.04915627,de-by-09662000,50.047008,10.22089195
Würzburg,Kreisfreie Stadt,Bayern,127880,5.920082099,14.24147161,de-by-09663000,49.78465542,9.940896029
Aschaffenburg,Landkreis,Bayern,174208,9.0404077,7.380211195,de-by-09671000,50.0080931,9.238037457
Bad Kissingen,Landkreis,Bayern,103218,9.061955411,8.60543441,de-by-09672000,50.22251394,9.964701108
Rhön-Grabfeld,Landkreis,Bayern,79690,7.560082763,3.373891124,de-by-09673000,50.37131275,10.25490757
Haßberge,Landkreis,Bayern,84599,9.370456528,4.886244894,de-by-09674000,50.06287893,10.60697884
Kitzingen,Landkreis,Bayern,90909,8.096490816,13.68973895,de-by-09675000,49.75322539,10.25606245
Miltenberg,Landkreis,Bayern,128756,8.209310108,5.971125925,de-by-09676000,49.75729059,9.234716588
Main-Spessart,Landkreis,Bayern,126365,7.823015608,3.680316814,de-by-09677000,49.99358223,9.662681663
Schweinfurt,Landkreis,Bayern,115106,8.847812693,7.123708793,de-by-09678000,50.01688178,10.25995031
Würzburg,Landkreis,Bayern,161834,6.935071249,9.737160183,de-by-09679000,49.73762667,9.927363415
Augsburg,Kreisfreie Stadt,Bayern,295135,8.939687239,17.76792723,de-by-09761000,48.34557086,10.88550536
Kaufbeuren,Kreisfreie Stadt,Bayern,43893,10.21826607,16.66950038,de-by-09762000,47.8799286,10.61609675
Kempten (Allgäu),Kreisfreie Stadt,Bayern,68907,9.298502009,14.12594604,de-by-09763000,47.73818425,10.30811849
Memmingen,Kreisfreie Stadt,Bayern,43837,10.01070664,15.09131046,de-by-09764000,47.97878749,10.16302768
Aichach-Friedberg,Landkreis,Bayern,133596,9.484153795,19.4640441,de-by-09771000,48.42757015,11.05275556
Augsburg,Landkreis,Bayern,251534,9.281640353,21.74235051,de-by-09772000,48.35428718,10.73208453
Dillingen a.d. Donau,Landkreis,Bayern,96021,11.2380232,15.77019131,de-by-09773000,48.5964038,10.52776417
Günzburg,Landkreis,Bayern,125747,10.90998545,12.42819198,de-by-09774000,48.35281385,10.38113121
Neu-Ulm,Landkreis,Bayern,174200,10.07974066,16.71186147,de-by-09775000,48.29822655,10.14115581
Lindau (Bodensee),Landkreis,Bayern,81669,6.630102937,18.12431169,de-by-09776000,47.60516495,9.882861365
Ostallgäu,Landkreis,Bayern,140316,7.353550864,15.35628127,de-by-09777000,47.76995906,10.63973163
Unterallgäu,Landkreis,Bayern,144041,10.0147068,19.01767726,de-by-09778000,48.03981304,10.38923276
Donau-Ries,Landkreis,Bayern,133496,8.173630392,11.11038765,de-by-09779000,48.80693204,10.7123442
Oberallgäu,Landkreis,Bayern,155362,7.14966884,14.87742056,de-by-09780000,47.57270756,10.25862291
Regionalverband Saarbrücken,Landkreis,Saarland,329708,9.245988578,3.989071189,de-sl-10041000,49.25138239,6.957296528
Merzig-Wadern,Landkreis,Saarland,103366,8.887405182,12.13366708,de-sl-10042000,49.49576456,6.680484797
Neunkirchen,Landkreis,Saarland,132206,10.64354955,2.596804856,de-sl-10043000,49.37570165,7.117203207
Saarlouis,Landkreis,Saarland,195201,9.709457456,4.223824172,de-sl-10044000,49.35534155,6.775543339
Saarpfalz-Kreis,Landkreis,Saarland,142631,11.06555787,5.419228153,de-sl-10045000,49.24869939,7.242221249
St. Wendel,Landkreis,Saarland,87397,7.957104148,4.852570041,de-sl-10046000,49.51957311,7.100433245
Berlin,Kreisfreie Stadt,Berlin,3754418,9.896593839,13.13786788,de-be-11000000,52.50153158,13.40185024
Brandenburg an der Havel,Kreisfreie Stadt,Brandenburg,72124,17.41768379,-10.59692316,de-bb-12051000,52.40271509,12.51933378
Cottbus,Kreisfreie Stadt,Brandenburg,100219,24.63257704,-16.5374244,de-bb-12052000,51.772693,14.36621885
Frankfurt (Oder),Kreisfreie Stadt,Brandenburg,57873,20.74630161,-24.10698595,de-bb-12053000,52.32476308,14.49034875
Potsdam,Kreisfreie Stadt,Brandenburg,178089,10.89642436,31.92263704,de-bb-12054000,52.42617849,13.02854917
Barnim,Landkreis,Brandenburg,182760,19.69028067,37.17856622,de-bb-12060000,52.82322798,13.70373113
Dahme-Spreewald,Landkreis,Brandenburg,169067,20.71599778,32.60651567,de-bb-12061000,52.04230693,13.81994078
Elbe-Elster,Landkreis,Brandenburg,102638,24.71174882,-11.68846697,de-bb-12062000,51.61227102,13.45958892
Havelland,Landkreis,Brandenburg,161909,17.9106415,35.94903033,de-bb-12063000,52.62082081,12.62834691
Märkisch-Oderland,Landkreis,Brandenburg,194328,21.13486402,25.3872095,de-bb-12064000,52.60672381,14.14646433
Oberhavel,Landkreis,Brandenburg,211249,18.70477986,38.30634435,de-bb-12065000,52.90683265,13.20530222
Oberspreewald-Lausitz,Landkreis,Brandenburg,110476,26.45599424,-16.93553889,de-bb-12066000,51.61630052,13.9436173
Oder-Spree,Landkreis,Brandenburg,178658,22.30374515,7.069588376,de-bb-12067000,52.24400851,14.21905943
Ostprignitz-Ruppin,Landkreis,Brandenburg,99078,18.01722947,3.136091583,de-bb-12068000,52.99142304,12.63595895
Potsdam-Mittelmark,Landkreis,Brandenburg,214664,14.70462176,44.89432998,de-bb-12069000,52.24629471,12.6891435
Prignitz,Landkreis,Brandenburg,76508,19.14488095,-13.15077695,de-bb-12070000,53.10932673,11.96182693
Spree-Neiße,Landkreis,Brandenburg,114429,30.88002478,-8.520657489,de-bb-12071000,51.75859324,14.43312857
Teltow-Fläming,Landkreis,Brandenburg,168296,19.28089438,25.42639856,de-bb-12072000,52.07318431,13.2760182
Uckermark,Landkreis,Brandenburg,119552,20.81013702,-16.23091801,de-bb-12073000,53.20590307,13.86129862
Rostock,Kreisfreie Stadt,Mecklenburg-Vorpommern,208886,12.39127163,-10.13123231,de-mv-13003000,54.14638839,12.14174712
Schwerin,Kreisfreie Stadt,Mecklenburg-Vorpommern,95818,15.76903977,-14.6706468,de-mv-13004000,53.62151005,11.41652995
Mecklenburgische Seenplatte,Landkreis,Mecklenburg-Vorpommern,259130,19.57389461,-12.2889299,de-mv-13071000,53.54369275,13.00246062
Rostock,Landkreis,Mecklenburg-Vorpommern,215113,17.20665624,10.68878692,de-mv-13072000,53.91204551,12.22083383
Vorpommern-Rügen,Landkreis,Mecklenburg-Vorpommern,224684,19.56060305,-6.546880248,de-mv-13073000,54.28420295,12.99152542
Nordwestmecklenburg,Landkreis,Mecklenburg-Vorpommern,156729,15.83125696,5.138377458,de-mv-13074000,53.82151223,11.25210947
Vorpommern-Greifswald,Landkreis,Mecklenburg-Vorpommern,236697,21.74777019,-12.8322444,de-mv-13075000,53.78951116,13.78069636
Ludwigslust-Parchim,Landkreis,Mecklenburg-Vorpommern,212618,17.12588795,2.963247855,de-mv-13076000,53.45004704,11.53414161
Chemnitz,Kreisfreie Stadt,Sachsen,247237,23.52149973,-8.540679372,de-sn-14511000,50.82630369,12.9118299
Erzgebirgskreis,Landkreis,Sachsen,337696,28.08420697,-10.14503153,de-sn-14521000,50.60889842,12.94507247
Mittelsachsen,Landkreis,Sachsen,306185,28.45129643,-6.531094947,de-sn-14522000,50.95581664,13.13750681
Vogtlandkreis,Landkreis,Sachsen,227796,23.87846512,-3.898482377,de-sn-14523000,50.45679294,12.23499962
Zwickau,Landkreis,Sachsen,317531,24.11977476,-3.760890824,de-sn-14524000,50.7507748,12.52580551
Dresden,Kreisfreie Stadt,Sachsen,554649,19.76137288,13.46958299,de-sn-14612000,51.06644429,13.78344907
Bautzen,Landkreis,Sachsen,300880,32.07104029,-10.58067148,de-sn-14625000,51.26891358,14.23100852
Görlitz,Landkreis,Sachsen,254894,32.38715251,-14.55050491,de-sn-14626000,51.22561775,14.75079681
Meißen,Landkreis,Sachsen,242165,31.04081974,-1.940525857,de-sn-14627000,51.23939775,13.48290068
Sächsische Schweiz-Osterzgebirge,Landkreis,Sachsen,245611,32.90248369,4.45228564,de-sn-14628000,50.91671794,13.87343405
Leipzig,Kreisfreie Stadt,Sachsen,587857,15.53518147,16.81772002,de-sn-14713000,51.3422386,12.37477176
Leipzig,Landkreis,Sachsen,257763,25.19245633,9.569525229,de-sn-14729000,51.22143667,12.59949087
Nordsachsen,Landkreis,Sachsen,197673,26.67941901,-2.51442256,de-st-14730000,51.47286508,12.77939676
Dessau-Roßlau,Kreisfreie Stadt,Sachsen-Anhalt,81237,20.44856359,-14.35769036,de-st-15001000,51.85373809,12.23105596
Halle (Saale),Kreisfreie Stadt,Sachsen-Anhalt,239257,16.06612449,-14.24234124,de-st-15002000,51.47980191,11.96849683
Magdeburg,Kreisfreie Stadt,Sachsen-Anhalt,238697,16.08992095,-4.424171808,de-st-15003000,52.11659764,11.64148202
Altmarkkreis Salzwedel,Landkreis,Sachsen-Anhalt,83765,17.16551145,-7.605046208,de-st-15081000,52.68004816,11.22704527
Anhalt-Bitterfeld,Landkreis,Sachsen-Anhalt,159854,22.58466029,-12.32219201,de-st-15082000,51.79544503,12.14320207
Börde,Landkreis,Sachsen-Anhalt,171734,20.41963483,5.008513991,de-st-15083000,52.2207123,11.34783843
Burgenlandkreis,Landkreis,Sachsen-Anhalt,180190,24.60689277,-8.163552453,de-st-15084000,51.14722563,11.88342243
Harz,Landkreis,Sachsen-Anhalt,214446,17.92910506,-7.785046986,de-st-15085000,51.82129589,10.95854382
Jerichower Land,Landkreis,Sachsen-Anhalt,89928,19.4096069,0.8587853152,de-st-15086000,52.26078983,12.02651884
Mansfeld-Südharz,Landkreis,Sachsen-Anhalt,136249,25.29362208,-13.74555886,de-st-15087000,51.53569018,11.35635847
Saalekreis,Landkreis,Sachsen-Anhalt,184582,24.33306575,4.94445923,de-st-15088000,51.42567108,11.86547404
Salzlandkreis,Landkreis,Sachsen-Anhalt,190560,21.65910366,-12.16206266,de-st-15089000,51.85185919,11.64272562
Stendal,Landkreis,Sachsen-Anhalt,111982,19.35419093,-15.03241778,de-st-15090000,52.69677817,11.83953435
Wittenberg,Landkreis,Sachsen-Anhalt,125840,21.82221777,-9.982262774,de-st-15091000,51.82014007,12.70158824
Erfurt,Kreisfreie Stadt,Thüringen,213699,16.81102719,2.741857177,de-th-16051000,50.98325269,11.02022481
Gera,Kreisfreie Stadt,Thüringen,94152,29.61563579,-15.03247508,de-th-16052000,50.89401708,12.08269619
Jena,Kreisfreie Stadt,Thüringen,111407,12.72689496,6.106008858,de-th-16053000,50.9242638,11.58701125
Suhl,Kreisfreie Stadt,Thüringen,34835,18.44187819,-27.14899662,de-th-16054000,50.61160285,10.68817756
Weimar,Kreisfreie Stadt,Thüringen,65090,14.00650417,12.29792304,de-th-16055000,50.97834717,11.31787228
Eisenach,Kreisfreie Stadt,Thüringen,42370,20.02998811,5.438268198,de-th-16056000,50.98967606,10.30010232
Eichsfeld,Landkreis,Thüringen,100380,18.67878071,-7.726509492,de-th-16061000,51.3836492,10.25348539
Nordhausen,Landkreis,Thüringen,83822,22.3181931,-5.010384464,de-th-16062000,51.50227798,10.73090674
Wartburgkreis,Landkreis,Thüringen,123025,22.94426641,-8.288111231,de-th-16063000,50.8858017,10.21070395
Unstrut-Hainich-Kreis,Landkreis,Thüringen,102912,23.11388951,-5.588240633,de-th-16064000,51.18523871,10.55179556
Kyffhäuserkreis,Landkreis,Thüringen,75009,23.2426055,-11.13718297,de-th-16065000,51.32476308,10.9848332
Schmalkalden-Meiningen,Landkreis,Thüringen,122347,22.25799734,-4.062357085,de-th-16066000,50.63070769,10.40504341
Gotha,Landkreis,Thüringen,135452,22.76467796,2.289604377,de-th-16067000,50.91066058,10.69376272
Sömmerda,Landkreis,Thüringen,69655,24.74434053,-5.310278724,de-th-16068000,51.15780806,11.15475118
Hildburghausen,Landkreis,Thüringen,63553,24.19039012,-3.840696756,de-th-16069000,50.43400275,10.73409041
Ilm-Kreis,Landkreis,Thüringen,108742,25.22747782,-1.415780941,de-th-16070000,50.73793376,10.96635749
Weimarer Land,Landkreis,Thüringen,81947,24.38335706,4.628458587,de-th-16071000,50.971572,11.37355327
Sonneberg,Landkreis,Thüringen,56196,26.41205146,-5.010076327,de-th-16072000,50.41463055,11.13295266
Saalfeld-Rudolstadt,Landkreis,Thüringen,106356,27.61126249,-9.317773828,de-th-16073000,50.63779796,11.30911625
Saale-Holzland-Kreis,Landkreis,Thüringen,83051,23.15297746,-0.3348239204,de-th-16074000,50.90417214,11.73153078
Saale-Orla-Kreis,Landkreis,Thüringen,80868,27.05741052,-7.541616714,de-th-16075000,50.58084802,11.71057373
Greiz,Landkreis,Thüringen,98159,25.54266395,-8.008655879,de-th-16076000,50.74845955,12.07407057
Altenburger Land,Landkreis,Thüringen,90118,27.13777714,-13.3361081,de-th-16077000,50.95642466,12.39913134
