"Kreis","Typ","Bundesland","Einwohner","Tote","Infizierte","Fälle.pro.100.000","Neuinfektionen.pro.100.000","Neuinfektionen","hc.key","lat","lon"
"null","null","null","null","null","null","null","null",1500,"null","null","null"
"Berlin","Kreisfreie Stadt","Berlin","3657463","3756","240189","6567","279.7",10230,"de-be-11000000","52.5015315807","13.4018502444"
"Flensburg","Kreisfreie Stadt","Schleswig-Holstein","89934","39","3156","3509.2","93.4",84,"de-sh-01001000","54.7849933768","9.43852835486"
"Kiel","Kreisfreie Stadt","Schleswig-Holstein","246601","117","8226","3335.8","120.8",298,"de-sh-01002000","54.3248406926","10.1322443646"
"Lübeck","Kreisfreie Stadt","Schleswig-Holstein","215846","105","7541","3493.7","104.7",226,"de-sh-01003000","53.8723167338","10.7272831058"
"Neumünster","Kreisfreie Stadt","Schleswig-Holstein","79905","25","2767","3462.9","87.6",70,"de-sh-01004000","54.0811244365","9.98448195474"
"Dithmarschen","Kreis","Schleswig-Holstein","133251","57","2954","2216.9","102.8",137,"de-sh-01051000","54.1329109614","9.10781447873"
"Herzogtum Lauenburg","Kreis","Schleswig-Holstein","199152","121","6912","3470.7","108",215,"de-sh-01053000","53.5890024203","10.6018592215"
"Nordfriesland","Kreis","Schleswig-Holstein","167147","89","3821","2286","101.7",170,"de-sh-01054000","54.6095639996","8.88688779292"
"Ostholstein","Kreis","Schleswig-Holstein","201487","88","4266","2117.3","68",137,"de-sh-01055000","54.1896490274","10.8194270205"
"Pinneberg","Kreis","Schleswig-Holstein","317085","396","13687","4316.5","92.7",294,"de-sh-01056000","53.7180840651","9.73686669973"
"Plön","Kreis","Schleswig-Holstein","129353","36","2111","1632","78.9",102,"de-sh-01057000","54.2433885939","10.3636951573"
"Rendsburg-Eckernförde","Kreis","Schleswig-Holstein","274765","66","5678","2066.5","78.6",216,"de-sh-01058000","54.2896157359","9.78174206802"
"Schleswig-Flensburg","Kreis","Schleswig-Holstein","202647","62","3813","1881.6","104.6",212,"de-sh-01059000","54.6190195643","9.48870921465"
"Segeberg","Kreis","Schleswig-Holstein","278007","177","8995","3235.5","82",228,"de-sh-01060000","53.9199857446","10.1409147199"
"Steinburg","Kreis","Schleswig-Holstein","130706","48","3096","2368.7","55.9",73,"de-sh-01061000","53.9289451889","9.51938189615"
"Stormarn","Kreis","Schleswig-Holstein","244989","324","9241","3772","110.6",271,"de-sh-01062000","53.7208005726","10.3316398811"
"Hamburg","Kreisfreie Stadt","Hamburg","1852478","1844","103336","5578.3","136.5",2529,"de-hh-02000000","53.5463773461","10.0207944156"
"Braunschweig","Kreisfreie Stadt","Niedersachsen","248561","196","8503","3420.9","107",266,"de-ni-03101000","52.275221093","10.5241080552"
"Salzgitter","Kreisfreie Stadt","Niedersachsen","103866","86","7053","6790.5","188.7",196,"de-ni-03102000","52.124474442","10.3707262339"
"Wolfsburg","Kreisfreie Stadt","Niedersachsen","123840","97","5737","4632.6","139.7",173,"de-ni-03103000","52.4107473932","10.7848707661"
"Gifhorn","Landkreis","Niedersachsen","177227","196","8359","4716.5","209.9",372,"de-ni-03151000","52.5802562309","10.6041704601"
"Goslar","Landkreis","Niedersachsen","134688","138","3513","2608.3","84.6",114,"de-ni-03153000","51.8746771574","10.400392667"
"Helmstedt","Landkreis","Niedersachsen","91518","98","3101","3388.4","94",86,"de-ni-03154000","52.2607443342","10.8888387183"
"Northeim","Landkreis","Niedersachsen","131772","65","3576","2713.8","163.2",215,"de-ni-03155000","51.7425873324","9.84800893097"
"Peine","Landkreis","Niedersachsen","135844","106","6906","5083.8","120",163,"de-ni-03157000","52.3041913284","10.2552878088"
"Wolfenbüttel","Landkreis","Niedersachsen","119361","101","3659","3065.5","98",117,"de-ni-03158000","52.1269975166","10.583953795"
"Göttingen","Landkreis","Niedersachsen","323900","287","10358","3197.9","114.2",370,"de-ni-03159000","51.4989390206","9.92623513116"
"Region Hannover","Landkreis","Niedersachsen","1155330","1110","62181","5382.1","118.6",1370,"de-ni-03241000","52.4219370696","9.71979904802"
"Diepholz","Landkreis","Niedersachsen","218072","112","8714","3995.9","100",218,"de-ni-03251000","52.7284857794","8.70179913631"
"Hameln-Pyrmont","Landkreis","Niedersachsen","148580","103","5555","3738.7","71.3",106,"de-ni-03252000","52.0951381895","9.38989545155"
"Hildesheim","Landkreis","Niedersachsen","275464","304","11425","4147.5","86.8",239,"de-ni-03254000","52.0902189983","9.94348097201"
"Holzminden","Landkreis","Niedersachsen","70207","67","2358","3358.6","95.4",67,"de-ni-03255000","51.8806325752","9.55140269027"
"Nienburg (Weser)","Landkreis","Niedersachsen","121645","165","4764","3916.3","72.3",88,"de-ni-03256000","52.6092228116","9.1143129274"
"Schaumburg","Landkreis","Niedersachsen","158406","80","6300","3977.1","164.1",260,"de-ni-03257000","52.2927923256","9.20656190484"
"Celle","Landkreis","Niedersachsen","179386","82","6444","3592.3","124.9",224,"de-ni-03351000","52.7133432321","10.1035661643"
"Cuxhaven","Landkreis","Niedersachsen","198826","181","5947","2991.1","64.9",129,"de-ni-03352000","53.6165865049","8.81238237187"
"Harburg","Landkreis","Niedersachsen","256016","123","9047","3533.8","106.2",272,"de-ni-03353000","53.3157734164","9.96273884793"
"Lüchow-Dannenberg","Landkreis","Niedersachsen","48503","27","1197","2467.9","96.9",47,"de-ni-03354000","53.0198717176","11.1229198942"
"Lüneburg","Landkreis","Niedersachsen","184235","73","5052","2742.1","67.3",124,"de-ni-03355000","53.232575345","10.5732569229"
"Osterholz","Landkreis","Niedersachsen","114640","67","3400","2965.8","80.3",92,"de-ni-03356000","53.2510067251","8.80808093198"
"Rotenburg (Wümme)","Landkreis","Niedersachsen","164486","100","5051","3070.8","102.1",168,"de-ni-03357000","53.2507583937","9.30658483814"
"Heidekreis","Landkreis","Niedersachsen","140885","111","4285","3041.5","54.7",77,"de-ni-03358000","52.9283300914","9.76941135878"
"Stade","Landkreis","Niedersachsen","205357","137","7079","3447.2","90.6",186,"de-ni-03359000","53.578976226","9.41807038986"
"Uelzen","Landkreis","Niedersachsen","92566","116","2796","3020.5","117.8",109,"de-ni-03360000","52.9836349419","10.5475810531"
"Verden","Landkreis","Niedersachsen","137574","72","5562","4042.9","138.8",191,"de-ni-03361000","52.973235647","9.17546449952"
"Delmenhorst","Kreisfreie Stadt","Niedersachsen","77503","73","4542","5860.4","183.2",142,"de-ni-03401000","53.0494043992","8.64568293102"
"Emden","Kreisfreie Stadt","Niedersachsen","49874","16","1677","3362.5","84.2",42,"de-ni-03402000","53.3606790665","7.18158411476"
"Oldenburg (Oldb)","Kreisfreie Stadt","Niedersachsen","169605","53","5829","3436.8","85.5",145,"de-ni-03403000","53.1445781697","8.22435903936"
"Osnabrück","Kreisfreie Stadt","Niedersachsen","164223","107","9182","5591.2","76.1",125,"de-ni-03404000","52.2776798178","8.04703290985"
"Wilhelmshaven","Kreisfreie Stadt","Niedersachsen","75189","58","2587","3440.7","51.9",39,"de-ni-03405000","53.5659448147","8.08620462896"
"Ammerland","Landkreis","Niedersachsen","125643","69","3949","3143","80.4",101,"de-ni-03451000","53.2184881736","8.01326226621"
"Aurich","Landkreis","Niedersachsen","190178","62","4636","2437.7","35.2",67,"de-ni-03452000","53.4964307678","7.36808958075"
"Cloppenburg","Landkreis","Niedersachsen","172632","174","14109","8172.9","308.7",533,"de-ni-03453000","52.9110290194","7.90471393786"
"Emsland","Landkreis","Niedersachsen","328930","215","16441","4998.3","143.8",473,"de-ni-03454000","52.7382970162","7.40268865164"
"Friesland","Landkreis","Niedersachsen","98971","42","2042","2063.2","51.5",51,"de-ni-03455000","53.510362974","7.98324746163"
"Grafschaft Bentheim","Landkreis","Niedersachsen","137891","129","6666","4834.3","123.3",170,"de-ni-03456000","52.4760534093","7.01985676166"
"Leer","Landkreis","Niedersachsen","171483","68","5583","3255.7","144.6",248,"de-ni-03457000","53.2435417357","7.46976164078"
"Oldenburg","Landkreis","Niedersachsen","131467","119","6116","4652.1","114.1",150,"de-ni-03458000","52.9880769073","8.38939656642"
"Osnabrück","Landkreis","Niedersachsen","359471","317","19117","5318.1","120.5",433,"de-ni-03459000","52.3816139244","8.04515734225"
"Vechta","Landkreis","Niedersachsen","143698","98","10547","7339.7","169.8",244,"de-ni-03460000","52.6602901512","8.22305794318"
"Wesermarsch","Landkreis","Niedersachsen","88524","118","3827","4323.1","80.2",71,"de-ni-03461000","53.357641762","8.38864623114"
"Wittmund","Landkreis","Niedersachsen","57384","35","1559","2716.8","40.1",23,"de-ni-03462000","53.5734137385","7.7061235505"
"Bremen","Kreisfreie Stadt","Bremen","566573","412","29300","5171.4","95",538,"de-ni-04011000","53.1195434664","8.78049374679"
"Bremerhaven","Kreisfreie Stadt","Bremen","113557","123","7169","6313.1","128.6",146,"de-hb-04012000","53.5381662933","8.58850522385"
"Düsseldorf","Kreisfreie Stadt","Nordrhein-Westfalen","620523","506","35972","5797","190.8",1184,"de-nw-05111000","51.235456959","6.81020262394"
"Duisburg","Kreisfreie Stadt","Nordrhein-Westfalen","495885","705","35914","7242.4","125.8",624,"de-nw-05112000","51.439615769","6.73469184999"
"Essen","Kreisfreie Stadt","Nordrhein-Westfalen","582415","615","33624","5773.2","135.5",789,"de-nw-05113000","51.433832766","7.01715391614"
"Krefeld","Kreisfreie Stadt","Nordrhein-Westfalen","226844","192","14970","6599.2","163.1",370,"de-nw-05114000","51.3452191428","6.57966800647"
"Mönchengladbach","Kreisfreie Stadt","Nordrhein-Westfalen","259665","246","15232","5866","155.6",404,"de-nw-05116000","51.1671935981","6.41197447381"
"Mülheim an der Ruhr","Kreisfreie Stadt","Nordrhein-Westfalen","170921","242","10489","6136.8","112.9",193,"de-nw-05117000","51.4137814936","6.878461621"
"Oberhausen","Kreisfreie Stadt","Nordrhein-Westfalen","209566","386","13534","6458.1","118.8",249,"de-nw-05119000","51.5131313527","6.84712049817"
"Remscheid","Kreisfreie Stadt","Nordrhein-Westfalen","111516","186","7645","6855.5","171.3",191,"de-nw-05120000","51.1826933037","7.22411565185"
"Solingen","Kreisfreie Stadt","Nordrhein-Westfalen","159193","209","11705","7352.7","170.2",271,"de-nw-05122000","51.1624551579","7.06606973298"
"Wuppertal","Kreisfreie Stadt","Nordrhein-Westfalen","355004","510","26804","7550.3","164.8",585,"de-nw-05124000","51.2506036112","7.16893008228"
"Kleve","Kreis","Nordrhein-Westfalen","313586","205","14303","4561.1","141.3",443,"de-nw-05154000","51.6523631313","6.25880908496"
"Mettmann","Kreis","Nordrhein-Westfalen","484322","794","31091","6419.5","144.7",701,"de-nw-05158000","51.2571043543","6.96906518309"
"Rhein-Kreis Neuss","Kreis","Nordrhein-Westfalen","452001","382","24180","5349.5","152.2",688,"de-nw-05162000","51.1435712356","6.64932316692"
"Viersen","Kreis","Nordrhein-Westfalen","298536","314","14614","4895.2","185.6",554,"de-nw-05166000","51.2828202383","6.32612051327"
"Wesel","Kreis","Nordrhein-Westfalen","460113","327","21913","4762.5","139.1",640,"de-nw-05170000","51.6270425398","6.61836262868"
"Bonn","Kreisfreie Stadt","Nordrhein-Westfalen","330579","270","18980","5741.4","126.1",417,"de-nw-05314000","50.7057346173","7.10983940994"
"Köln","Kreisfreie Stadt","Nordrhein-Westfalen","1083498","780","71833","6629.7","213.3",2311,"de-nw-05315000","50.9456668791","6.97321855167"
"Leverkusen","Kreisfreie Stadt","Nordrhein-Westfalen","163905","120","11316","6904","243.4",399,"de-nw-05316000","51.0530662603","7.01547411084"
"Städteregion Aachen","Kreis","Nordrhein-Westfalen","556631","620","33555","6028.2","177.9",990,"de-nw-05334000","50.7275046127","6.21672721805"
"Düren","Kreis","Nordrhein-Westfalen","265140","304","16839","6351","156.1",414,"de-nw-05358000","50.8178950546","6.44556160998"
"Rhein-Erft-Kreis","Kreis","Nordrhein-Westfalen","469611","436","26288","5597.8","151.8",713,"de-nw-05362000","50.9049330282","6.71649101914"
"Euskirchen","Kreis","Nordrhein-Westfalen","194359","249","10002","5146.1","154.4",300,"de-nw-05366000","50.5364731669","6.6441519123"
"Heinsberg","Kreis","Nordrhein-Westfalen","256458","399","14978","5840.3","188.3",483,"de-nw-05370000","51.0493489074","6.16411292416"
"Oberbergischer Kreis","Kreis","Nordrhein-Westfalen","271699","278","18804","6920.9","208",565,"de-nw-05374000","51.0127091971","7.51662881723"
"Rheinisch-Bergischer Kreis","Kreis","Nordrhein-Westfalen","283275","193","14237","5025.9","138",391,"de-nw-05378000","51.0230044262","7.19484653806"
"Rhein-Sieg-Kreis","Kreis","Nordrhein-Westfalen","600375","590","30700","5113.5","140.1",841,"de-nw-05382000","50.7606389137","7.23457302819"
"Bottrop","Kreisfreie Stadt","Nordrhein-Westfalen","117388","128","6918","5893.3","125.2",147,"de-nw-05512000","51.5716938262","6.9201161778"
"Gelsenkirchen","Kreisfreie Stadt","Nordrhein-Westfalen","259105","438","19863","7666","149.7",388,"de-nw-05513000","51.5539564213","7.07124023772"
"Münster","Kreisfreie Stadt","Nordrhein-Westfalen","316403","133","11121","3514.8","109.4",346,"de-nw-05515000","51.954316786","7.62364679497"
"Borken","Kreis","Nordrhein-Westfalen","371898","291","17921","4818.8","151.4",563,"de-nw-05554000","51.9613198354","6.89961561244"
"Coesfeld","Kreis","Nordrhein-Westfalen","220712","103","7052","3195.1","74.8",165,"de-nw-05558000","51.8668510417","7.36601223345"
"Recklinghausen","Kreis","Nordrhein-Westfalen","613599","1018","39300","6404.8","132.2",811,"de-nw-05562000","51.6724839158","7.15924893893"
"Steinfurt","Kreis","Nordrhein-Westfalen","448197","343","22198","4952.7","141.5",634,"de-nw-05566000","52.2115366779","7.57944671253"
"Warendorf","Kreis","Nordrhein-Westfalen","277417","268","14917","5377.1","172.7",479,"de-nw-05570000","51.8702227935","7.95829493253"
"Bielefeld","Kreisfreie Stadt","Nordrhein-Westfalen","333509","381","21413","6420.5","199.1",664,"de-nw-05711000","52.0109486234","8.54074389731"
"Gütersloh","Kreis","Nordrhein-Westfalen","364818","344","26063","7144.1","257.1",938,"de-nw-05754000","51.9317089342","8.35138605299"
"Herford","Kreis","Nordrhein-Westfalen","250547","199","14811","5911.5","166.8",418,"de-nw-05758000","52.1675778068","8.64393163854"
"Höxter","Kreis","Nordrhein-Westfalen","139729","156","6608","4729.2","147.4",206,"de-nw-05762000","51.6849407394","9.17809149846"
"Lippe","Kreis","Nordrhein-Westfalen","346970","430","23304","6716.4","193.1",670,"de-nw-05766000","51.9814226536","8.95083727251"
"Minden-Lübbecke","Kreis","Nordrhein-Westfalen","310270","312","21375","6889.2","245.6",762,"de-nw-05770000","52.3524754985","8.73934839311"
"Paderborn","Kreis","Nordrhein-Westfalen","308335","166","14074","4564.5","165.7",511,"de-nw-05774000","51.6641754561","8.7196350334"
"Bochum","Kreisfreie Stadt","Nordrhein-Westfalen","364454","281","21226","5824.1","152",554,"de-nw-05911000","51.469927372","7.22493523189"
"Dortmund","Kreisfreie Stadt","Nordrhein-Westfalen","587696","427","36836","6267.9","157.2",924,"de-nw-05913000","51.5160775711","7.47490090518"
"Hagen","Kreisfreie Stadt","Nordrhein-Westfalen","188687","343","16111","8538.5","176",332,"de-nw-05914000","51.348045073","7.49755553757"
"Hamm","Kreisfreie Stadt","Nordrhein-Westfalen","178967","220","12963","7243.2","120.7",216,"de-nw-05915000","51.6651743978","7.82358619294"
"Herne","Kreisfreie Stadt","Nordrhein-Westfalen","156940","281","11596","7388.8","144",226,"de-nw-05916000","51.5375332354","7.20855761523"
"Ennepe-Ruhr-Kreis","Kreis","Nordrhein-Westfalen","323130","387","16984","5256.1","114.2",369,"de-nw-05954000","51.3468447914","7.32402933363"
"Hochsauerlandkreis","Kreis","Nordrhein-Westfalen","259030","213","12310","4752.3","119.7",310,"de-nw-05958000","51.3068253808","8.38507986661"
"Märkischer Kreis","Kreis","Nordrhein-Westfalen","408662","441","26367","6452","115",470,"de-nw-05962000","51.2626114418","7.71300809906"
"Olpe","Kreis","Nordrhein-Westfalen","133362","173","7290","5466.3","100.5",134,"de-nw-05966000","51.0861595881","7.97647726624"
"Siegen-Wittgenstein","Kreis","Nordrhein-Westfalen","275491","193","15684","5693.1","141.6",390,"de-nw-05970000","50.9377386445","8.19517026923"
"Soest","Kreis","Nordrhein-Westfalen","301016","210","11479","3813.4","100.3",302,"de-nw-05974000","51.5644104976","8.21743743758"
"Unna","Kreis","Nordrhein-Westfalen","393618","508","22541","5726.6","129.6",510,"de-nw-05978000","51.5785745363","7.63644458507"
"Darmstadt","Kreisfreie Stadt","Hessen","159174","161","7940","4988.3","150.2",239,"de-he-06411000","49.88144614","8.66468155462"
"Frankfurt am Main","Kreisfreie Stadt","Hessen","764104","880","53513","7003.4","242.5",1853,"de-he-06412000","50.117968104","8.64419039448"
"Offenbach am Main","Kreisfreie Stadt","Hessen","130892","204","12504","9552.9","270.5",354,"de-he-06413000","50.091078767","8.78096226536"
"Wiesbaden","Kreisfreie Stadt","Hessen","278609","296","16808","6032.8","140.3",391,"de-he-06414000","50.0791566662","8.26036646911"
"Bergstraße","Landkreis","Hessen","271015","354","14531","5361.7","178.2",483,"de-he-06431000","49.6177012221","8.66011611597"
"Darmstadt-Dieburg","Landkreis","Hessen","297701","321","14290","4800.1","175.7",523,"de-he-06432000","49.8555038512","8.79546987935"
"Groß-Gerau","Landkreis","Hessen","275807","312","18587","6739.1","176.9",488,"de-he-06433000","49.9045086093","8.47025247743"
"Hochtaunuskreis","Landkreis","Hessen","237281","232","11056","4659.5","155.9",370,"de-he-06434000","50.2816152547","8.50464605826"
"Main-Kinzig-Kreis","Landkreis","Hessen","421689","664","29143","6911","214.9",906,"de-he-06435000","50.2438645181","9.28622299151"
"Main-Taunus-Kreis","Landkreis","Hessen","239264","231","11971","5003.3","147.5",353,"de-he-06436000","50.1025789147","8.43457121479"
"Odenwaldkreis","Landkreis","Hessen","96754","182","5707","5898.5","230.5",223,"de-he-06437000","49.6715861652","8.97952523934"
"Offenbach","Landkreis","Hessen","356542","581","24030","6739.7","222.1",792,"de-he-06438000","50.0216774635","8.81143914637"
"Rheingau-Taunus-Kreis","Landkreis","Hessen","187433","194","8992","4797.4","123.2",231,"de-he-06439000","50.1419717211","8.08113471294"
"Wetteraukreis","Landkreis","Hessen","310353","552","17327","5583","175.9",546,"de-he-06440000","50.3547764783","8.90765705912"
"Gießen","Landkreis","Hessen","271667","372","16945","6237.4","126.3",343,"de-he-06531000","50.5702779049","8.80751371735"
"Lahn-Dill-Kreis","Landkreis","Hessen","253373","234","14965","5906.3","157.5",399,"de-he-06532000","50.6482687297","8.36532824"
"Limburg-Weilburg","Landkreis","Hessen","172291","291","11245","6526.7","143.9",248,"de-he-06533000","50.4274703547","8.19943723806"
"Marburg-Biedenkopf","Landkreis","Hessen","245903","296","13423","5458.7","128.9",317,"de-he-06534000","50.8368638341","8.73804376785"
"Vogelsbergkreis","Landkreis","Hessen","105506","110","4960","4701.2","180.1",190,"de-he-06535000","50.6381193653","9.27137950882"
"Kassel","Kreisfreie Stadt","Hessen","201048","203","10885","5414.1","132.8",267,"de-he-06611000","51.3114548137","9.46020305009"
"Fulda","Landkreis","Hessen","223023","295","16701","7488.5","154.2",344,"de-he-06631000","50.5638809858","9.75913916517"
"Hersfeld-Rotenburg","Landkreis","Hessen","120304","194","7013","5829.4","88.1",106,"de-he-06632000","50.90618961","9.7529324059"
"Kassel","Landkreis","Hessen","237007","230","10186","4297.8","116",275,"de-he-06633000","51.4012961379","9.4070389164"
"Schwalm-Eder-Kreis","Landkreis","Hessen","179840","252","8156","4535.1","100.6",181,"de-he-06634000","51.0237758195","9.3736523386"
"Waldeck-Frankenberg","Landkreis","Hessen","156528","156","7655","4890.5","115.6",181,"de-he-06635000","51.1906875733","8.88888422026"
"Werra-Meißner-Kreis","Landkreis","Hessen","100046","165","4489","4486.9","195.9",196,"de-he-06636000","51.190756376","9.92890620729"
"Koblenz","Kreisfreie Stadt","Rheinland-Pfalz","113388","164","5721","5045.5","92.6",105,"de-rp-07111000","50.348516061","7.5795510239"
"Ahrweiler","Landkreis","Rheinland-Pfalz","130479","64","6284","4816.1","146.4",191,"de-rp-07131000","50.4675853221","7.04497643896"
"Altenkirchen (Westerwald)","Landkreis","Rheinland-Pfalz","129087","106","6338","4909.9","148",191,"de-rp-07132000","50.750747657","7.74412525976"
"Bad Kreuznach","Landkreis","Rheinland-Pfalz","158746","149","7737","4873.8","144.9",230,"de-rp-07133000","49.8248204055","7.68666499174"
"Birkenfeld","Landkreis","Rheinland-Pfalz","80830","98","4598","5688.5","191.8",155,"de-rp-07134000","49.7125403895","7.27765459793"
"Cochem-Zell","Landkreis","Rheinland-Pfalz","61578","70","2584","4196.3","209.5",129,"de-rp-07135000","50.1328800059","7.17431996528"
"Mayen-Koblenz","Landkreis","Rheinland-Pfalz","214786","187","9409","4380.6","118.3",254,"de-rp-07137000","50.3316078654","7.33216943214"
"Neuwied","Landkreis","Rheinland-Pfalz","183131","200","10515","5741.8","174.7",320,"de-rp-07138000","50.5577005458","7.46900064967"
"Rhein-Hunsrück-Kreis","Landkreis","Rheinland-Pfalz","103401","107","4993","4828.8","184.7",191,"de-rp-07140000","50.0442098205","7.50009971248"
"Rhein-Lahn-Kreis","Landkreis","Rheinland-Pfalz","122574","103","5078","4142.8","95.5",117,"de-rp-07141000","50.2632817442","7.84270993642"
"Westerwaldkreis","Landkreis","Rheinland-Pfalz","202830","172","9436","4652.2","119.8",243,"de-rp-07143000","50.5523493705","7.86568137201"
"Trier","Kreisfreie Stadt","Rheinland-Pfalz","110674","38","3718","3359.4","87.6",97,"de-rp-07211000","49.762938832","6.65505102152"
"Bernkastel-Wittlich","Landkreis","Rheinland-Pfalz","112685","67","4217","3742.3","111.8",126,"de-rp-07231000","49.924645182","6.96721862193"
"Eifelkreis Bitburg-Prüm","Landkreis","Rheinland-Pfalz","100055","34","4267","4264.7","98.9",99,"de-rp-07232000","50.0621597731","6.41012996519"
"Vulkaneifel","Landkreis","Rheinland-Pfalz","60491","62","2568","4245.3","117.4",71,"de-rp-07233000","50.2383358519","6.74865373201"
"Trier-Saarburg","Landkreis","Rheinland-Pfalz","150533","101","5789","3845.7","138.8",209,"de-rp-07235000","49.6964711338","6.69519559648"
"Frankenthal (Pfalz)","Kreisfreie Stadt","Rheinland-Pfalz","48750","56","3056","6268.7","203.1",99,"de-rp-07311000","49.5330640295","8.35688379873"
"Kaiserslautern","Kreisfreie Stadt","Rheinland-Pfalz","99662","122","4829","4845.4","106.4",106,"de-rp-07312000","49.4328526023","7.76067474783"
"Landau in der Pfalz","Kreisfreie Stadt","Rheinland-Pfalz","46685","44","2419","5181.5","297.7",139,"de-rp-07313000","49.2244938821","8.05060075998"
"Ludwigshafen am Rhein","Kreisfreie Stadt","Rheinland-Pfalz","172557","340","13804","7999.7","191.2",330,"de-rp-07314000","49.4820876658","8.39684453576"
"Mainz","Kreisfreie Stadt","Rheinland-Pfalz","217123","223","12908","5945","135.4",294,"de-rp-07315000","49.9741865223","8.24149708463"
"Neustadt an der Weinstraße","Kreisfreie Stadt","Rheinland-Pfalz","53306","44","2533","4751.8","208.2",111,"de-rp-07316000","49.3418758196","8.15228785937"
"Pirmasens","Kreisfreie Stadt","Rheinland-Pfalz","40176","59","1772","4410.6","131.9",53,"de-rp-07317000","49.1971270853","7.59436316477"
"Speyer","Kreisfreie Stadt","Rheinland-Pfalz","50741","95","3785","7459.5","159.6",81,"de-rp-07318000","49.3297181375","8.43501974938"
"Worms","Kreisfreie Stadt","Rheinland-Pfalz","83459","99","5673","6797.3","264.8",221,"de-rp-07319000","49.6494455343","8.32452863106"
"Zweibrücken","Kreisfreie Stadt","Rheinland-Pfalz","34001","9","1142","3358.7","94.1",32,"de-rp-07320000","49.2481606938","7.36539388964"
"Alzey-Worms","Landkreis","Rheinland-Pfalz","130715","143","6879","5262.6","177.5",232,"de-rp-07331000","49.759441395","8.15718502019"
"Bad Dürkheim","Landkreis","Rheinland-Pfalz","133004","162","5864","4408.9","209",278,"de-rp-07332000","49.4530205976","8.11030493729"
"Donnersbergkreis","Landkreis","Rheinland-Pfalz","75539","76","3267","4324.9","166.8",126,"de-rp-07333000","49.631983052","7.9150113274"
"Germersheim","Landkreis","Rheinland-Pfalz","129006","129","8015","6212.9","359.7",464,"de-rp-07334000","49.1159081733","8.2461937699"
"Kaiserslautern","Landkreis","Rheinland-Pfalz","106320","87","5278","4964.3","162.7",173,"de-rp-07335000","49.446222318","7.6849815727"
"Kusel","Landkreis","Rheinland-Pfalz","70105","72","2704","3857.1","109.8",77,"de-rp-07336000","49.5498108558","7.47132028218"
"Südliche Weinstraße","Landkreis","Rheinland-Pfalz","110783","121","5111","4613.5","310.5",344,"de-rp-07337000","49.1903823441","8.04807600445"
"Rhein-Pfalz-Kreis","Landkreis","Rheinland-Pfalz","154754","232","8843","5714.2","219.7",340,"de-rp-07338000","49.416649982","8.36068108599"
"Mainz-Bingen","Landkreis","Rheinland-Pfalz","211525","233","9501","4491.7","114.9",243,"de-rp-07339000","49.9220138826","8.07964875059"
"Südwestpfalz","Landkreis","Rheinland-Pfalz","94912","90","3319","3496.9","161.2",153,"de-rp-07340000","49.2082747366","7.65886718981"
"Stuttgart","Stadtkreis","Baden-Württemberg","630305","531","41807","6632.8","337.6",2128,"de-bw-08111000","48.7745339639","9.17206798796"
"Böblingen","Landkreis","Baden-Württemberg","392898","300","23416","5959.8","288.6",1134,"de-bw-08115000","48.6782256288","8.9427773012"
"Esslingen","Landkreis","Baden-Württemberg","533617","582","35135","6584.3","357.6",1908,"de-bw-08116000","48.6480216763","9.36916572775"
"Göppingen","Landkreis","Baden-Württemberg","258781","269","17573","6790.7","300.6",778,"de-bw-08117000","48.6631483606","9.71750497706"
"Ludwigsburg","Landkreis","Baden-Württemberg","544971","538","35600","6532.5","249.2",1358,"de-bw-08118000","48.940602979","9.12434425665"
"Rems-Murr-Kreis","Landkreis","Baden-Württemberg","427286","395","28571","6686.6","385.9",1649,"de-bw-08119000","48.899008131","9.50121295556"
"Heilbronn","Stadtkreis","Baden-Württemberg","126458","148","11942","9443.5","493.4",624,"de-bw-08121000","49.1527195922","9.18234690067"
"Heilbronn","Landkreis","Baden-Württemberg","346363","219","22654","6540.5","379.1",1313,"de-bw-08125000","49.177198517","9.19077872323"
"Hohenlohekreis","Landkreis","Baden-Württemberg","112765","141","7411","6572.1","338.8",382,"de-bw-08126000","49.2715461389","9.61413578119"
"Schwäbisch Hall","Landkreis","Baden-Württemberg","197860","269","14065","7108.6","373",738,"de-bw-08127000","49.1444689707","9.90893216762"
"Main-Tauber-Kreis","Landkreis","Baden-Württemberg","132684","94","6967","5250.8","373.1",495,"de-bw-08128000","49.5607007055","9.72508840096"
"Heidenheim","Landkreis","Baden-Württemberg","132812","179","9353","7042.3","513.5",682,"de-bw-08135000","48.6622814605","10.182150425"
"Ostalbkreis","Landkreis","Baden-Württemberg","314294","441","20583","6549","291.1",915,"de-bw-08136000","48.877525969","10.0901573582"
"Baden-Baden","Stadtkreis","Baden-Württemberg","55449","74","3151","5682.7","248.9",138,"de-bw-08211000","48.748527439","8.23176220313"
"Karlsruhe","Stadtkreis","Baden-Württemberg","308436","236","15277","4953.1","313.8",968,"de-bw-08212000","49.0113339856","8.41266976981"
"Karlsruhe","Landkreis","Baden-Württemberg","446852","509","26450","5919.2","348.9",1559,"de-bw-08215000","49.0818849258","8.56279664203"
"Rastatt","Landkreis","Baden-Württemberg","232091","228","13919","5997.2","358.5",832,"de-bw-08216000","48.7618192531","8.24124756893"
"Heidelberg","Stadtkreis","Baden-Württemberg","158741","66","6699","4220.1","175.1",278,"de-bw-08221000","49.4055152955","8.69417184974"
"Mannheim","Stadtkreis","Baden-Württemberg","309721","336","22312","7203.9","353.2",1094,"de-bw-08222000","49.4994190357","8.50032443773"
"Neckar-Odenwald-Kreis","Landkreis","Baden-Württemberg","143797","147","8411","5849.2","376.9",542,"de-bw-08225000","49.4666097739","9.28011000163"
"Rhein-Neckar-Kreis","Landkreis","Baden-Württemberg","548233","471","29932","5459.7","264.5",1450,"de-bw-08226000","49.3684849338","8.76708442595"
"Pforzheim","Stadtkreis","Baden-Württemberg","126016","223","11383","9033","434.9",548,"de-bw-08231000","48.8764005469","8.71277909336"
"Calw","Landkreis","Baden-Württemberg","160149","194","11198","6992.2","425.9",682,"de-bw-08235000","48.6789990614","8.6357698286"
"Enzkreis","Landkreis","Baden-Württemberg","199752","273","13406","6711.3","348.9",697,"de-bw-08236000","48.9144669267","8.73708120338"
"Freudenstadt","Landkreis","Baden-Württemberg","118364","164","7237","6114.2","310.9",368,"de-bw-08237000","48.4744061685","8.4653129709"
"Freiburg im Breisgau","Stadtkreis","Baden-Württemberg","230940","180","10999","4762.7","258.1",596,"de-bw-08311000","47.9925229956","7.81807596197"
"Breisgau-Hochschwarzwald","Landkreis","Baden-Württemberg","264867","200","11944","4509.4","260.1",689,"de-bw-08315000","47.9249093559","7.92494089685"
"Emmendingen","Landkreis","Baden-Württemberg","166862","180","8519","5105.4","219.9",367,"de-bw-08316000","48.1485120637","7.89755038202"
"Ortenaukreis","Landkreis","Baden-Württemberg","432580","611","26473","6119.8","310.7",1344,"de-bw-08317000","48.4209719355","8.01621990932"
"Rottweil","Landkreis","Baden-Württemberg","140166","175","10719","7647.4","497.3",697,"de-bw-08325000","48.254220293","8.53235133177"
"Schwarzwald-Baar-Kreis","Landkreis","Baden-Württemberg","212872","231","14460","6792.8","368.8",785,"de-bw-08326000","48.0191197382","8.41096435345"
"Tuttlingen","Landkreis","Baden-Württemberg","141682","165","10148","7162.5","356.4",505,"de-bw-08327000","48.01120044","8.7941361763"
"Konstanz","Landkreis","Baden-Württemberg","286876","310","15093","5261.2","217.2",623,"de-bw-08335000","47.7932127909","8.9157630123"
"Lörrach","Landkreis","Baden-Württemberg","228842","322","12961","5663.7","220.2",504,"de-bw-08336000","47.703504023","7.77402882816"
"Waldshut","Landkreis","Baden-Württemberg","171237","228","9583","5596.3","253.4",434,"de-bw-08337000","47.6971334745","8.21889239137"
"Reutlingen","Landkreis","Baden-Württemberg","287497","292","19098","6642.9","303.7",873,"de-bw-08415000","48.4064763532","9.36572629856"
"Tübingen","Landkreis","Baden-Württemberg","228471","192","12478","5461.5","240.3",549,"de-bw-08416000","48.481737902","8.98763400076"
"Zollernalbkreis","Landkreis","Baden-Württemberg","189862","185","12388","6524.7","330.8",628,"de-bw-08417000","48.2672389069","8.93742839835"
"Ulm","Stadtkreis","Baden-Württemberg","126405","93","8293","6560.7","344.9",436,"de-bw-08421000","48.3908327419","9.9500211353"
"Alb-Donau-Kreis","Landkreis","Baden-Württemberg","198204","183","12258","6184.5","414.7",822,"de-bw-08425000","48.4017114301","9.82744714375"
"Biberach","Landkreis","Baden-Württemberg","202250","195","13461","6655.6","651.2",1317,"de-bw-08426000","48.1075826288","9.77425436647"
"Bodenseekreis","Landkreis","Baden-Württemberg","217901","176","11708","5373.1","364.4",794,"de-bw-08435000","47.7334602866","9.40077001359"
"Ravensburg","Landkreis","Baden-Württemberg","285888","157","15970","5586.1","386.9",1106,"de-bw-08436000","47.8250441153","9.77989455833"
"Sigmaringen","Landkreis","Baden-Württemberg","130946","101","8507","6496.6","432.2",566,"de-bw-08437000","48.0391514971","9.24100350319"
"Ingolstadt","Kreisfreie Stadt","Bayern","136952","152","9358","6833.1","448.3",614,"de-by-09161000","48.7550927761","11.3950069326"
"München","Kreisfreie Stadt","Bayern","1488202","1415","101142","6796.3","124",1846,"de-by-09162000","48.1532131611","11.5472441841"
"Rosenheim","Kreisfreie Stadt","Bayern","63591","79","5960","9372.4","470.2",299,"de-by-09163000","47.8443777181","12.1087247511"
"Altötting","Landkreis","Bayern","111654","217","9101","8151.1","761.3",850,"de-by-09171000","48.2098044272","12.7052826752"
"Berchtesgadener Land","Landkreis","Bayern","106327","110","10645","10011.6","954.6",1015,"de-by-09172000","47.6984724021","12.9018660877"
"Bad Tölz-Wolfratshausen","Landkreis","Bayern","128212","102","9718","7579.6","762.8",978,"de-by-09173000","47.7274771535","11.4831153973"
"Dachau","Landkreis","Bayern","155117","154","11558","7451.1","416.5",646,"de-by-09174000","48.3345482595","11.3571128101"
"Ebersberg","Landkreis","Bayern","144091","190","9760","6773.5","687.8",991,"de-by-09175000","48.0761776106","11.9131721198"
"Eichstätt","Landkreis","Bayern","133169","105","7528","5653","467.8",623,"de-by-09176000","48.8980875603","11.3703873291"
"Erding","Landkreis","Bayern","138891","128","10508","7565.6","714.2",992,"de-by-09177000","48.3003970808","12.0006246986"
"Freising","Landkreis","Bayern","180313","147","11625","6447.1","400.4",722,"de-by-09178000","48.4473569802","11.7406716932"
"Fürstenfeldbruck","Landkreis","Bayern","218740","154","12778","5841.6","283.4",620,"de-by-09179000","48.1877932949","11.2010776242"
"Garmisch-Partenkirchen","Landkreis","Bayern","88279","91","5181","5868.9","566.4",500,"de-by-09180000","47.5563489806","11.1296286125"
"Landsberg am Lech","Landkreis","Bayern","121019","86","6030","4982.7","391.7",474,"de-by-09181000","48.0244353759","10.9487346774"
"Miesbach","Landkreis","Bayern","100183","92","8262","8246.9","1049.1",1051,"de-by-09182000","47.7416453347","11.8089897365"
"Mühldorf a. Inn","Landkreis","Bayern","116483","190","11381","9770.5","1023.3",1192,"de-by-09183000","48.2393145242","12.3818280217"
"München","Landkreis","Bayern","349685","310","21069","6025.1","348.3",1218,"de-by-09184000","48.0744744023","11.6313680405"
"Neuburg-Schrobenhausen","Landkreis","Bayern","97730","89","5971","6109.7","501.4",490,"de-by-09185000","48.6644203317","11.197210668"
"Pfaffenhofen a.d. Ilm","Landkreis","Bayern","129128","171","8045","6230.3","491.8",635,"de-by-09186000","48.5962751771","11.5242827055"
"Rosenheim","Landkreis","Bayern","261721","502","22552","8616.8","619.7",1622,"de-by-09187000","47.8783797472","12.162753976"
"Starnberg","Landkreis","Bayern","136610","129","7258","5312.9","400.4",547,"de-by-09188000","48.0060469771","11.2817326717"
"Traunstein","Landkreis","Bayern","177485","233","18490","10417.8","935.3",1660,"de-by-09189000","47.8945427587","12.5795750694"
"Weilheim-Schongau","Landkreis","Bayern","136134","90","7503","5511.5","357",486,"de-by-09190000","47.7875370323","11.0483364745"
"Landshut","Kreisfreie Stadt","Bayern","73065","123","5467","7482.4","353.1",258,"de-by-09261000","48.5446699826","12.1593416454"
"Passau","Kreisfreie Stadt","Bayern","52415","120","4367","8331.6","589.5",309,"de-by-09262000","48.5820983986","13.4150504225"
"Straubing","Kreisfreie Stadt","Bayern","47612","100","3524","7401.5","516.7",246,"de-by-09263000","48.8807544792","12.5734748714"
"Deggendorf","Landkreis","Bayern","119479","166","10127","8476","900.6",1076,"de-by-09271000","48.7787021164","13.0007258015"
"Freyung-Grafenau","Landkreis","Bayern","78355","136","7028","8969.4","975",764,"de-by-09272000","48.8268581711","13.513210064"
"Kelheim","Landkreis","Bayern","123390","116","8509","6896","502.5",620,"de-by-09273000","48.8249414287","11.857554442"
"Landshut","Landkreis","Bayern","161191","177","11636","7218.8","694.2",1119,"de-by-09274000","48.5577554134","12.1953924179"
"Passau","Landkreis","Bayern","193454","388","18045","9327.8","942.3",1823,"de-by-09275000","48.5586304532","13.3666035859"
"Regen","Landkreis","Bayern","77313","173","7790","10075.9","900.2",696,"de-by-09276000","49.0228144148","13.0997637882"
"Rottal-Inn","Landkreis","Bayern","121800","205","11540","9474.5","1156",1408,"de-by-09277000","48.4245198693","12.8673504326"
"Straubing-Bogen","Landkreis","Bayern","101745","149","8331","8188.1","631",642,"de-by-09278000","48.89970504","12.5824039909"
"Dingolfing-Landau","Landkreis","Bayern","97244","117","9226","9487.5","960.5",934,"de-by-09279000","48.641164618","12.6104771899"
"Amberg","Kreisfreie Stadt","Bayern","42052","33","2544","6049.7","180.7",76,"de-by-09361000","49.4509277374","11.8453726034"
"Regensburg","Kreisfreie Stadt","Bayern","152270","112","10780","7079.5","465.6",709,"de-by-09362000","49.0130808954","12.1137308794"
"Weiden i.d. OPf.","Kreisfreie Stadt","Bayern","42535","99","3249","7638.4","329.1",140,"de-by-09363000","49.6692496128","12.1545339322"
"Amberg-Sulzbach","Landkreis","Bayern","102998","169","6142","5963.2","239.8",247,"de-by-09371000","49.4867511317","11.8009532083"
"Cham","Landkreis","Bayern","128094","195","9991","7799.7","568.3",728,"de-by-09372000","49.2370651553","12.6954795471"
"Neumarkt i.d. OPf.","Landkreis","Bayern","135225","167","9910","7328.5","754.3",1020,"de-by-09373000","49.2159614099","11.5665579197"
"Neustadt a.d. Waldnaab","Landkreis","Bayern","94645","195","6554","6924.8","408.9",387,"de-by-09374000","49.6865828841","12.0982574415"
"Regensburg","Landkreis","Bayern","194275","212","11965","6158.8","453",880,"de-by-09375000","49.0213433263","12.1211612289"
"Schwandorf","Landkreis","Bayern","148477","179","10995","7405.2","484.3",719,"de-by-09376000","49.3680333605","12.2530847621"
"Tirschenreuth","Landkreis","Bayern","71696","266","6014","8388.2","389.1",279,"de-by-09377000","49.8993890086","12.2003418405"
"Bamberg","Kreisfreie Stadt","Bayern","76674","107","4201","5479","262.1",201,"de-by-09461000","49.8872221328","10.8989362521"
"Bayreuth","Kreisfreie Stadt","Bayern","74048","115","4234","5717.9","270.1",200,"de-by-09462000","49.9377427404","11.5846727854"
"Coburg","Kreisfreie Stadt","Bayern","40842","93","2876","7041.8","333",136,"de-by-09463000","50.2639516155","10.9644386599"
"Hof","Kreisfreie Stadt","Bayern","45173","121","4497","9955.1","278.9",126,"de-by-09464000","50.3107956285","11.8972631725"
"Bamberg","Landkreis","Bayern","147497","157","7559","5124.8","381.7",563,"de-by-09471000","49.893428617","10.8836637829"
"Bayreuth","Landkreis","Bayern","103679","167","6008","5794.8","349.2",362,"de-by-09472000","49.8837610883","11.5551557567"
"Coburg","Landkreis","Bayern","86571","165","5894","6808.3","296.9",257,"de-by-09473000","50.267889506","10.9423260473"
"Forchheim","Landkreis","Bayern","116600","121","6431","5515.4","405.7",473,"de-by-09474000","49.7209968812","11.1731319634"
"Hof","Landkreis","Bayern","94522","163","7578","8017.2","363.9",344,"de-by-09475000","50.2732120456","11.8191928507"
"Kronach","Landkreis","Bayern","66355","102","5456","8222.4","605.8",402,"de-by-09476000","50.3279632281","11.3720466405"
"Kulmbach","Landkreis","Bayern","71428","125","4875","6825.1","243.6",174,"de-by-09477000","50.1026420807","11.4822991401"
"Lichtenfels","Landkreis","Bayern","66722","88","4366","6543.6","313.2",209,"de-by-09478000","50.1093305037","11.1169215721"
"Wunsiedel i. Fichtelgebirge","Landkreis","Bayern","71974","202","5868","8152.9","422.4",304,"de-by-09479000","50.0901405328","12.0418721069"
"Ansbach","Kreisfreie Stadt","Bayern","41681","46","2491","5976.3","268.7",112,"de-by-09561000","49.2921846581","10.56366943"
"Erlangen","Kreisfreie Stadt","Bayern","112385","101","5265","4684.8","241.1",271,"de-by-09562000","49.5823292133","10.9781449629"
"Fürth","Kreisfreie Stadt","Bayern","128223","232","10158","7922.1","374.3",480,"de-by-09563000","49.4914188335","10.9654822077"
"Nürnberg","Kreisfreie Stadt","Bayern","515543","1001","45061","8740.5","358.3",1847,"de-by-09564000","49.4362114486","11.0827553426"
"Schwabach","Kreisfreie Stadt","Bayern","41056","112","2924","7122","438.4",180,"de-by-09565000","49.3356205083","11.0235125889"
"Ansbach","Landkreis","Bayern","185316","204","11377","6139.2","387.4",718,"de-by-09571000","49.2481645834","10.4681333941"
"Erlangen-Höchstadt","Landkreis","Bayern","138105","140","7220","5227.9","332.4",459,"de-by-09572000","49.6400408309","10.9148933012"
"Fürth","Landkreis","Bayern","118695","220","7102","5983.4","288.1",342,"de-by-09573000","49.4466905187","10.8496864939"
"Nürnberger Land","Landkreis","Bayern","171143","195","9564","5588.3","344.2",589,"de-by-09574000","49.4919039379","11.3694064626"
"Neustadt a.d. Aisch-Bad Windsheim","Landkreis","Bayern","101272","114","5875","5801.2","298.2",302,"de-by-09575000","49.5694835927","10.4652916664"
"Roth","Landkreis","Bayern","127168","182","7762","6103.7","464.7",591,"de-by-09576000","49.2029170864","11.1235654086"
"Weißenburg-Gunzenhausen","Landkreis","Bayern","95117","124","6142","6457.3","658.1",626,"de-by-09577000","49.0326858351","10.8936591358"
"Aschaffenburg","Kreisfreie Stadt","Bayern","70858","119","4635","6541.3","318.9",226,"de-by-09661000","49.9638560444","9.14581192433"
"Schweinfurt","Kreisfreie Stadt","Bayern","53319","102","4507","8452.9","444.5",237,"de-by-09662000","50.0470080022","10.2208919522"
"Würzburg","Kreisfreie Stadt","Bayern","126954","133","6509","5127.1","263.9",335,"de-by-09663000","49.7846554247","9.94089602932"
"Aschaffenburg","Landkreis","Bayern","174658","217","10079","5770.7","239.3",418,"de-by-09671000","50.0080931044","9.23803745665"
"Bad Kissingen","Landkreis","Bayern","103169","113","5017","4862.9","385.8",398,"de-by-09672000","50.2225139424","9.96470110779"
"Rhön-Grabfeld","Landkreis","Bayern","79510","96","4725","5942.6","376.1",299,"de-by-09673000","50.3713127519","10.2549075725"
"Haßberge","Landkreis","Bayern","84275","91","5355","6354.2","408.2",344,"de-by-09674000","50.0628789327","10.6069788351"
"Kitzingen","Landkreis","Bayern","91696","87","4493","4899.9","277",254,"de-by-09675000","49.7532253896","10.2560624461"
"Miltenberg","Landkreis","Bayern","128743","143","7792","6052.4","273.4",352,"de-by-09676000","49.7572905887","9.23471658769"
"Main-Spessart","Landkreis","Bayern","125976","218","5786","4592.9","177.8",224,"de-by-09677000","49.9935822339","9.66268166277"
"Schweinfurt","Landkreis","Bayern","115652","152","6956","6014.6","362.3",419,"de-by-09678000","50.016881784","10.2599503138"
"Würzburg","Landkreis","Bayern","162697","84","6326","3888.2","250.8",408,"de-by-09679000","49.737626672","9.92736341488"
"Augsburg","Kreisfreie Stadt","Bayern","295830","442","24725","8357.8","418.8",1239,"de-by-09761000","48.3455708649","10.885505361"
"Kaufbeuren","Kreisfreie Stadt","Bayern","44662","65","3248","7272.4","432.1",193,"de-by-09762000","47.8799285987","10.6160967463"
"Kempten (Allgäu)","Kreisfreie Stadt","Bayern","68940","45","4985","7230.9","722.4",498,"de-by-09763000","47.7381842508","10.3081184931"
"Memmingen","Kreisfreie Stadt","Bayern","44360","27","3222","7263.3","538.8",239,"de-by-09764000","47.9787874869","10.1630276762"
"Aichach-Friedberg","Landkreis","Bayern","135024","111","7593","5623.4","448.1",605,"de-by-09771000","48.4275701484","11.0527555565"
"Augsburg","Landkreis","Bayern","255900","261","16541","6463.9","529.5",1355,"de-by-09772000","48.3542871832","10.7320845344"
"Dillingen a.d. Donau","Landkreis","Bayern","97172","141","6117","6295","666.9",648,"de-by-09773000","48.5964037974","10.527764168"
"Günzburg","Landkreis","Bayern","127342","119","9896","7771.2","468",596,"de-by-09774000","48.3528138472","10.3811312115"
"Neu-Ulm","Landkreis","Bayern","175823","138","11661","6632.2","428.3",753,"de-by-09775000","48.2982265453","10.1411558091"
"Lindau (Bodensee)","Landkreis","Bayern","82085","65","4796","5842.7","422.7",347,"de-by-09776000","47.6051649499","9.88286136549"
"Ostallgäu","Landkreis","Bayern","141907","142","10795","7607.1","734.3",1042,"de-by-09777000","47.769959059","10.6397316342"
"Unterallgäu","Landkreis","Bayern","146164","182","10948","7490.2","697.2",1019,"de-by-09778000","48.0398130352","10.3892327572"
"Donau-Ries","Landkreis","Bayern","134324","178","8666","6451.6","400.5",538,"de-by-09779000","48.8069320352","10.7123441979"
"Oberallgäu","Landkreis","Bayern","156308","96","10151","6494.2","879.7",1375,"de-by-09780000","47.572707564","10.2586229074"
"Regionalverband Saarbrücken","Landkreis","Saarland","327502","489","19650","6000","135.3",443,"de-sl-10041000","49.2513823946","6.95729652837"
"Merzig-Wadern","Landkreis","Saarland","103471","68","4447","4297.8","169.1",175,"de-sl-10042000","49.4957645611","6.68048479703"
"Neunkirchen","Landkreis","Saarland","131172","131","6871","5238.2","121.2",159,"de-sl-10043000","49.3757016517","7.11720320683"
"Saarlouis","Landkreis","Saarland","193732","164","10861","5606.2","204.9",397,"de-sl-10044000","49.3553415477","6.77554333939"
"Saarpfalz-Kreis","Landkreis","Saarland","141656","116","6279","4432.6","145.4",206,"de-sl-10045000","49.2486993859","7.24222124863"
"St. Wendel","Landkreis","Saarland","86458","113","3977","4599.9","155",134,"de-sl-10046000","49.5195731082","7.1004332453"
"Brandenburg an der Havel","Kreisfreie Stadt","Brandenburg","72040","94","2919","4051.9","187.4",135,"de-bb-12051000","52.4027150878","12.5193337833"
"Cottbus","Kreisfreie Stadt","Brandenburg","98693","212","7395","7492.9","218.9",216,"de-bb-12052000","51.7726930018","14.3662188537"
"Frankfurt (Oder)","Kreisfreie Stadt","Brandenburg","57015","113","2786","4886.4","338.5",193,"de-bb-12053000","52.3247630784","14.4903487489"
"Potsdam","Kreisfreie Stadt","Brandenburg","182112","250","9272","5091.4","275.7",502,"de-bb-12054000","52.4261784936","13.0285491746"
"Barnim","Landkreis","Brandenburg","187343","254","7928","4231.8","241.3",452,"de-bb-12060000","52.8232279789","13.7037311303"
"Dahme-Spreewald","Landkreis","Brandenburg","173316","259","8994","5189.4","423.5",734,"de-bb-12061000","52.0423069298","13.8199407798"
"Elbe-Elster","Landkreis","Brandenburg","101085","252","9099","9001.3","790.4",799,"de-bb-12062000","51.6122710164","13.459588917"
"Havelland","Landkreis","Brandenburg","164693","189","8061","4894.6","257.4",424,"de-bb-12063000","52.6208208123","12.6283469145"
"Märkisch-Oderland","Landkreis","Brandenburg","197195","286","8863","4494.5","233.3",460,"de-bb-12064000","52.6067238051","14.1464643331"
"Oberhavel","Landkreis","Brandenburg","214234","318","10702","4995.5","265.6",569,"de-bb-12065000","52.9068326453","13.2053022184"
"Oberspreewald-Lausitz","Landkreis","Brandenburg","108396","264","8751","8073.2","510.2",553,"de-bb-12066000","51.6163005208","13.9436173031"
"Oder-Spree","Landkreis","Brandenburg","179276","322","10185","5681.2","343",615,"de-bb-12067000","52.244008511","14.2190594331"
"Ostprignitz-Ruppin","Landkreis","Brandenburg","98808","156","5112","5173.7","362.3",358,"de-bb-12068000","52.9914230426","12.6359589515"
"Potsdam-Mittelmark","Landkreis","Brandenburg","217954","220","10001","4588.6","253.7",553,"de-bb-12069000","52.246294705","12.6891435021"
"Prignitz","Landkreis","Brandenburg","76096","165","3970","5217.1","224.7",171,"de-bb-12070000","53.1093267277","11.9618269267"
"Spree-Neiße","Landkreis","Brandenburg","113011","227","9404","8321.3","487.6",551,"de-bb-12071000","51.7585932354","14.4331285714"
"Teltow-Fläming","Landkreis","Brandenburg","171554","216","8847","5157","315.4",541,"de-bb-12072000","52.073184313","13.276018196"
"Uckermark","Landkreis","Brandenburg","118250","171","4882","4128.5","312.9",370,"de-bb-12073000","53.2059030724","13.8612986206"
"Rostock","Kreisfreie Stadt","Mecklenburg-Vorpommern","209061","59","5418","2591.6","217.2",454,"de-mv-13003000","54.1463883937","12.1417471216"
"Schwerin","Kreisfreie Stadt","Mecklenburg-Vorpommern","95609","115","3447","3605.3","115.1",110,"de-mv-13004000","53.6215100516","11.4165299501"
"Mecklenburgische Seenplatte","Landkreis","Mecklenburg-Vorpommern","258057","167","10407","4032.8","219.3",566,"de-mv-13071000","53.5436927516","13.0024606209"
"Rostock","Landkreis","Mecklenburg-Vorpommern","217072","181","6570","3026.6","221.6",481,"de-mv-13072000","53.91204551","12.220833831"
"Vorpommern-Rügen","Landkreis","Mecklenburg-Vorpommern","225383","94","6153","2730","213",480,"de-mv-13073000","54.2842029523","12.9915254157"
"Nordwestmecklenburg","Landkreis","Mecklenburg-Vorpommern","157975","88","5316","3365.1","120.9",191,"de-mv-13074000","53.8215122283","11.2521094692"
"Vorpommern-Greifswald","Landkreis","Mecklenburg-Vorpommern","235773","296","12114","5138","163.7",386,"de-mv-13075000","53.7895111552","13.780696363"
"Ludwigslust-Parchim","Landkreis","Mecklenburg-Vorpommern","211844","273","8139","3842","0",0,"de-mv-13076000","53.4500470376","11.5341416118"
"Chemnitz","Kreisfreie Stadt","Sachsen","244401","560","20895","8549.5","444.8",1087,"de-sn-14511000","50.8263036941","12.9118299015"
"Erzgebirgskreis","Landkreis","Sachsen","331917","971","39627","11938.8","565.5",1877,"de-sn-14521000","50.6088984202","12.9450724745"
"Mittelsachsen","Landkreis","Sachsen","301474","720","31043","10297.1","561.9",1694,"de-sn-14522000","50.9558166403","13.1375068135"
"Vogtlandkreis","Landkreis","Sachsen","223905","851","21675","9680.4","527.5",1181,"de-sn-14523000","50.4567929391","12.2349996186"
"Zwickau","Landkreis","Sachsen","312033","1087","33035","10587","555.1",1732,"de-sn-14524000","50.750774796","12.5258055075"
"Dresden","Kreisfreie Stadt","Sachsen","556227","1168","42663","7670.1","476.2",2649,"de-sn-14612000","51.0664442924","13.7834490742"
"Bautzen","Landkreis","Sachsen","298010","957","35080","11771.4","823.5",2454,"de-sn-14625000","51.2689135848","14.2310085239"
"Görlitz","Landkreis","Sachsen","250558","1187","26008","10380","622.2",1559,"de-sn-14626000","51.2256177492","14.750796811"
"Meißen","Landkreis","Sachsen","240371","636","22946","9546.1","941.9",2264,"de-sn-14627000","51.239397748","13.4829006825"
"Sächsische Schweiz-Osterzgebirge","Landkreis","Sachsen","244722","1012","28498","11645.1","1031",2523,"de-sn-14628000","50.9167179421","13.8734340504"
"Leipzig","Kreisfreie Stadt","Sachsen","597493","550","29598","4953.7","321.7",1922,"de-sn-14713000","51.3422385995","12.3747717597"
"Leipzig","Landkreis","Sachsen","258386","374","19007","7356","430",1111,"de-sn-14729000","51.2214366733","12.5994908653"
"Nordsachsen","Landkreis","Sachsen","197444","411","16282","8246.4","522.7",1032,"de-st-14730000","51.4728650798","12.7793967591"
"Dessau-Roßlau","Kreisfreie Stadt","Sachsen-Anhalt","79354","125","4044","5096.2","342.8",272,"de-st-15001000","51.8537380889","12.2310559599"
"Halle (Saale)","Kreisfreie Stadt","Sachsen-Anhalt","237865","364","13750","5780.6","232.5",553,"de-st-15002000","51.4798019096","11.9684968347"
"Magdeburg","Kreisfreie Stadt","Sachsen-Anhalt","235775","169","8523","3614.9","215.5",508,"de-st-15003000","52.1165976423","11.6414820231"
"Altmarkkreis Salzwedel","Landkreis","Sachsen-Anhalt","82687","92","3933","4756.5","520",430,"de-st-15081000","52.6800481605","11.2270452746"
"Anhalt-Bitterfeld","Landkreis","Sachsen-Anhalt","157217","203","8500","5406.5","233.4",367,"de-st-15082000","51.7954450255","12.1432020671"
"Börde","Landkreis","Sachsen-Anhalt","170567","142","7328","4296.3","175.3",299,"de-st-15083000","52.2207122989","11.3478384337"
"Burgenlandkreis","Landkreis","Sachsen-Anhalt","177590","616","15680","8829.3","377.8",671,"de-st-15084000","51.1472256333","11.8834224288"
"Harz","Landkreis","Sachsen-Anhalt","210975","296","10605","5026.7","200.5",423,"de-st-15085000","51.8212958888","10.9585438222"
"Jerichower Land","Landkreis","Sachsen-Anhalt","89403","163","4078","4561.4","246.1",220,"de-st-15086000","52.2607898277","12.0265188373"
"Mansfeld-Südharz","Landkreis","Sachsen-Anhalt","133690","235","7678","5743.1","240.9",322,"de-st-15087000","51.5356901778","11.3563584729"
"Saalekreis","Landkreis","Sachsen-Anhalt","183434","367","12561","6847.7","336.9",618,"de-st-15088000","51.4256710773","11.865474038"
"Salzlandkreis","Landkreis","Sachsen-Anhalt","187457","335","11179","5963.5","284.3",533,"de-st-15089000","51.8518591913","11.6427256195"
"Stendal","Landkreis","Sachsen-Anhalt","110485","221","5678","5139.2","206.4",228,"de-st-15090000","52.6967781735","11.8395343529"
"Wittenberg","Landkreis","Sachsen-Anhalt","124185","301","8003","6444.4","345.5",429,"de-st-15091000","51.8201400674","12.7015882396"
"Erfurt","Kreisfreie Stadt","Thüringen","213692","290","13115","6137.3","470.8",1006,"de-th-16051000","50.9832526908","11.0202248069"
"Gera","Kreisfreie Stadt","Thüringen","92126","222","7360","7989.1","387.5",357,"de-th-16052000","50.8940170773","12.0826961871"
"Jena","Kreisfreie Stadt","Thüringen","110731","86","5921","5347.2","352.2",390,"de-th-16053000","50.9242638034","11.5870112529"
"Suhl","Kreisfreie Stadt","Thüringen","36395","119","2719","7470.8","447.9",163,"de-th-16054000","50.611602852","10.6881775642"
"Weimar","Kreisfreie Stadt","Thüringen","65098","111","3840","5898.8","414.8",270,"de-th-16055000","50.9783471684","11.3178722759"
"Eichsfeld","Landkreis","Thüringen","99463","253","7971","8014","389.1",387,"de-th-16061000","51.3836491981","10.2534853921"
"Nordhausen","Landkreis","Thüringen","82456","71","3731","4524.8","208.6",172,"de-th-16062000","51.5022779756","10.7309067397"
"Wartburgkreis","Landkreis","Thüringen","159937","334","13202","8254.5","458.3",733,"de-th-16063000","50.8858017017","10.2107039491"
"Unstrut-Hainich-Kreis","Landkreis","Thüringen","101698","277","8686","8541","536.9",546,"de-th-16064000","51.185238708","10.551795561"
"Kyffhäuserkreis","Landkreis","Thüringen","73522","152","5237","7123","553.6",407,"de-th-16065000","51.3247630758","10.9848331992"
"Schmalkalden-Meiningen","Landkreis","Thüringen","124241","403","12920","10399.1","602.9",749,"de-th-16066000","50.6307076864","10.4050434075"
"Gotha","Landkreis","Thüringen","134563","211","12129","9013.6","787",1059,"de-th-16067000","50.9106605802","10.6937627152"
"Sömmerda","Landkreis","Thüringen","69107","144","5217","7549.2","285.1",197,"de-th-16068000","51.1578080643","11.1547511823"
"Hildburghausen","Landkreis","Thüringen","62656","264","6833","10905.6","785.2",492,"de-th-16069000","50.4340027482","10.7340904102"
"Ilm-Kreis","Landkreis","Thüringen","105606","240","8825","8356.5","618.3",653,"de-th-16070000","50.7379337622","10.9663574908"
"Weimarer Land","Landkreis","Thüringen","82291","83","5406","6569.4","424.1",349,"de-th-16071000","50.9715719951","11.3735532667"
"Sonneberg","Landkreis","Thüringen","57044","173","5749","10078.2","920.3",525,"de-th-16072000","50.4146305494","11.1329526551"
"Saalfeld-Rudolstadt","Landkreis","Thüringen","102139","316","8347","8172.2","389.7",398,"de-th-16073000","50.637797959","11.3091162493"
"Saale-Holzland-Kreis","Landkreis","Thüringen","82816","150","6243","7538.4","445.6",369,"de-th-16074000","50.904172137","11.7315307817"
"Saale-Orla-Kreis","Landkreis","Thüringen","79632","194","7862","9872.9","501.1",399,"de-th-16075000","50.5808480206","11.7105737336"
"Greiz","Landkreis","Thüringen","96668","245","9657","9989.9","436.5",422,"de-th-16076000","50.7484595538","12.0740705739"
"Altenburger Land","Landkreis","Thüringen","88356","313","8814","9975.6","423.3",374,"de-th-16077000","50.9564246614","12.3991313423"
