...1,Typ,Bundesland,Einwohner,Tote,Infizierte,Fälle pro 100.000,hc-key...8,lat,lon,bl,inf,tot,hc-key...14
null,null,null,null,614,23478,null,null,null,null,Baden-Württemberg,2086860,14246,de-bw
null,null,null,null,760,31773,null,null,null,null,Bayern,2767775,21315,de-by
null,null,null,null,46,4446,null,null,null,null,Berlin,735479,4243,de-be
null,null,null,null,48,1867,null,null,null,null,Brandenburg,511358,5180,de-bb
null,null,null,null,11,442,null,null,null,null,Bremen,114552,680,de-hb
null,null,null,null,42,3739,null,null,null,null,Hamburg,348358,2293,de-hh
null,null,null,null,138,5815,null,null,null,null,Hessen,1062551,9176,de-he
null,null,null,null,11,600,null,null,null,null,Mecklenburg-Vorpommern,237300,1761,de-mv
null,null,null,null,190,7670,null,null,null,null,Niedersachsen,1040326,7447,de-ni
null,null,null,null,534,25651,null,null,null,null,Nordrhein-Westfalen,3043990,22213,de-nw
null,null,null,null,65,4701,null,null,null,null,Rheinland-Pfalz,570130,4990,de-rp
null,null,null,null,35,1842,null,null,null,null,Saarland,158166,1400,de-sl
null,null,null,null,64,3601,null,null,null,null,Sachsen,932847,14299,de-sn
null,null,null,null,18,1137,null,null,null,null,Sachsen-Anhalt,408719,4745,de-st
null,null,null,null,40,2084,null,null,null,null,Schleswig-Holstein,317110,2109,de-sh
null,null,null,null,25,1443,null,null,null,null,Thüringen,409586,6605,de-th
Hamburg,Kreisfreie Stadt,Hamburg,1841179,2293,348358,null,de-hh-02000000,53.5463773461,10.0207944156,null,null,null,null
Berlin,Kreisfreie Stadt,Berlin,3754418,4243,735479,null,de-be-11000000,52.5015315807,13.4018502444,null,null,null,null
Flensburg,Kreisfreie Stadt,Schleswig-Holstein,89934,57,12729,1383,de-sh-01001000,54.7849933768,9.43852835486,null,null,null,null
Kiel,Kreisfreie Stadt,Schleswig-Holstein,246601,157,28169,805,de-sh-01002000,54.3248406926,10.1322443646,null,null,null,null
Lübeck,Kreisfreie Stadt,Schleswig-Holstein,215846,126,27629,790,de-sh-01003000,53.8723167338,10.7272831058,null,null,null,null
Neumünster,Kreisfreie Stadt,Schleswig-Holstein,79905,49,10554,1279,de-sh-01004000,54.0811244365,9.98448195474,null,null,null,null
Dithmarschen,Kreis,Schleswig-Holstein,133251,79,12547,922,de-sh-01051000,54.1329109614,9.10781447873,null,null,null,null
Herzogtum Lauenburg,Kreis,Schleswig-Holstein,199152,144,24353,795,de-sh-01053000,53.5890024203,10.6018592215,null,null,null,null
Nordfriesland,Kreis,Schleswig-Holstein,167147,105,16976,1356,de-sh-01054000,54.6095639996,8.88688779292,null,null,null,null
Ostholstein,Kreis,Schleswig-Holstein,201487,104,17186,809,de-sh-01055000,54.1896490274,10.8194270205,null,null,null,null
Pinneberg,Kreis,Schleswig-Holstein,317085,438,41471,577,de-sh-01056000,53.7180840651,9.73686669973,null,null,null,null
Plön,Kreis,Schleswig-Holstein,129353,44,9122,660,de-sh-01057000,54.2433885939,10.3636951573,null,null,null,null
Rendsburg-Eckernförde,Kreis,Schleswig-Holstein,274765,84,24856,976,de-sh-01058000,54.2896157359,9.78174206802,null,null,null,null
Schleswig-Flensburg,Kreis,Schleswig-Holstein,202647,88,18891,1189,de-sh-01059000,54.6190195643,9.48870921465,null,null,null,null
Segeberg,Kreis,Schleswig-Holstein,278007,231,34005,775,de-sh-01060000,53.9199857446,10.1409147199,null,null,null,null
Steinburg,Kreis,Schleswig-Holstein,130706,61,11614,940,de-sh-01061000,53.9289451889,9.51938189615,null,null,null,null
Stormarn,Kreis,Schleswig-Holstein,244989,349,31929,696,de-sh-01062000,53.7208005726,10.3316398811,null,null,null,null
Braunschweig,Kreisfreie Stadt,Niedersachsen,248561,228,29238,1163,de-ni-03101000,52.275221093,10.5241080552,null,null,null,null
Salzgitter,Kreisfreie Stadt,Niedersachsen,103866,131,19710,1469,de-ni-03102000,52.124474442,10.3707262339,null,null,null,null
Wolfsburg,Kreisfreie Stadt,Niedersachsen,123840,133,19688,2016,de-ni-03103000,52.4107473932,10.7848707661,null,null,null,null
Gifhorn,Landkreis,Niedersachsen,177227,265,24945,1438,de-ni-03151000,52.5802562309,10.6041704601,null,null,null,null
Goslar,Landkreis,Niedersachsen,134688,161,16034,1319,de-ni-03153000,51.8746771574,10.400392667,null,null,null,null
Helmstedt,Landkreis,Niedersachsen,91518,121,10953,1031,de-ni-03154000,52.2607443342,10.8888387183,null,null,null,null
Northeim,Landkreis,Niedersachsen,131772,93,13531,1855,de-ni-03155000,51.7425873324,9.84800893097,null,null,null,null
Peine,Landkreis,Niedersachsen,135844,125,19141,1224,de-ni-03157000,52.3041913284,10.2552878088,null,null,null,null
Wolfenbüttel,Landkreis,Niedersachsen,119361,112,12870,1160,de-ni-03158000,52.1269975166,10.583953795,null,null,null,null
Göttingen,Landkreis,Niedersachsen,323900,340,28620,1083,de-ni-03152000,51.4989390206,9.92623513116,null,null,null,null
Region Hannover,Landkreis,Niedersachsen,1155330,1309,182873,1344,de-ni-03241000,52.4219370696,9.71979904802,null,null,null,null
Diepholz,Landkreis,Niedersachsen,218072,124,28395,957,de-ni-03251000,52.7284857794,8.70179913631,null,null,null,null
Hameln-Pyrmont,Landkreis,Niedersachsen,148580,118,19714,1451,de-ni-03252000,52.0951381895,9.38989545155,null,null,null,null
Hildesheim,Landkreis,Niedersachsen,275464,356,34524,1304,de-ni-03254000,52.0902189983,9.94348097201,null,null,null,null
Holzminden,Landkreis,Niedersachsen,70207,85,7849,1196,de-ni-03255000,51.8806325752,9.55140269027,null,null,null,null
Nienburg (Weser),Landkreis,Niedersachsen,121645,180,15178,1195,de-ni-03256000,52.6092228116,9.1143129274,null,null,null,null
Schaumburg,Landkreis,Niedersachsen,158406,130,19646,1206,de-ni-03257000,52.2927923256,9.20656190484,null,null,null,null
Celle,Landkreis,Niedersachsen,179386,113,23091,1077,de-ni-03351000,52.7133432321,10.1035661643,null,null,null,null
Cuxhaven,Landkreis,Niedersachsen,198826,208,21556,1118,de-ni-03352000,53.6165865049,8.81238237187,null,null,null,null
Harburg,Landkreis,Niedersachsen,256016,157,33290,843,de-ni-03353000,53.3157734164,9.96273884793,null,null,null,null
Lüchow-Dannenberg,Landkreis,Niedersachsen,48503,30,4549,1060,de-ni-03354000,53.0198717176,11.1229198942,null,null,null,null
Lüneburg,Landkreis,Niedersachsen,184235,87,20362,781,de-ni-03355000,53.232575345,10.5732569229,null,null,null,null
Osterholz,Landkreis,Niedersachsen,114640,72,12834,681,de-ni-03356000,53.2510067251,8.80808093198,null,null,null,null
Rotenburg (Wümme),Landkreis,Niedersachsen,164486,119,17592,807,de-ni-03357000,53.2507583937,9.30658483814,null,null,null,null
Heidekreis,Landkreis,Niedersachsen,140885,127,15064,982,de-ni-03358000,52.9283300914,9.76941135878,null,null,null,null
Stade,Landkreis,Niedersachsen,205357,173,23279,746,de-ni-03359000,53.578976226,9.41807038986,null,null,null,null
Uelzen,Landkreis,Niedersachsen,92566,135,8895,966,de-ni-03360000,52.9836349419,10.5475810531,null,null,null,null
Verden,Landkreis,Niedersachsen,137574,129,19761,819,de-ni-03361000,52.973235647,9.17546449952,null,null,null,null
Delmenhorst,Kreisfreie Stadt,Niedersachsen,77503,83,12864,733,de-ni-03401000,53.0494043992,8.64568293102,null,null,null,null
Emden,Kreisfreie Stadt,Niedersachsen,49874,25,6301,1377,de-ni-03402000,53.3606790665,7.18158411476,null,null,null,null
Oldenburg (Oldb),Kreisfreie Stadt,Niedersachsen,169605,57,19445,659,de-ni-03403000,53.1445781697,8.22435903936,null,null,null,null
Osnabrück,Kreisfreie Stadt,Niedersachsen,164223,122,25290,1192,de-ni-03404000,52.2776798178,8.04703290985,null,null,null,null
Wilhelmshaven,Kreisfreie Stadt,Niedersachsen,75189,74,8476,563,de-ni-03405000,53.5659448147,8.08620462896,null,null,null,null
Ammerland,Landkreis,Niedersachsen,125643,84,12215,799,de-ni-03451000,53.2184881736,8.01326226621,null,null,null,null
Aurich,Landkreis,Niedersachsen,190178,91,18040,1114,de-ni-03452000,53.4964307678,7.36808958075,null,null,null,null
Cloppenburg,Landkreis,Niedersachsen,172632,210,32784,1301,de-ni-03453000,52.9110290194,7.90471393786,null,null,null,null
Emsland,Landkreis,Niedersachsen,328930,268,49381,1409,de-ni-03454000,52.7382970162,7.40268865164,null,null,null,null
Friesland,Landkreis,Niedersachsen,98971,51,8021,815,de-ni-03455000,53.510362974,7.98324746163,null,null,null,null
Grafschaft Bentheim,Landkreis,Niedersachsen,137891,149,20524,1469,de-ni-03456000,52.4760534093,7.01985676166,null,null,null,null
Leer,Landkreis,Niedersachsen,171483,93,18918,1154,de-ni-03457000,53.2435417357,7.46976164078,null,null,null,null
Oldenburg,Landkreis,Niedersachsen,131467,133,17129,761,de-ni-03458000,52.9880769073,8.38939656642,null,null,null,null
Osnabrück,Landkreis,Niedersachsen,359471,377,55973,1250,de-ni-03459000,52.3816139244,8.04515734225,null,null,null,null
Vechta,Landkreis,Niedersachsen,143698,102,26794,679,de-ni-03460000,52.6602901512,8.22305794318,null,null,null,null
Wesermarsch,Landkreis,Niedersachsen,88524,138,10993,616,de-ni-03461000,53.357641762,8.38864623114,null,null,null,null
Wittmund,Landkreis,Niedersachsen,57384,47,4204,727,de-ni-03462000,53.5734137385,7.7061235505,null,null,null,null
Bremen,Kreisfreie Stadt,Bremen,566573,529,94204,653,de-ni-04011000,53.1195434664,8.78049374679,null,null,null,null
Bremerhaven,Kreisfreie Stadt,Bremen,113557,152,21145,1004,de-hb-04012000,53.5381662933,8.58850522385,null,null,null,null
Düsseldorf,Kreisfreie Stadt,Nordrhein-Westfalen,620523,723,119031,867,de-nw-05111000,51.235456959,6.81020262394,null,null,null,null
Duisburg,Kreisfreie Stadt,Nordrhein-Westfalen,495885,848,83423,601,de-nw-05112000,51.439615769,6.73469184999,null,null,null,null
Essen,Kreisfreie Stadt,Nordrhein-Westfalen,582415,728,93328,762,de-nw-05113000,51.433832766,7.01715391614,null,null,null,null
Krefeld,Kreisfreie Stadt,Nordrhein-Westfalen,226844,238,41217,795,de-nw-05114000,51.3452191428,6.57966800647,null,null,null,null
Mönchengladbach,Kreisfreie Stadt,Nordrhein-Westfalen,259665,293,41025,813,de-nw-05116000,51.1671935981,6.41197447381,null,null,null,null
Mülheim an der Ruhr,Kreisfreie Stadt,Nordrhein-Westfalen,170921,301,28634,639,de-nw-05117000,51.4137814936,6.878461621,null,null,null,null
Oberhausen,Kreisfreie Stadt,Nordrhein-Westfalen,209566,432,34662,587,de-nw-05119000,51.5131313527,6.84712049817,null,null,null,null
Remscheid,Kreisfreie Stadt,Nordrhein-Westfalen,111516,237,23428,1098,de-nw-05120000,51.1826933037,7.22411565185,null,null,null,null
Solingen,Kreisfreie Stadt,Nordrhein-Westfalen,159193,266,35240,1250,de-nw-05122000,51.1624551579,7.06606973298,null,null,null,null
Wuppertal,Kreisfreie Stadt,Nordrhein-Westfalen,355004,578,72204,1026,de-nw-05124000,51.2506036112,7.16893008228,null,null,null,null
Kleve,Kreis,Nordrhein-Westfalen,313586,289,43511,776,de-nw-05154000,51.6523631313,6.25880908496,null,null,null,null
Mettmann,Kreis,Nordrhein-Westfalen,484322,919,88935,1670,de-nw-05158000,51.2571043543,6.96906518309,null,null,null,null
Rhein-Kreis Neuss,Kreis,Nordrhein-Westfalen,452001,469,72330,1274,de-nw-05162000,51.1435712356,6.64932316692,null,null,null,null
Viersen,Kreis,Nordrhein-Westfalen,298536,366,44954,917,de-nw-05166000,51.2828202383,6.32612051327,null,null,null,null
Wesel,Kreis,Nordrhein-Westfalen,460113,384,70891,899,de-nw-05170000,51.6270425398,6.61836262868,null,null,null,null
Bonn,Kreisfreie Stadt,Nordrhein-Westfalen,330579,342,56422,943,de-nw-05314000,50.7057346173,7.10983940994,null,null,null,null
Köln,Kreisfreie Stadt,Nordrhein-Westfalen,1083498,975,214243,936,de-nw-05315000,50.9456668791,6.97321855167,null,null,null,null
Leverkusen,Kreisfreie Stadt,Nordrhein-Westfalen,163905,151,30118,1287,de-nw-05316000,51.0530662603,7.01547411084,null,null,null,null
Städteregion Aachen,Kreis,Nordrhein-Westfalen,556631,733,98395,772,de-nw-05334000,50.7275046127,6.21672721805,null,null,null,null
Düren,Kreis,Nordrhein-Westfalen,265140,369,46087,1135,de-nw-05358000,50.8178950546,6.44556160998,null,null,null,null
Rhein-Erft-Kreis,Kreis,Nordrhein-Westfalen,469611,500,80822,784,de-nw-05362000,50.9049330282,6.71649101914,null,null,null,null
Euskirchen,Kreis,Nordrhein-Westfalen,194359,283,31437,1132,de-nw-05366000,50.5364731669,6.6441519123,null,null,null,null
Heinsberg,Kreis,Nordrhein-Westfalen,256458,464,38228,728,de-nw-05370000,51.0493489074,6.16411292416,null,null,null,null
Oberbergischer Kreis,Kreis,Nordrhein-Westfalen,271699,374,53082,1160,de-nw-05374000,51.0127091971,7.51662881723,null,null,null,null
Rheinisch-Bergischer Kreis,Kreis,Nordrhein-Westfalen,283275,214,44931,920,de-nw-05378000,51.0230044262,7.19484653806,null,null,null,null
Rhein-Sieg-Kreis,Kreis,Nordrhein-Westfalen,600375,672,92163,884,de-nw-05382000,50.7606389137,7.23457302819,null,null,null,null
Bottrop,Kreisfreie Stadt,Nordrhein-Westfalen,117388,158,19709,666,de-nw-05512000,51.5716938262,6.9201161778,null,null,null,null
Gelsenkirchen,Kreisfreie Stadt,Nordrhein-Westfalen,259105,527,48450,761,de-nw-05513000,51.5539564213,7.07124023772,null,null,null,null
Münster,Kreisfreie Stadt,Nordrhein-Westfalen,316403,178,40632,1052,de-nw-05515000,51.954316786,7.62364679497,null,null,null,null
Borken,Kreis,Nordrhein-Westfalen,371898,355,68473,1573,de-nw-05554000,51.9613198354,6.89961561244,null,null,null,null
Coesfeld,Kreis,Nordrhein-Westfalen,220712,119,28319,1264,de-nw-05558000,51.8668510417,7.36601223345,null,null,null,null
Recklinghausen,Kreis,Nordrhein-Westfalen,613599,1169,102763,1101,de-nw-05562000,51.6724839158,7.15924893893,null,null,null,null
Steinfurt,Kreis,Nordrhein-Westfalen,448197,414,67105,1311,de-nw-05566000,52.2115366779,7.57944671253,null,null,null,null
Warendorf,Kreis,Nordrhein-Westfalen,277417,325,45335,1222,de-nw-05570000,51.8702227935,7.95829493253,null,null,null,null
Bielefeld,Kreisfreie Stadt,Nordrhein-Westfalen,333509,476,57611,1182,de-nw-05711000,52.0109486234,8.54074389731,null,null,null,null
Gütersloh,Kreis,Nordrhein-Westfalen,364818,421,72513,1367,de-nw-05754000,51.9317089342,8.35138605299,null,null,null,null
Herford,Kreis,Nordrhein-Westfalen,250547,268,43523,1162,de-nw-05758000,52.1675778068,8.64393163854,null,null,null,null
Höxter,Kreis,Nordrhein-Westfalen,139729,178,19084,1323,de-nw-05762000,51.6849407394,9.17809149846,null,null,null,null
Lippe,Kreis,Nordrhein-Westfalen,346970,512,59138,1203,de-nw-05766000,51.9814226536,8.95083727251,null,null,null,null
Minden-Lübbecke,Kreis,Nordrhein-Westfalen,310270,395,61208,1908,de-nw-05770000,52.3524754985,8.73934839311,null,null,null,null
Paderborn,Kreis,Nordrhein-Westfalen,308335,204,43940,1213,de-nw-05774000,51.6641754561,8.7196350334,null,null,null,null
Bochum,Kreisfreie Stadt,Nordrhein-Westfalen,364454,364,56787,895,de-nw-05911000,51.469927372,7.22493523189,null,null,null,null
Dortmund,Kreisfreie Stadt,Nordrhein-Westfalen,587696,492,105775,834,de-nw-05913000,51.5160775711,7.47490090518,null,null,null,null
Hagen,Kreisfreie Stadt,Nordrhein-Westfalen,188687,407,38127,815,de-nw-05914000,51.348045073,7.49755553757,null,null,null,null
Hamm,Kreisfreie Stadt,Nordrhein-Westfalen,178967,261,34982,1133,de-nw-05915000,51.6651743978,7.82358619294,null,null,null,null
Herne,Kreisfreie Stadt,Nordrhein-Westfalen,156940,333,30951,886,de-nw-05916000,51.5375332354,7.20855761523,null,null,null,null
Ennepe-Ruhr-Kreis,Kreis,Nordrhein-Westfalen,323130,463,48898,726,de-nw-05954000,51.3468447914,7.32402933363,null,null,null,null
Hochsauerlandkreis,Kreis,Nordrhein-Westfalen,259030,249,41677,1281,de-nw-05958000,51.3068253808,8.38507986661,null,null,null,null
Märkischer Kreis,Kreis,Nordrhein-Westfalen,408662,558,79196,1102,de-nw-05962000,51.2626114418,7.71300809906,null,null,null,null
Olpe,Kreis,Nordrhein-Westfalen,133362,189,20645,1150,de-nw-05966000,51.0861595881,7.97647726624,null,null,null,null
Siegen-Wittgenstein,Kreis,Nordrhein-Westfalen,275491,244,46078,1339,de-nw-05970000,50.9377386445,8.19517026923,null,null,null,null
Soest,Kreis,Nordrhein-Westfalen,301016,271,44295,1201,de-nw-05974000,51.5644104976,8.21743743758,null,null,null,null
Unna,Kreis,Nordrhein-Westfalen,393618,594,62874,789,de-nw-05978000,51.5785745363,7.63644458507,null,null,null,null
Darmstadt,Kreisfreie Stadt,Hessen,159174,182,26285,785,de-he-06411000,49.88144614,8.66468155462,null,null,null,null
Frankfurt am Main,Kreisfreie Stadt,Hessen,764104,1128,154969,677,de-he-06412000,50.117968104,8.64419039448,null,null,null,null
Offenbach am Main,Kreisfreie Stadt,Hessen,130892,249,31210,878,de-he-06413000,50.091078767,8.78096226536,null,null,null,null
Wiesbaden,Kreisfreie Stadt,Hessen,278609,352,53259,962,de-he-06414000,50.0791566662,8.26036646911,null,null,null,null
Bergstraße,Landkreis,Hessen,271015,413,45980,1688,de-he-06431000,49.6177012221,8.66011611597,null,null,null,null
Darmstadt-Dieburg,Landkreis,Hessen,297701,385,45223,865,de-he-06432000,49.8555038512,8.79546987935,null,null,null,null
Groß-Gerau,Landkreis,Hessen,275807,348,48920,642,de-he-06433000,49.9045086093,8.47025247743,null,null,null,null
Hochtaunuskreis,Landkreis,Hessen,237281,252,33829,848,de-he-06434000,50.2816152547,8.50464605826,null,null,null,null
Main-Kinzig-Kreis,Landkreis,Hessen,421689,774,79804,1118,de-he-06435000,50.2438645181,9.28622299151,null,null,null,null
Main-Taunus-Kreis,Landkreis,Hessen,239264,280,38187,746,de-he-06436000,50.1025789147,8.43457121479,null,null,null,null
Odenwaldkreis,Landkreis,Hessen,96754,211,16752,956,de-he-06437000,49.6715861652,8.97952523934,null,null,null,null
Offenbach,Landkreis,Hessen,356542,668,66657,886,de-he-06438000,50.0216774635,8.81143914637,null,null,null,null
Rheingau-Taunus-Kreis,Landkreis,Hessen,187433,208,28693,946,de-he-06439000,50.1419717211,8.08113471294,null,null,null,null
Wetteraukreis,Landkreis,Hessen,310353,595,48821,842,de-he-06440000,50.3547764783,8.90765705912,null,null,null,null
Gießen,Landkreis,Hessen,271667,401,45283,1103,de-he-06531000,50.5702779049,8.80751371735,null,null,null,null
Lahn-Dill-Kreis,Landkreis,Hessen,253373,274,40963,1111,de-he-06532000,50.6482687297,8.36532824,null,null,null,null
Limburg-Weilburg,Landkreis,Hessen,172291,318,27555,1057,de-he-06533000,50.4274703547,8.19943723806,null,null,null,null
Marburg-Biedenkopf,Landkreis,Hessen,245903,320,35905,836,de-he-06534000,50.8368638341,8.73804376785,null,null,null,null
Vogelsbergkreis,Landkreis,Hessen,105506,122,14735,908,de-he-06535000,50.6381193653,9.27137950882,null,null,null,null
Kassel,Kreisfreie Stadt,Hessen,201048,235,32987,829,de-he-06611000,51.3114548137,9.46020305009,null,null,null,null
Fulda,Landkreis,Hessen,223023,358,45723,1082,de-he-06631000,50.5638809858,9.75913916517,null,null,null,null
Hersfeld-Rotenburg,Landkreis,Hessen,120304,215,17926,740,de-he-06632000,50.90618961,9.7529324059,null,null,null,null
Kassel,Landkreis,Hessen,237007,255,31492,897,de-he-06633000,51.4012961379,9.4070389164,null,null,null,null
Schwalm-Eder-Kreis,Landkreis,Hessen,179840,274,22666,821,de-he-06634000,51.0237758195,9.3736523386,null,null,null,null
Waldeck-Frankenberg,Landkreis,Hessen,156528,178,22666,1135,de-he-06635000,51.1906875733,8.88888422026,null,null,null,null
Werra-Meißner-Kreis,Landkreis,Hessen,100046,195,12183,838,de-he-06636000,51.190756376,9.92890620729,null,null,null,null
Koblenz,Kreisfreie Stadt,Rheinland-Pfalz,113388,180,16264,563,de-rp-07111000,50.348516061,7.5795510239,null,null,null,null
Ahrweiler,Landkreis,Rheinland-Pfalz,130479,84,16152,814,de-rp-07131000,50.4675853221,7.04497643896,null,null,null,null
Altenkirchen (Westerwald),Landkreis,Rheinland-Pfalz,129087,120,16901,918,de-rp-07132000,50.750747657,7.74412525976,null,null,null,null
Bad Kreuznach,Landkreis,Rheinland-Pfalz,158746,160,22747,773,de-rp-07133000,49.8248204055,7.68666499174,null,null,null,null
Birkenfeld,Landkreis,Rheinland-Pfalz,80830,124,11445,695,de-rp-07134000,49.7125403895,7.27765459793,null,null,null,null
Cochem-Zell,Landkreis,Rheinland-Pfalz,61578,87,7322,877,de-rp-07135000,50.1328800059,7.17431996528,null,null,null,null
Mayen-Koblenz,Landkreis,Rheinland-Pfalz,214786,214,26609,572,de-rp-07137000,50.3316078654,7.33216943214,null,null,null,null
Neuwied,Landkreis,Rheinland-Pfalz,183131,230,25639,634,de-rp-07138000,50.5577005458,7.46900064967,null,null,null,null
Rhein-Hunsrück-Kreis,Landkreis,Rheinland-Pfalz,103401,122,13692,788,de-rp-07140000,50.0442098205,7.50009971248,null,null,null,null
Rhein-Lahn-Kreis,Landkreis,Rheinland-Pfalz,122574,115,15077,668,de-rp-07141000,50.2632817442,7.84270993642,null,null,null,null
Westerwaldkreis,Landkreis,Rheinland-Pfalz,202830,211,26304,906,de-rp-07143000,50.5523493705,7.86568137201,null,null,null,null
Trier,Kreisfreie Stadt,Rheinland-Pfalz,110674,53,14173,857,de-rp-07211000,49.762938832,6.65505102152,null,null,null,null
Bernkastel-Wittlich,Landkreis,Rheinland-Pfalz,112685,89,13220,911,de-rp-07231000,49.924645182,6.96721862193,null,null,null,null
Eifelkreis Bitburg-Prüm,Landkreis,Rheinland-Pfalz,100055,49,12404,743,de-rp-07232000,50.0621597731,6.41012996519,null,null,null,null
Vulkaneifel,Landkreis,Rheinland-Pfalz,60491,74,6739,913,de-rp-07233000,50.2383358519,6.74865373201,null,null,null,null
Trier-Saarburg,Landkreis,Rheinland-Pfalz,150533,126,19068,990,de-rp-07235000,49.6964711338,6.69519559648,null,null,null,null
Frankenthal (Pfalz),Kreisfreie Stadt,Rheinland-Pfalz,48750,77,8232,685,de-rp-07311000,49.5330640295,8.35688379873,null,null,null,null
Kaiserslautern,Kreisfreie Stadt,Rheinland-Pfalz,99662,169,15636,731,de-rp-07312000,49.4328526023,7.76067474783,null,null,null,null
Landau in der Pfalz,Kreisfreie Stadt,Rheinland-Pfalz,46685,59,6717,632,de-rp-07313000,49.2244938821,8.05060075998,null,null,null,null
Ludwigshafen am Rhein,Kreisfreie Stadt,Rheinland-Pfalz,172557,386,32475,581,de-rp-07314000,49.4820876658,8.39684453576,null,null,null,null
Mainz,Kreisfreie Stadt,Rheinland-Pfalz,217123,247,34833,800,de-rp-07315000,49.9741865223,8.24149708463,null,null,null,null
Neustadt an der Weinstraße,Kreisfreie Stadt,Rheinland-Pfalz,53306,54,8123,1099,de-rp-07316000,49.3418758196,8.15228785937,null,null,null,null
Pirmasens,Kreisfreie Stadt,Rheinland-Pfalz,40176,75,5251,968,de-rp-07317000,49.1971270853,7.59436316477,null,null,null,null
Speyer,Kreisfreie Stadt,Rheinland-Pfalz,50741,108,9570,564,de-rp-07318000,49.3297181375,8.43501974938,null,null,null,null
Worms,Kreisfreie Stadt,Rheinland-Pfalz,83459,123,15505,943,de-rp-07319000,49.6494455343,8.32452863106,null,null,null,null
Zweibrücken,Kreisfreie Stadt,Rheinland-Pfalz,34001,14,4407,1000,de-rp-07320000,49.2481606938,7.36539388964,null,null,null,null
Alzey-Worms,Landkreis,Rheinland-Pfalz,130715,168,18043,829,de-rp-07331000,49.759441395,8.15718502019,null,null,null,null
Bad Dürkheim,Landkreis,Rheinland-Pfalz,133004,198,16443,892,de-rp-07332000,49.4530205976,8.11030493729,null,null,null,null
Donnersbergkreis,Landkreis,Rheinland-Pfalz,75539,94,9401,935,de-rp-07333000,49.631983052,7.9150113274,null,null,null,null
Germersheim,Landkreis,Rheinland-Pfalz,129006,190,23396,1134,de-rp-07334000,49.1159081733,8.2461937699,null,null,null,null
Kaiserslautern,Landkreis,Rheinland-Pfalz,106320,114,17252,1040,de-rp-07335000,49.446222318,7.6849815727,null,null,null,null
Kusel,Landkreis,Rheinland-Pfalz,70105,89,7496,655,de-rp-07336000,49.5498108558,7.47132028218,null,null,null,null
Südliche Weinstraße,Landkreis,Rheinland-Pfalz,110783,143,14541,584,de-rp-07337000,49.1903823441,8.04807600445,null,null,null,null
Rhein-Pfalz-Kreis,Landkreis,Rheinland-Pfalz,154754,265,23803,574,de-rp-07338000,49.416649982,8.36068108599,null,null,null,null
Mainz-Bingen,Landkreis,Rheinland-Pfalz,211525,271,28192,693,de-rp-07339000,49.9220138826,8.07964875059,null,null,null,null
Südwestpfalz,Landkreis,Rheinland-Pfalz,94912,113,10875,944,de-rp-07340000,49.2082747366,7.65886718981,null,null,null,null
Stuttgart,Stadtkreis,Baden-Württemberg,630305,635,107762,1473,de-bw-08111000,48.7745339639,9.17206798796,null,null,null,null
Böblingen,Landkreis,Baden-Württemberg,392898,424,71901,983,de-bw-08115000,48.6782256288,8.9427773012,null,null,null,null
Esslingen,Landkreis,Baden-Württemberg,533617,735,101220,1207,de-bw-08116000,48.6480216763,9.36916572775,null,null,null,null
Göppingen,Landkreis,Baden-Württemberg,258781,361,51958,1315,de-bw-08117000,48.6631483606,9.71750497706,null,null,null,null
Ludwigsburg,Landkreis,Baden-Württemberg,544971,665,96612,840,de-bw-08118000,48.940602979,9.12434425665,null,null,null,null
Rems-Murr-Kreis,Landkreis,Baden-Württemberg,427286,524,79455,1394,de-bw-08119000,48.899008131,9.50121295556,null,null,null,null
Heilbronn,Stadtkreis,Baden-Württemberg,126458,226,29983,1185,de-bw-08121000,49.1527195922,9.18234690067,null,null,null,null
Heilbronn,Landkreis,Baden-Württemberg,346363,306,70060,1475,de-bw-08125000,49.177198517,9.19077872323,null,null,null,null
Hohenlohekreis,Landkreis,Baden-Württemberg,112765,162,22341,1617,de-bw-08126000,49.2715461389,9.61413578119,null,null,null,null
Schwäbisch Hall,Landkreis,Baden-Württemberg,197860,314,40315,1475,de-bw-08127000,49.1444689707,9.90893216762,null,null,null,null
Main-Tauber-Kreis,Landkreis,Baden-Württemberg,132684,147,23433,1676,de-bw-08128000,49.5607007055,9.72508840096,null,null,null,null
Heidenheim,Landkreis,Baden-Württemberg,132812,256,29312,1422,de-bw-08135000,48.6622814605,10.182150425,null,null,null,null
Ostalbkreis,Landkreis,Baden-Württemberg,314294,522,62767,1641,de-bw-08136000,48.877525969,10.0901573582,null,null,null,null
Baden-Baden,Stadtkreis,Baden-Württemberg,55449,90,9637,1035,de-bw-08211000,48.748527439,8.23176220313,null,null,null,null
Karlsruhe,Stadtkreis,Baden-Württemberg,308436,310,48799,1131,de-bw-08212000,49.0113339856,8.41266976981,null,null,null,null
Karlsruhe,Landkreis,Baden-Württemberg,446852,603,77435,1261,de-bw-08215000,49.0818849258,8.56279664203,null,null,null,null
Rastatt,Landkreis,Baden-Württemberg,232091,323,43941,1277,de-bw-08216000,48.7618192531,8.24124756893,null,null,null,null
Heidelberg,Stadtkreis,Baden-Württemberg,158741,88,22287,1723,de-bw-08221000,49.4055152955,8.69417184974,null,null,null,null
Mannheim,Stadtkreis,Baden-Württemberg,309721,441,58039,1882,de-bw-08222000,49.4994190357,8.50032443773,null,null,null,null
Neckar-Odenwald-Kreis,Landkreis,Baden-Württemberg,143797,189,25389,1757,de-bw-08225000,49.4666097739,9.28011000163,null,null,null,null
Rhein-Neckar-Kreis,Landkreis,Baden-Württemberg,548233,584,90108,1925,de-bw-08226000,49.3684849338,8.76708442595,null,null,null,null
Pforzheim,Stadtkreis,Baden-Württemberg,126016,306,29548,1522,de-bw-08231000,48.8764005469,8.71277909336,null,null,null,null
Calw,Landkreis,Baden-Württemberg,160149,248,32737,1435,de-bw-08235000,48.6789990614,8.6357698286,null,null,null,null
Enzkreis,Landkreis,Baden-Württemberg,199752,322,37042,1501,de-bw-08236000,48.9144669267,8.73708120338,null,null,null,null
Freudenstadt,Landkreis,Baden-Württemberg,118364,203,23462,1742,de-bw-08237000,48.4744061685,8.4653129709,null,null,null,null
Freiburg im Breisgau,Stadtkreis,Baden-Württemberg,230940,224,41643,992,de-bw-08311000,47.9925229956,7.81807596197,null,null,null,null
Breisgau-Hochschwarzwald,Landkreis,Baden-Württemberg,264867,270,44912,1099,de-bw-08315000,47.9249093559,7.92494089685,null,null,null,null
Emmendingen,Landkreis,Baden-Württemberg,166862,209,29686,1122,de-bw-08316000,48.1485120637,7.89755038202,null,null,null,null
Ortenaukreis,Landkreis,Baden-Württemberg,432580,729,90286,1337,de-bw-08317000,48.4209719355,8.01621990932,null,null,null,null
Rottweil,Landkreis,Baden-Württemberg,140166,256,32544,1518,de-bw-08325000,48.254220293,8.53235133177,null,null,null,null
Schwarzwald-Baar-Kreis,Landkreis,Baden-Württemberg,212872,320,47007,1837,de-bw-08326000,48.0191197382,8.41096435345,null,null,null,null
Tuttlingen,Landkreis,Baden-Württemberg,141682,228,32312,1825,de-bw-08327000,48.01120044,8.7941361763,null,null,null,null
Konstanz,Landkreis,Baden-Württemberg,286876,386,51751,1025,de-bw-08335000,47.7932127909,8.9157630123,null,null,null,null
Lörrach,Landkreis,Baden-Württemberg,228842,378,44218,1085,de-bw-08336000,47.703504023,7.77402882816,null,null,null,null
Waldshut,Landkreis,Baden-Württemberg,171237,276,31227,1016,de-bw-08337000,47.6971334745,8.21889239137,null,null,null,null
Reutlingen,Landkreis,Baden-Württemberg,287497,390,58719,1208,de-bw-08415000,48.4064763532,9.36572629856,null,null,null,null
Tübingen,Landkreis,Baden-Württemberg,228471,230,39205,1243,de-bw-08416000,48.481737902,8.98763400076,null,null,null,null
Zollernalbkreis,Landkreis,Baden-Württemberg,189862,214,40629,1672,de-bw-08417000,48.2672389069,8.93742839835,null,null,null,null
Ulm,Stadtkreis,Baden-Württemberg,126405,106,27420,1695,de-bw-08421000,48.3908327419,9.9500211353,null,null,null,null
Alb-Donau-Kreis,Landkreis,Baden-Württemberg,198204,215,40035,1731,de-bw-08425000,48.4017114301,9.82744714375,null,null,null,null
Biberach,Landkreis,Baden-Württemberg,202250,261,43598,1805,de-bw-08426000,48.1075826288,9.77425436647,null,null,null,null
Bodenseekreis,Landkreis,Baden-Württemberg,217901,257,42128,1464,de-bw-08435000,47.7334602866,9.40077001359,null,null,null,null
Ravensburg,Landkreis,Baden-Württemberg,285888,205,57064,1667,de-bw-08436000,47.8250441153,9.77989455833,null,null,null,null
Sigmaringen,Landkreis,Baden-Württemberg,130946,140,27660,2015,de-bw-08437000,48.0391514971,9.24100350319,null,null,null,null
Ingolstadt,Kreisfreie Stadt,Bayern,136952,217,32908,1686,de-by-09161000,48.7550927761,11.3950069326,null,null,null,null
München,Kreisfreie Stadt,Bayern,1488202,1807,325946,1228,de-by-09162000,48.1532131611,11.5472441841,null,null,null,null
Rosenheim,Kreisfreie Stadt,Bayern,63591,116,16769,1316,de-by-09163000,47.8443777181,12.1087247511,null,null,null,null
Altötting,Landkreis,Bayern,111654,302,25750,1609,de-by-09171000,48.2098044272,12.7052826752,null,null,null,null
Berchtesgadener Land,Landkreis,Bayern,106327,172,28590,1778,de-by-09172000,47.6984724021,12.9018660877,null,null,null,null
Bad Tölz-Wolfratshausen,Landkreis,Bayern,128212,167,30731,1724,de-by-09173000,47.7274771535,11.4831153973,null,null,null,null
Dachau,Landkreis,Bayern,155117,204,36934,1530,de-by-09174000,48.3345482595,11.3571128101,null,null,null,null
Ebersberg,Landkreis,Bayern,144091,245,30444,1467,de-by-09175000,48.0761776106,11.9131721198,null,null,null,null
Eichstätt,Landkreis,Bayern,133169,134,28197,2035,de-by-09176000,48.8980875603,11.3703873291,null,null,null,null
Erding,Landkreis,Bayern,138891,159,33615,1725,de-by-09177000,48.3003970808,12.0006246986,null,null,null,null
Freising,Landkreis,Bayern,180313,200,38318,1358,de-by-09178000,48.4473569802,11.7406716932,null,null,null,null
Fürstenfeldbruck,Landkreis,Bayern,218740,209,44235,1283,de-by-09179000,48.1877932949,11.2010776242,null,null,null,null
Garmisch-Partenkirchen,Landkreis,Bayern,88279,126,17689,1868,de-by-09180000,47.5563489806,11.1296286125,null,null,null,null
Landsberg am Lech,Landkreis,Bayern,121019,122,23733,1615,de-by-09181000,48.0244353759,10.9487346774,null,null,null,null
Miesbach,Landkreis,Bayern,100183,158,22504,1667,de-by-09182000,47.7416453347,11.8089897365,null,null,null,null
Mühldorf a. Inn,Landkreis,Bayern,116483,275,30751,1785,de-by-09183000,48.2393145242,12.3818280217,null,null,null,null
München,Landkreis,Bayern,349685,340,68725,1101,de-by-09184000,48.0744744023,11.6313680405,null,null,null,null
Neuburg-Schrobenhausen,Landkreis,Bayern,97730,114,22982,2087,de-by-09185000,48.6644203317,11.197210668,null,null,null,null
Pfaffenhofen a.d. Ilm,Landkreis,Bayern,129128,210,27429,2189,de-by-09186000,48.5962751771,11.5242827055,null,null,null,null
Rosenheim,Landkreis,Bayern,261721,679,67547,1665,de-by-09187000,47.8783797472,12.162753976,null,null,null,null
Starnberg,Landkreis,Bayern,136610,155,25472,1147,de-by-09188000,48.0060469771,11.2817326717,null,null,null,null
Traunstein,Landkreis,Bayern,177485,325,46631,1205,de-by-09189000,47.8945427587,12.5795750694,null,null,null,null
Weilheim-Schongau,Landkreis,Bayern,136134,164,28177,1476,de-by-09190000,47.7875370323,11.0483364745,null,null,null,null
Landshut,Kreisfreie Stadt,Bayern,73065,147,15963,1923,de-by-09261000,48.5446699826,12.1593416454,null,null,null,null
Passau,Kreisfreie Stadt,Bayern,52415,142,10456,1719,de-by-09262000,48.5820983986,13.4150504225,null,null,null,null
Straubing,Kreisfreie Stadt,Bayern,47612,113,9653,1691,de-by-09263000,48.8807544792,12.5734748714,null,null,null,null
Deggendorf,Landkreis,Bayern,119479,248,28594,2255,de-by-09271000,48.7787021164,13.0007258015,null,null,null,null
Freyung-Grafenau,Landkreis,Bayern,78355,194,20388,2925,de-by-09272000,48.8268581711,13.513210064,null,null,null,null
Kelheim,Landkreis,Bayern,123390,148,26511,2218,de-by-09273000,48.8249414287,11.857554442,null,null,null,null
Landshut,Landkreis,Bayern,161191,255,35772,2205,de-by-09274000,48.5577554134,12.1953924179,null,null,null,null
Passau,Landkreis,Bayern,193454,540,45002,2329,de-by-09275000,48.5586304532,13.3666035859,null,null,null,null
Regen,Landkreis,Bayern,77313,234,21336,2743,de-by-09276000,49.0228144148,13.0997637882,null,null,null,null
Rottal-Inn,Landkreis,Bayern,121800,316,30690,2099,de-by-09277000,48.4245198693,12.8673504326,null,null,null,null
Straubing-Bogen,Landkreis,Bayern,101745,176,23364,2359,de-by-09278000,48.89970504,12.5824039909,null,null,null,null
Dingolfing-Landau,Landkreis,Bayern,97244,187,23490,1977,de-by-09279000,48.641164618,12.6104771899,null,null,null,null
Amberg,Kreisfreie Stadt,Bayern,42052,51,8171,1417,de-by-09361000,49.4509277374,11.8453726034,null,null,null,null
Regensburg,Kreisfreie Stadt,Bayern,152270,140,32332,2216,de-by-09362000,49.0130808954,12.1137308794,null,null,null,null
Weiden i.d. OPf.,Kreisfreie Stadt,Bayern,42535,107,8697,1949,de-by-09363000,49.6692496128,12.1545339322,null,null,null,null
Amberg-Sulzbach,Landkreis,Bayern,102998,205,18725,1335,de-by-09371000,49.4867511317,11.8009532083,null,null,null,null
Cham,Landkreis,Bayern,128094,254,28287,2305,de-by-09372000,49.2370651553,12.6954795471,null,null,null,null
Neumarkt i.d. OPf.,Landkreis,Bayern,135225,219,28735,1605,de-by-09373000,49.2159614099,11.5665579197,null,null,null,null
Neustadt a.d. Waldnaab,Landkreis,Bayern,94645,217,19897,1822,de-by-09374000,49.6865828841,12.0982574415,null,null,null,null
Regensburg,Landkreis,Bayern,194275,230,40952,3030,de-by-09375000,49.0213433263,12.1211612289,null,null,null,null
Schwandorf,Landkreis,Bayern,148477,253,32112,2198,de-by-09376000,49.3680333605,12.2530847621,null,null,null,null
Tirschenreuth,Landkreis,Bayern,71696,288,15990,1887,de-by-09377000,49.8993890086,12.2003418405,null,null,null,null
Bamberg,Kreisfreie Stadt,Bayern,76674,135,12545,1369,de-by-09461000,49.8872221328,10.8989362521,null,null,null,null
Bayreuth,Kreisfreie Stadt,Bayern,74048,146,13470,1322,de-by-09462000,49.9377427404,11.5846727854,null,null,null,null
Coburg,Kreisfreie Stadt,Bayern,40842,109,7432,1883,de-by-09463000,50.2639516155,10.9644386599,null,null,null,null
Hof,Kreisfreie Stadt,Bayern,45173,145,9427,1986,de-by-09464000,50.3107956285,11.8972631725,null,null,null,null
Bamberg,Landkreis,Bayern,147497,209,29069,1818,de-by-09471000,49.893428617,10.8836637829,null,null,null,null
Bayreuth,Landkreis,Bayern,103679,198,18006,1442,de-by-09472000,49.8837610883,11.5551557567,null,null,null,null
Coburg,Landkreis,Bayern,86571,194,15572,1881,de-by-09473000,50.267889506,10.9423260473,null,null,null,null
Forchheim,Landkreis,Bayern,116600,156,20772,1794,de-by-09474000,49.7209968812,11.1731319634,null,null,null,null
Hof,Landkreis,Bayern,94522,214,17032,1683,de-by-09475000,50.2732120456,11.8191928507,null,null,null,null
Kronach,Landkreis,Bayern,66355,153,13855,2181,de-by-09476000,50.3279632281,11.3720466405,null,null,null,null
Kulmbach,Landkreis,Bayern,71428,135,12273,1567,de-by-09477000,50.1026420807,11.4822991401,null,null,null,null
Lichtenfels,Landkreis,Bayern,66722,131,13741,2140,de-by-09478000,50.1093305037,11.1169215721,null,null,null,null
Wunsiedel i. Fichtelgebirge,Landkreis,Bayern,71974,224,14015,1949,de-by-09479000,50.0901405328,12.0418721069,null,null,null,null
Ansbach,Kreisfreie Stadt,Bayern,41681,59,8333,2231,de-by-09561000,49.2921846581,10.56366943,null,null,null,null
Erlangen,Kreisfreie Stadt,Bayern,112385,120,16648,1201,de-by-09562000,49.5823292133,10.9781449629,null,null,null,null
Fürth,Kreisfreie Stadt,Bayern,128223,294,28181,1457,de-by-09563000,49.4914188335,10.9654822077,null,null,null,null
Nürnberg,Kreisfreie Stadt,Bayern,515543,1166,116712,1637,de-by-09564000,49.4362114486,11.0827553426,null,null,null,null
Schwabach,Kreisfreie Stadt,Bayern,41056,125,8452,1425,de-by-09565000,49.3356205083,11.0235125889,null,null,null,null
Ansbach,Landkreis,Bayern,185316,245,36647,1998,de-by-09571000,49.2481645834,10.4681333941,null,null,null,null
Erlangen-Höchstadt,Landkreis,Bayern,138105,169,23128,1489,de-by-09572000,49.6400408309,10.9148933012,null,null,null,null
Fürth,Landkreis,Bayern,118695,262,22278,1614,de-by-09573000,49.4466905187,10.8496864939,null,null,null,null
Nürnberger Land,Landkreis,Bayern,171143,239,29147,1521,de-by-09574000,49.4919039379,11.3694064626,null,null,null,null
Neustadt a.d. Aisch-Bad Windsheim,Landkreis,Bayern,101272,131,14854,484,de-by-09575000,49.5694835927,10.4652916664,null,null,null,null
Roth,Landkreis,Bayern,127168,211,25271,1635,de-by-09576000,49.2029170864,11.1235654086,null,null,null,null
Weißenburg-Gunzenhausen,Landkreis,Bayern,95117,160,19468,1961,de-by-09577000,49.0326858351,10.8936591358,null,null,null,null
Aschaffenburg,Kreisfreie Stadt,Bayern,70858,145,13670,1441,de-by-09661000,49.9638560444,9.14581192433,null,null,null,null
Schweinfurt,Kreisfreie Stadt,Bayern,53319,128,12534,1011,de-by-09662000,50.0470080022,10.2208919522,null,null,null,null
Würzburg,Kreisfreie Stadt,Bayern,126954,156,26630,1978,de-by-09663000,49.7846554247,9.94089602932,null,null,null,null
Aschaffenburg,Landkreis,Bayern,174658,254,30186,1395,de-by-09671000,50.0080931044,9.23803745665,null,null,null,null
Bad Kissingen,Landkreis,Bayern,103169,164,19085,1539,de-by-09672000,50.2225139424,9.96470110779,null,null,null,null
Rhön-Grabfeld,Landkreis,Bayern,79510,128,17118,2139,de-by-09673000,50.3713127519,10.2549075725,null,null,null,null
Haßberge,Landkreis,Bayern,84275,126,17405,1984,de-by-09674000,50.0628789327,10.6069788351,null,null,null,null
Kitzingen,Landkreis,Bayern,91696,114,16337,1977,de-by-09675000,49.7532253896,10.2560624461,null,null,null,null
Miltenberg,Landkreis,Bayern,128743,192,25261,1787,de-by-09676000,49.7572905887,9.23471658769,null,null,null,null
Main-Spessart,Landkreis,Bayern,125976,236,18440,1437,de-by-09677000,49.9935822339,9.66268166277,null,null,null,null
Schweinfurt,Landkreis,Bayern,115652,189,22689,1181,de-by-09678000,50.016881784,10.2599503138,null,null,null,null
Würzburg,Landkreis,Bayern,162697,112,27648,1884,de-by-09679000,49.737626672,9.92736341488,null,null,null,null
Augsburg,Kreisfreie Stadt,Bayern,295830,588,69162,1381,de-by-09761000,48.3455708649,10.885505361,null,null,null,null
Kaufbeuren,Kreisfreie Stadt,Bayern,44662,96,9640,1664,de-by-09762000,47.8799285987,10.6160967463,null,null,null,null
Kempten (Allgäu),Kreisfreie Stadt,Bayern,68940,77,15042,1741,de-by-09763000,47.7381842508,10.3081184931,null,null,null,null
Memmingen,Kreisfreie Stadt,Bayern,44360,34,9748,1734,de-by-09764000,47.9787874869,10.1630276762,null,null,null,null
Aichach-Friedberg,Landkreis,Bayern,135024,154,28625,2248,de-by-09771000,48.4275701484,11.0527555565,null,null,null,null
Augsburg,Landkreis,Bayern,255900,370,53810,1728,de-by-09772000,48.3542871832,10.7320845344,null,null,null,null
Dillingen a.d. Donau,Landkreis,Bayern,97172,184,20745,2082,de-by-09773000,48.5964037974,10.527764168,null,null,null,null
Günzburg,Landkreis,Bayern,127342,177,31071,1568,de-by-09774000,48.3528138472,10.3811312115,null,null,null,null
Neu-Ulm,Landkreis,Bayern,175823,215,36268,1675,de-by-09775000,48.2982265453,10.1411558091,null,null,null,null
Lindau (Bodensee),Landkreis,Bayern,82085,79,16794,1860,de-by-09776000,47.6051649499,9.88286136549,null,null,null,null
Ostallgäu,Landkreis,Bayern,141907,229,32815,1622,de-by-09777000,47.769959059,10.6397316342,null,null,null,null
Unterallgäu,Landkreis,Bayern,146164,243,34875,1797,de-by-09778000,48.0398130352,10.3892327572,null,null,null,null
Donau-Ries,Landkreis,Bayern,134324,230,29769,1991,de-by-09779000,48.8069320352,10.7123441979,null,null,null,null
Oberallgäu,Landkreis,Bayern,156308,157,31555,1908,de-by-09780000,47.572707564,10.2586229074,null,null,null,null
Regionalverband Saarbrücken,Landkreis,Saarland,327502,618,56232,1078,de-sl-10041000,49.2513823946,6.95729652837,null,null,null,null
Merzig-Wadern,Landkreis,Saarland,103471,100,16284,1220,de-sl-10042000,49.4957645611,6.68048479703,null,null,null,null
Neunkirchen,Landkreis,Saarland,131172,178,19819,1411,de-sl-10043000,49.3757016517,7.11720320683,null,null,null,null
Saarlouis,Landkreis,Saarland,193732,210,33920,1362,de-sl-10044000,49.3553415477,6.77554333939,null,null,null,null
Saarpfalz-Kreis,Landkreis,Saarland,141656,164,21207,1219,de-sl-10045000,49.2486993859,7.24222124863,null,null,null,null
St. Wendel,Landkreis,Saarland,86458,133,11715,1177,de-sl-10046000,49.5195731082,7.1004332453,null,null,null,null
Brandenburg an der Havel,Kreisfreie Stadt,Brandenburg,72040,138,11626,1900,de-bb-12051000,52.4027150878,12.5193337833,null,null,null,null
Cottbus,Kreisfreie Stadt,Brandenburg,98693,276,23407,2091,de-bb-12052000,51.7726930018,14.3662188537,null,null,null,null
Frankfurt (Oder),Kreisfreie Stadt,Brandenburg,57015,171,11317,1714,de-bb-12053000,52.3247630784,14.4903487489,null,null,null,null
Potsdam,Kreisfreie Stadt,Brandenburg,182112,266,34850,1153,de-bb-12054000,52.4261784936,13.0285491746,null,null,null,null
Barnim,Landkreis,Brandenburg,187343,336,35907,725,de-bb-12060000,52.8232279789,13.7037311303,null,null,null,null
Dahme-Spreewald,Landkreis,Brandenburg,173316,351,35599,1536,de-bb-12061000,52.0423069298,13.8199407798,null,null,null,null
Elbe-Elster,Landkreis,Brandenburg,101085,366,24089,1961,de-bb-12062000,51.6122710164,13.459588917,null,null,null,null
Havelland,Landkreis,Brandenburg,164693,244,29914,958,de-bb-12063000,52.6208208123,12.6283469145,null,null,null,null
Märkisch-Oderland,Landkreis,Brandenburg,197195,368,39848,1388,de-bb-12064000,52.6067238051,14.1464643331,null,null,null,null
Oberhavel,Landkreis,Brandenburg,214234,376,40613,1257,de-bb-12065000,52.9068326453,13.2053022184,null,null,null,null
Oberspreewald-Lausitz,Landkreis,Brandenburg,108396,369,27166,1184,de-bb-12066000,51.6163005208,13.9436173031,null,null,null,null
Oder-Spree,Landkreis,Brandenburg,179276,422,39548,1472,de-bb-12067000,52.244008511,14.2190594331,null,null,null,null
Ostprignitz-Ruppin,Landkreis,Brandenburg,98808,187,18701,1815,de-bb-12068000,52.9914230426,12.6359589515,null,null,null,null
Potsdam-Mittelmark,Landkreis,Brandenburg,217954,270,42020,1422,de-bb-12069000,52.246294705,12.6891435021,null,null,null,null
Prignitz,Landkreis,Brandenburg,76096,221,16243,2452,de-bb-12070000,53.1093267277,11.9618269267,null,null,null,null
Spree-Neiße,Landkreis,Brandenburg,113011,313,26810,1559,de-bb-12071000,51.7585932354,14.4331285714,null,null,null,null
Teltow-Fläming,Landkreis,Brandenburg,171554,278,36307,1303,de-bb-12072000,52.073184313,13.276018196,null,null,null,null
Uckermark,Landkreis,Brandenburg,118250,231,23884,1697,de-bb-12073000,53.2059030724,13.8612986206,null,null,null,null
Rostock,Kreisfreie Stadt,Mecklenburg-Vorpommern,209061,108,28891,1720,de-mv-13003000,54.1463883937,12.1417471216,null,null,null,null
Schwerin,Kreisfreie Stadt,Mecklenburg-Vorpommern,95609,136,14235,1480,de-mv-13004000,53.6215100516,11.4165299501,null,null,null,null
Mecklenburgische Seenplatte,Landkreis,Mecklenburg-Vorpommern,258057,203,35859,1087,de-mv-13071000,53.5436927516,13.0024606209,null,null,null,null
Rostock,Landkreis,Mecklenburg-Vorpommern,217072,260,33013,1741,de-mv-13072000,53.91204551,12.220833831,null,null,null,null
Vorpommern-Rügen,Landkreis,Mecklenburg-Vorpommern,225383,195,31084,1761,de-mv-13073000,54.2842029523,12.9915254157,null,null,null,null
Nordwestmecklenburg,Landkreis,Mecklenburg-Vorpommern,157975,106,23842,1427,de-mv-13074000,53.8215122283,11.2521094692,null,null,null,null
Vorpommern-Greifswald,Landkreis,Mecklenburg-Vorpommern,235773,417,39779,1561,de-mv-13075000,53.7895111552,13.780696363,null,null,null,null
Ludwigslust-Parchim,Landkreis,Mecklenburg-Vorpommern,211844,342,33411,1553,de-mv-13076000,53.4500470376,11.5341416118,null,null,null,null
Chemnitz,Kreisfreie Stadt,Sachsen,244401,786,48260,1096,de-sn-14511000,50.8263036941,12.9118299015,null,null,null,null
Erzgebirgskreis,Landkreis,Sachsen,331917,1497,84808,1367,de-sn-14521000,50.6088984202,12.9450724745,null,null,null,null
Mittelsachsen,Landkreis,Sachsen,301474,970,73901,1141,de-sn-14522000,50.9558166403,13.1375068135,null,null,null,null
Vogtlandkreis,Landkreis,Sachsen,223905,1150,50510,1214,de-sn-14523000,50.4567929391,12.2349996186,null,null,null,null
Zwickau,Landkreis,Sachsen,312033,1411,73720,1130,de-sn-14524000,50.750774796,12.5258055075,null,null,null,null
Dresden,Kreisfreie Stadt,Sachsen,556227,1581,127048,956,de-sn-14612000,51.0664442924,13.7834490742,null,null,null,null
Bautzen,Landkreis,Sachsen,298010,1344,81167,1215,de-sn-14625000,51.2689135848,14.2310085239,null,null,null,null
Görlitz,Landkreis,Sachsen,250558,1519,60869,876,de-sn-14626000,51.2256177492,14.750796811,null,null,null,null
Meißen,Landkreis,Sachsen,240371,907,61255,1145,de-sn-14627000,51.239397748,13.4829006825,null,null,null,null
Sächsische Schweiz-Osterzgebirge,Landkreis,Sachsen,244722,1354,67760,1052,de-sn-14628000,50.9167179421,13.8734340504,null,null,null,null
Leipzig,Kreisfreie Stadt,Sachsen,597493,735,104571,1326,de-sn-14713000,51.3422385995,12.3747717597,null,null,null,null
Leipzig,Landkreis,Sachsen,258386,521,58508,1461,de-sn-14729000,51.2214366733,12.5994908653,null,null,null,null
Nordsachsen,Landkreis,Sachsen,197444,533,44462,1260,de-st-14730000,51.4728650798,12.7793967591,null,null,null,null
Dessau-Roßlau,Kreisfreie Stadt,Sachsen-Anhalt,79354,146,14239,1307,de-st-15001000,51.8537380889,12.2310559599,null,null,null,null
Halle (Saale),Kreisfreie Stadt,Sachsen-Anhalt,237865,488,44093,1466,de-st-15002000,51.4798019096,11.9684968347,null,null,null,null
Magdeburg,Kreisfreie Stadt,Sachsen-Anhalt,235775,207,39463,1479,de-st-15003000,52.1165976423,11.6414820231,null,null,null,null
Altmarkkreis Salzwedel,Landkreis,Sachsen-Anhalt,82687,131,13557,1659,de-st-15081000,52.6800481605,11.2270452746,null,null,null,null
Anhalt-Bitterfeld,Landkreis,Sachsen-Anhalt,157217,321,30231,1354,de-st-15082000,51.7954450255,12.1432020671,null,null,null,null
Börde,Landkreis,Sachsen-Anhalt,170567,186,33986,3407,de-st-15083000,52.2207122989,11.3478384337,null,null,null,null
Burgenlandkreis,Landkreis,Sachsen-Anhalt,177590,790,38172,1593,de-st-15084000,51.1472256333,11.8834224288,null,null,null,null
Harz,Landkreis,Sachsen-Anhalt,210975,417,36274,1961,de-st-15085000,51.8212958888,10.9585438222,null,null,null,null
Jerichower Land,Landkreis,Sachsen-Anhalt,89403,176,17373,2545,de-st-15086000,52.2607898277,12.0265188373,null,null,null,null
Mansfeld-Südharz,Landkreis,Sachsen-Anhalt,133690,316,26936,2229,de-st-15087000,51.5356901778,11.3563584729,null,null,null,null
Saalekreis,Landkreis,Sachsen-Anhalt,183434,506,39498,1716,de-st-15088000,51.4256710773,11.865474038,null,null,null,null
Salzlandkreis,Landkreis,Sachsen-Anhalt,187457,432,35543,1785,de-st-15089000,51.8518591913,11.6427256195,null,null,null,null
Stendal,Landkreis,Sachsen-Anhalt,110485,261,18630,1623,de-st-15090000,52.6967781735,11.8395343529,null,null,null,null
Wittenberg,Landkreis,Sachsen-Anhalt,124185,377,24432,1425,de-st-15091000,51.8201400674,12.7015882396,null,null,null,null
Erfurt,Kreisfreie Stadt,Thüringen,213692,445,33810,741,de-th-16051000,50.9832526908,11.0202248069,null,null,null,null
Gera,Kreisfreie Stadt,Thüringen,92126,327,17476,1409,de-th-16052000,50.8940170773,12.0826961871,null,null,null,null
Jena,Kreisfreie Stadt,Thüringen,110731,129,17509,1491,de-th-16053000,50.9242638034,11.5870112529,null,null,null,null
Suhl,Kreisfreie Stadt,Thüringen,36395,168,6662,1011,de-th-16054000,50.611602852,10.6881775642,null,null,null,null
Weimar,Kreisfreie Stadt,Thüringen,65098,133,10868,1426,de-th-16055000,50.9783471684,11.3178722759,null,null,null,null
Eichsfeld,Landkreis,Thüringen,99463,303,18502,1889,de-th-16061000,51.3836491981,10.2534853921,null,null,null,null
Nordhausen,Landkreis,Thüringen,82456,95,12075,1552,de-th-16062000,51.5022779756,10.7309067397,null,null,null,null
Wartburgkreis,Landkreis,Thüringen,159937,419,29625,1089,de-th-16063000,50.8858017017,10.2107039491,null,null,null,null
Unstrut-Hainich-Kreis,Landkreis,Thüringen,101698,384,19675,1392,de-th-16064000,51.185238708,10.551795561,null,null,null,null
Kyffhäuserkreis,Landkreis,Thüringen,73522,219,12725,1021,de-th-16065000,51.3247630758,10.9848331992,null,null,null,null
Schmalkalden-Meiningen,Landkreis,Thüringen,124241,603,28420,1228,de-th-16066000,50.6307076864,10.4050434075,null,null,null,null
Gotha,Landkreis,Thüringen,134563,315,26612,1034,de-th-16067000,50.9106605802,10.6937627152,null,null,null,null
Sömmerda,Landkreis,Thüringen,69107,210,13792,1333,de-th-16068000,51.1578080643,11.1547511823,null,null,null,null
Hildburghausen,Landkreis,Thüringen,62656,382,16304,1427,de-th-16069000,50.4340027482,10.7340904102,null,null,null,null
Ilm-Kreis,Landkreis,Thüringen,105606,402,22469,1431,de-th-16070000,50.7379337622,10.9663574908,null,null,null,null
Weimarer Land,Landkreis,Thüringen,82291,120,15784,1479,de-th-16071000,50.9715719951,11.3735532667,null,null,null,null
Sonneberg,Landkreis,Thüringen,57044,269,12862,1176,de-th-16072000,50.4146305494,11.1329526551,null,null,null,null
Saalfeld-Rudolstadt,Landkreis,Thüringen,102139,480,22062,1743,de-th-16073000,50.637797959,11.3091162493,null,null,null,null
Saale-Holzland-Kreis,Landkreis,Thüringen,82816,196,17840,1884,de-th-16074000,50.904172137,11.7315307817,null,null,null,null
Saale-Orla-Kreis,Landkreis,Thüringen,79632,292,18792,1346,de-th-16075000,50.5808480206,11.7105737336,null,null,null,null
Greiz,Landkreis,Thüringen,96668,332,19478,720,de-th-16076000,50.7484595538,12.0740705739,null,null,null,null
Altenburger Land,Landkreis,Thüringen,88356,392,18902,1492,de-th-16077000,50.9564246614,12.3991313423,null,null,null,null
NA,NA,NA,NULL,NULL,NULL,NULL,NA,NULL,NULL,null,null,null,null
NA,NA,NA,NULL,NULL,NULL,NULL,NA,NULL,NULL,null,null,null,null
