"Kreis","Typ","Bundesland","Einwohner","Tote","Tote.in.7.Tagen","hc.key","totrel"
"Berlin","Kreisfreie Stadt","Berlin",3664088,3944,3,"de-be-11000000",108
"Flensburg","Kreisfreie Stadt","Schleswig-Holstein",89934,46,0,"de-sh-01001000",51
"Kiel","Kreisfreie Stadt","Schleswig-Holstein",246601,124,0,"de-sh-01002000",50
"Lübeck","Kreisfreie Stadt","Schleswig-Holstein",215846,118,3,"de-sh-01003000",55
"Neumünster","Kreisfreie Stadt","Schleswig-Holstein",79905,28,0,"de-sh-01004000",35
"Dithmarschen","Kreis","Schleswig-Holstein",133251,61,0,"de-sh-01051000",46
"Herzogtum Lauenburg","Kreis","Schleswig-Holstein",199152,129,1,"de-sh-01053000",65
"Nordfriesland","Kreis","Schleswig-Holstein",167147,93,0,"de-sh-01054000",56
"Ostholstein","Kreis","Schleswig-Holstein",201487,95,0,"de-sh-01055000",47
"Pinneberg","Kreis","Schleswig-Holstein",317085,410,0,"de-sh-01056000",129
"Plön","Kreis","Schleswig-Holstein",129353,38,0,"de-sh-01057000",29
"Rendsburg-Eckernförde","Kreis","Schleswig-Holstein",274765,70,0,"de-sh-01058000",25
"Schleswig-Flensburg","Kreis","Schleswig-Holstein",202647,67,0,"de-sh-01059000",33
"Segeberg","Kreis","Schleswig-Holstein",278007,189,1,"de-sh-01060000",68
"Steinburg","Kreis","Schleswig-Holstein",130706,50,0,"de-sh-01061000",38
"Stormarn","Kreis","Schleswig-Holstein",244989,333,1,"de-sh-01062000",136
"Hamburg","Kreisfreie Stadt","Hamburg",1852478,1945,6,"de-hh-02000000",105
"Braunschweig","Kreisfreie Stadt","Niedersachsen",248561,213,2,"de-ni-03101000",86
"Salzgitter","Kreisfreie Stadt","Niedersachsen",103866,113,1,"de-ni-03102000",109
"Wolfsburg","Kreisfreie Stadt","Niedersachsen",123840,111,1,"de-ni-03103000",90
"Gifhorn","Landkreis","Niedersachsen",177227,231,0,"de-ni-03151000",130
"Goslar","Landkreis","Niedersachsen",134688,146,0,"de-ni-03153000",108
"Helmstedt","Landkreis","Niedersachsen",91518,107,2,"de-ni-03154000",117
"Northeim","Landkreis","Niedersachsen",131772,77,0,"de-ni-03155000",58
"Peine","Landkreis","Niedersachsen",135844,112,0,"de-ni-03157000",82
"Wolfenbüttel","Landkreis","Niedersachsen",119361,104,1,"de-ni-03158000",87
"Göttingen","Landkreis","Niedersachsen",323900,315,1,"de-ni-03159000",97
"Region Hannover","Landkreis","Niedersachsen",1155330,1180,0,"de-ni-03241000",102
"Diepholz","Landkreis","Niedersachsen",218072,117,0,"de-ni-03251000",54
"Hameln-Pyrmont","Landkreis","Niedersachsen",148580,107,0,"de-ni-03252000",72
"Hildesheim","Landkreis","Niedersachsen",275464,325,5,"de-ni-03254000",118
"Holzminden","Landkreis","Niedersachsen",70207,75,0,"de-ni-03255000",107
"Nienburg (Weser)","Landkreis","Niedersachsen",121645,167,0,"de-ni-03256000",137
"Schaumburg","Landkreis","Niedersachsen",158406,103,2,"de-ni-03257000",65
"Celle","Landkreis","Niedersachsen",179386,94,0,"de-ni-03351000",52
"Cuxhaven","Landkreis","Niedersachsen",198826,186,0,"de-ni-03352000",94
"Harburg","Landkreis","Niedersachsen",256016,134,1,"de-ni-03353000",52
"Lüchow-Dannenberg","Landkreis","Niedersachsen",48503,28,0,"de-ni-03354000",58
"Lüneburg","Landkreis","Niedersachsen",184235,80,0,"de-ni-03355000",43
"Osterholz","Landkreis","Niedersachsen",114640,68,0,"de-ni-03356000",59
"Rotenburg (Wümme)","Landkreis","Niedersachsen",164486,106,0,"de-ni-03357000",64
"Heidekreis","Landkreis","Niedersachsen",140885,117,1,"de-ni-03358000",83
"Stade","Landkreis","Niedersachsen",205357,152,0,"de-ni-03359000",74
"Uelzen","Landkreis","Niedersachsen",92566,125,0,"de-ni-03360000",135
"Verden","Landkreis","Niedersachsen",137574,85,1,"de-ni-03361000",62
"Delmenhorst","Kreisfreie Stadt","Niedersachsen",77503,76,0,"de-ni-03401000",98
"Emden","Kreisfreie Stadt","Niedersachsen",49874,20,0,"de-ni-03402000",40
"Oldenburg (Oldb)","Kreisfreie Stadt","Niedersachsen",169605,55,0,"de-ni-03403000",32
"Osnabrück","Kreisfreie Stadt","Niedersachsen",164223,111,0,"de-ni-03404000",68
"Wilhelmshaven","Kreisfreie Stadt","Niedersachsen",75189,64,1,"de-ni-03405000",85
"Ammerland","Landkreis","Niedersachsen",125643,72,0,"de-ni-03451000",57
"Aurich","Landkreis","Niedersachsen",190178,71,0,"de-ni-03452000",37
"Cloppenburg","Landkreis","Niedersachsen",172632,197,2,"de-ni-03453000",114
"Emsland","Landkreis","Niedersachsen",328930,234,1,"de-ni-03454000",71
"Friesland","Landkreis","Niedersachsen",98971,46,0,"de-ni-03455000",46
"Grafschaft Bentheim","Landkreis","Niedersachsen",137891,133,0,"de-ni-03456000",96
"Leer","Landkreis","Niedersachsen",171483,77,0,"de-ni-03457000",45
"Oldenburg","Landkreis","Niedersachsen",131467,128,0,"de-ni-03458000",97
"Osnabrück","Landkreis","Niedersachsen",359471,340,1,"de-ni-03459000",95
"Vechta","Landkreis","Niedersachsen",143698,101,0,"de-ni-03460000",70
"Wesermarsch","Landkreis","Niedersachsen",88524,119,0,"de-ni-03461000",134
"Wittmund","Landkreis","Niedersachsen",57384,37,0,"de-ni-03462000",64
"Bremen","Kreisfreie Stadt","Bremen",566573,445,2,"de-ni-04011000",79
"Bremerhaven","Kreisfreie Stadt","Bremen",113557,130,0,"de-hb-04012000",114
"Düsseldorf","Kreisfreie Stadt","Nordrhein-Westfalen",620523,557,0,"de-nw-05111000",90
"Duisburg","Kreisfreie Stadt","Nordrhein-Westfalen",495885,774,2,"de-nw-05112000",156
"Essen","Kreisfreie Stadt","Nordrhein-Westfalen",582415,634,1,"de-nw-05113000",109
"Krefeld","Kreisfreie Stadt","Nordrhein-Westfalen",226844,212,0,"de-nw-05114000",93
"Mönchengladbach","Kreisfreie Stadt","Nordrhein-Westfalen",259665,265,0,"de-nw-05116000",102
"Mülheim an der Ruhr","Kreisfreie Stadt","Nordrhein-Westfalen",170921,258,0,"de-nw-05117000",151
"Oberhausen","Kreisfreie Stadt","Nordrhein-Westfalen",209566,396,1,"de-nw-05119000",189
"Remscheid","Kreisfreie Stadt","Nordrhein-Westfalen",111516,203,2,"de-nw-05120000",182
"Solingen","Kreisfreie Stadt","Nordrhein-Westfalen",159193,231,0,"de-nw-05122000",145
"Wuppertal","Kreisfreie Stadt","Nordrhein-Westfalen",355004,527,1,"de-nw-05124000",148
"Kleve","Kreis","Nordrhein-Westfalen",313586,251,0,"de-nw-05154000",80
"Mettmann","Kreis","Nordrhein-Westfalen",484322,841,1,"de-nw-05158000",174
"Rhein-Kreis Neuss","Kreis","Nordrhein-Westfalen",452001,407,0,"de-nw-05162000",90
"Viersen","Kreis","Nordrhein-Westfalen",298536,340,1,"de-nw-05166000",114
"Wesel","Kreis","Nordrhein-Westfalen",460113,343,0,"de-nw-05170000",75
"Bonn","Kreisfreie Stadt","Nordrhein-Westfalen",330579,293,0,"de-nw-05314000",89
"Köln","Kreisfreie Stadt","Nordrhein-Westfalen",1083498,853,2,"de-nw-05315000",79
"Leverkusen","Kreisfreie Stadt","Nordrhein-Westfalen",163905,131,0,"de-nw-05316000",80
"Städteregion Aachen","Kreis","Nordrhein-Westfalen",556631,650,0,"de-nw-05334000",117
"Düren","Kreis","Nordrhein-Westfalen",265140,332,2,"de-nw-05358000",125
"Rhein-Erft-Kreis","Kreis","Nordrhein-Westfalen",469611,448,1,"de-nw-05362000",95
"Euskirchen","Kreis","Nordrhein-Westfalen",194359,264,0,"de-nw-05366000",136
"Heinsberg","Kreis","Nordrhein-Westfalen",256458,427,0,"de-nw-05370000",166
"Oberbergischer Kreis","Kreis","Nordrhein-Westfalen",271699,308,0,"de-nw-05374000",113
"Rheinisch-Bergischer Kreis","Kreis","Nordrhein-Westfalen",283275,199,0,"de-nw-05378000",70
"Rhein-Sieg-Kreis","Kreis","Nordrhein-Westfalen",600375,622,1,"de-nw-05382000",104
"Bottrop","Kreisfreie Stadt","Nordrhein-Westfalen",117388,139,0,"de-nw-05512000",118
"Gelsenkirchen","Kreisfreie Stadt","Nordrhein-Westfalen",259105,473,1,"de-nw-05513000",183
"Münster","Kreisfreie Stadt","Nordrhein-Westfalen",316403,139,0,"de-nw-05515000",44
"Borken","Kreis","Nordrhein-Westfalen",371898,307,2,"de-nw-05554000",83
"Coesfeld","Kreis","Nordrhein-Westfalen",220712,104,0,"de-nw-05558000",47
"Recklinghausen","Kreis","Nordrhein-Westfalen",613599,1069,0,"de-nw-05562000",174
"Steinfurt","Kreis","Nordrhein-Westfalen",448197,377,0,"de-nw-05566000",84
"Warendorf","Kreis","Nordrhein-Westfalen",277417,297,1,"de-nw-05570000",107
"Bielefeld","Kreisfreie Stadt","Nordrhein-Westfalen",333509,421,0,"de-nw-05711000",126
"Gütersloh","Kreis","Nordrhein-Westfalen",364818,373,0,"de-nw-05754000",102
"Herford","Kreis","Nordrhein-Westfalen",250547,214,1,"de-nw-05758000",85
"Höxter","Kreis","Nordrhein-Westfalen",139729,165,0,"de-nw-05762000",118
"Lippe","Kreis","Nordrhein-Westfalen",346970,453,0,"de-nw-05766000",131
"Minden-Lübbecke","Kreis","Nordrhein-Westfalen",310270,355,1,"de-nw-05770000",114
"Paderborn","Kreis","Nordrhein-Westfalen",308335,185,0,"de-nw-05774000",60
"Bochum","Kreisfreie Stadt","Nordrhein-Westfalen",364454,309,1,"de-nw-05911000",85
"Dortmund","Kreisfreie Stadt","Nordrhein-Westfalen",587696,442,0,"de-nw-05913000",75
"Hagen","Kreisfreie Stadt","Nordrhein-Westfalen",188687,362,0,"de-nw-05914000",192
"Hamm","Kreisfreie Stadt","Nordrhein-Westfalen",178967,227,0,"de-nw-05915000",127
"Herne","Kreisfreie Stadt","Nordrhein-Westfalen",156940,303,0,"de-nw-05916000",193
"Ennepe-Ruhr-Kreis","Kreis","Nordrhein-Westfalen",323130,408,0,"de-nw-05954000",126
"Hochsauerlandkreis","Kreis","Nordrhein-Westfalen",259030,227,1,"de-nw-05958000",88
"Märkischer Kreis","Kreis","Nordrhein-Westfalen",408662,475,3,"de-nw-05962000",116
"Olpe","Kreis","Nordrhein-Westfalen",133362,179,0,"de-nw-05966000",134
"Siegen-Wittgenstein","Kreis","Nordrhein-Westfalen",275491,221,0,"de-nw-05970000",80
"Soest","Kreis","Nordrhein-Westfalen",301016,229,1,"de-nw-05974000",76
"Unna","Kreis","Nordrhein-Westfalen",393618,530,1,"de-nw-05978000",135
"Darmstadt","Kreisfreie Stadt","Hessen",159174,166,0,"de-he-06411000",104
"Frankfurt am Main","Kreisfreie Stadt","Hessen",764104,949,1,"de-he-06412000",124
"Offenbach am Main","Kreisfreie Stadt","Hessen",130892,219,1,"de-he-06413000",167
"Wiesbaden","Kreisfreie Stadt","Hessen",278609,314,1,"de-he-06414000",113
"Bergstraße","Landkreis","Hessen",271015,377,0,"de-he-06431000",139
"Darmstadt-Dieburg","Landkreis","Hessen",297701,344,0,"de-he-06432000",116
"Groß-Gerau","Landkreis","Hessen",275807,329,1,"de-he-06433000",119
"Hochtaunuskreis","Landkreis","Hessen",237281,240,1,"de-he-06434000",101
"Main-Kinzig-Kreis","Landkreis","Hessen",421689,709,1,"de-he-06435000",168
"Main-Taunus-Kreis","Landkreis","Hessen",239264,252,0,"de-he-06436000",105
"Odenwaldkreis","Landkreis","Hessen",96754,193,0,"de-he-06437000",199
"Offenbach","Landkreis","Hessen",356542,622,0,"de-he-06438000",174
"Rheingau-Taunus-Kreis","Landkreis","Hessen",187433,196,0,"de-he-06439000",105
"Wetteraukreis","Landkreis","Hessen",310353,565,3,"de-he-06440000",182
"Gießen","Landkreis","Hessen",271667,382,0,"de-he-06531000",141
"Lahn-Dill-Kreis","Landkreis","Hessen",253373,253,0,"de-he-06532000",100
"Limburg-Weilburg","Landkreis","Hessen",172291,296,0,"de-he-06533000",172
"Marburg-Biedenkopf","Landkreis","Hessen",245903,306,0,"de-he-06534000",124
"Vogelsbergkreis","Landkreis","Hessen",105506,118,0,"de-he-06535000",112
"Kassel","Kreisfreie Stadt","Hessen",201048,209,0,"de-he-06611000",104
"Fulda","Landkreis","Hessen",223023,314,0,"de-he-06631000",141
"Hersfeld-Rotenburg","Landkreis","Hessen",120304,197,0,"de-he-06632000",164
"Kassel","Landkreis","Hessen",237007,234,0,"de-he-06633000",99
"Schwalm-Eder-Kreis","Landkreis","Hessen",179840,261,0,"de-he-06634000",145
"Waldeck-Frankenberg","Landkreis","Hessen",156528,162,0,"de-he-06635000",103
"Werra-Meißner-Kreis","Landkreis","Hessen",100046,177,0,"de-he-06636000",177
"Koblenz","Kreisfreie Stadt","Rheinland-Pfalz",113388,171,0,"de-rp-07111000",151
"Ahrweiler","Landkreis","Rheinland-Pfalz",130479,73,0,"de-rp-07131000",56
"Altenkirchen (Westerwald)","Landkreis","Rheinland-Pfalz",129087,112,0,"de-rp-07132000",87
"Bad Kreuznach","Landkreis","Rheinland-Pfalz",158746,153,0,"de-rp-07133000",96
"Birkenfeld","Landkreis","Rheinland-Pfalz",80830,108,0,"de-rp-07134000",134
"Cochem-Zell","Landkreis","Rheinland-Pfalz",61578,80,1,"de-rp-07135000",130
"Mayen-Koblenz","Landkreis","Rheinland-Pfalz",214786,200,1,"de-rp-07137000",93
"Neuwied","Landkreis","Rheinland-Pfalz",183131,209,1,"de-rp-07138000",114
"Rhein-Hunsrück-Kreis","Landkreis","Rheinland-Pfalz",103401,112,0,"de-rp-07140000",108
"Rhein-Lahn-Kreis","Landkreis","Rheinland-Pfalz",122574,106,0,"de-rp-07141000",86
"Westerwaldkreis","Landkreis","Rheinland-Pfalz",202830,184,0,"de-rp-07143000",91
"Trier","Kreisfreie Stadt","Rheinland-Pfalz",110674,41,0,"de-rp-07211000",37
"Bernkastel-Wittlich","Landkreis","Rheinland-Pfalz",112685,70,0,"de-rp-07231000",62
"Eifelkreis Bitburg-Prüm","Landkreis","Rheinland-Pfalz",100055,40,0,"de-rp-07232000",40
"Vulkaneifel","Landkreis","Rheinland-Pfalz",60491,66,0,"de-rp-07233000",109
"Trier-Saarburg","Landkreis","Rheinland-Pfalz",150533,111,0,"de-rp-07235000",74
"Frankenthal (Pfalz)","Kreisfreie Stadt","Rheinland-Pfalz",48750,63,1,"de-rp-07311000",129
"Kaiserslautern","Kreisfreie Stadt","Rheinland-Pfalz",99662,128,0,"de-rp-07312000",128
"Landau in der Pfalz","Kreisfreie Stadt","Rheinland-Pfalz",46685,53,0,"de-rp-07313000",114
"Ludwigshafen am Rhein","Kreisfreie Stadt","Rheinland-Pfalz",172557,353,0,"de-rp-07314000",205
"Mainz","Kreisfreie Stadt","Rheinland-Pfalz",217123,231,1,"de-rp-07315000",106
"Neustadt an der Weinstraße","Kreisfreie Stadt","Rheinland-Pfalz",53306,51,0,"de-rp-07316000",96
"Pirmasens","Kreisfreie Stadt","Rheinland-Pfalz",40176,69,0,"de-rp-07317000",172
"Speyer","Kreisfreie Stadt","Rheinland-Pfalz",50741,103,0,"de-rp-07318000",203
"Worms","Kreisfreie Stadt","Rheinland-Pfalz",83459,108,0,"de-rp-07319000",129
"Zweibrücken","Kreisfreie Stadt","Rheinland-Pfalz",34001,9,0,"de-rp-07320000",26
"Alzey-Worms","Landkreis","Rheinland-Pfalz",130715,148,0,"de-rp-07331000",113
"Bad Dürkheim","Landkreis","Rheinland-Pfalz",133004,173,3,"de-rp-07332000",130
"Donnersbergkreis","Landkreis","Rheinland-Pfalz",75539,84,0,"de-rp-07333000",111
"Germersheim","Landkreis","Rheinland-Pfalz",129006,154,1,"de-rp-07334000",119
"Kaiserslautern","Landkreis","Rheinland-Pfalz",106320,94,0,"de-rp-07335000",88
"Kusel","Landkreis","Rheinland-Pfalz",70105,76,0,"de-rp-07336000",108
"Südliche Weinstraße","Landkreis","Rheinland-Pfalz",110783,134,1,"de-rp-07337000",121
"Rhein-Pfalz-Kreis","Landkreis","Rheinland-Pfalz",154754,247,0,"de-rp-07338000",160
"Mainz-Bingen","Landkreis","Rheinland-Pfalz",211525,245,0,"de-rp-07339000",116
"Südwestpfalz","Landkreis","Rheinland-Pfalz",94912,100,0,"de-rp-07340000",105
"Stuttgart","Stadtkreis","Baden-Württemberg",630305,572,2,"de-bw-08111000",91
"Böblingen","Landkreis","Baden-Württemberg",392898,357,0,"de-bw-08115000",91
"Esslingen","Landkreis","Baden-Württemberg",533617,644,2,"de-bw-08116000",121
"Göppingen","Landkreis","Baden-Württemberg",258781,313,0,"de-bw-08117000",121
"Ludwigsburg","Landkreis","Baden-Württemberg",544971,569,0,"de-bw-08118000",104
"Rems-Murr-Kreis","Landkreis","Baden-Württemberg",427286,452,1,"de-bw-08119000",106
"Heilbronn","Stadtkreis","Baden-Württemberg",126458,194,1,"de-bw-08121000",153
"Heilbronn","Landkreis","Baden-Württemberg",346363,258,1,"de-bw-08125000",74
"Hohenlohekreis","Landkreis","Baden-Württemberg",112765,146,0,"de-bw-08126000",129
"Schwäbisch Hall","Landkreis","Baden-Württemberg",197860,282,0,"de-bw-08127000",143
"Main-Tauber-Kreis","Landkreis","Baden-Württemberg",132684,123,3,"de-bw-08128000",93
"Heidenheim","Landkreis","Baden-Württemberg",132812,212,1,"de-bw-08135000",160
"Ostalbkreis","Landkreis","Baden-Württemberg",314294,474,0,"de-bw-08136000",151
"Baden-Baden","Stadtkreis","Baden-Württemberg",55449,79,0,"de-bw-08211000",142
"Karlsruhe","Stadtkreis","Baden-Württemberg",308436,261,0,"de-bw-08212000",85
"Karlsruhe","Landkreis","Baden-Württemberg",446852,551,0,"de-bw-08215000",123
"Rastatt","Landkreis","Baden-Württemberg",232091,265,1,"de-bw-08216000",114
"Heidelberg","Stadtkreis","Baden-Württemberg",158741,72,0,"de-bw-08221000",45
"Mannheim","Stadtkreis","Baden-Württemberg",309721,393,2,"de-bw-08222000",127
"Neckar-Odenwald-Kreis","Landkreis","Baden-Württemberg",143797,161,0,"de-bw-08225000",112
"Rhein-Neckar-Kreis","Landkreis","Baden-Württemberg",548233,510,0,"de-bw-08226000",93
"Pforzheim","Stadtkreis","Baden-Württemberg",126016,277,1,"de-bw-08231000",220
"Calw","Landkreis","Baden-Württemberg",160149,212,0,"de-bw-08235000",132
"Enzkreis","Landkreis","Baden-Württemberg",199752,303,0,"de-bw-08236000",152
"Freudenstadt","Landkreis","Baden-Württemberg",118364,171,0,"de-bw-08237000",144
"Freiburg im Breisgau","Stadtkreis","Baden-Württemberg",230940,200,0,"de-bw-08311000",87
"Breisgau-Hochschwarzwald","Landkreis","Baden-Württemberg",264867,233,1,"de-bw-08315000",88
"Emmendingen","Landkreis","Baden-Württemberg",166862,188,0,"de-bw-08316000",113
"Ortenaukreis","Landkreis","Baden-Württemberg",432580,653,0,"de-bw-08317000",151
"Rottweil","Landkreis","Baden-Württemberg",140166,213,0,"de-bw-08325000",152
"Schwarzwald-Baar-Kreis","Landkreis","Baden-Württemberg",212872,274,3,"de-bw-08326000",129
"Tuttlingen","Landkreis","Baden-Württemberg",141682,185,0,"de-bw-08327000",131
"Konstanz","Landkreis","Baden-Württemberg",286876,329,3,"de-bw-08335000",115
"Lörrach","Landkreis","Baden-Württemberg",228842,337,1,"de-bw-08336000",147
"Waldshut","Landkreis","Baden-Württemberg",171237,249,0,"de-bw-08337000",145
"Reutlingen","Landkreis","Baden-Württemberg",287497,345,1,"de-bw-08415000",120
"Tübingen","Landkreis","Baden-Württemberg",228471,206,0,"de-bw-08416000",90
"Zollernalbkreis","Landkreis","Baden-Württemberg",189862,199,1,"de-bw-08417000",105
"Ulm","Stadtkreis","Baden-Württemberg",126405,98,0,"de-bw-08421000",78
"Alb-Donau-Kreis","Landkreis","Baden-Württemberg",198204,196,0,"de-bw-08425000",99
"Biberach","Landkreis","Baden-Württemberg",202250,226,0,"de-bw-08426000",112
"Bodenseekreis","Landkreis","Baden-Württemberg",217901,217,2,"de-bw-08435000",100
"Ravensburg","Landkreis","Baden-Württemberg",285888,180,0,"de-bw-08436000",63
"Sigmaringen","Landkreis","Baden-Württemberg",130946,118,0,"de-bw-08437000",90
"Ingolstadt","Kreisfreie Stadt","Bayern",136952,177,1,"de-by-09161000",129
"München","Kreisfreie Stadt","Bayern",1488202,1581,2,"de-by-09162000",106
"Rosenheim","Kreisfreie Stadt","Bayern",63591,91,1,"de-by-09163000",143
"Altötting","Landkreis","Bayern",111654,253,0,"de-by-09171000",227
"Berchtesgadener Land","Landkreis","Bayern",106327,140,2,"de-by-09172000",132
"Bad Tölz-Wolfratshausen","Landkreis","Bayern",128212,154,2,"de-by-09173000",120
"Dachau","Landkreis","Bayern",155117,169,0,"de-by-09174000",109
"Ebersberg","Landkreis","Bayern",144091,212,0,"de-by-09175000",147
"Eichstätt","Landkreis","Bayern",133169,122,2,"de-by-09176000",92
"Erding","Landkreis","Bayern",138891,151,0,"de-by-09177000",109
"Freising","Landkreis","Bayern",180313,165,0,"de-by-09178000",92
"Fürstenfeldbruck","Landkreis","Bayern",218740,189,1,"de-by-09179000",86
"Garmisch-Partenkirchen","Landkreis","Bayern",88279,114,1,"de-by-09180000",129
"Landsberg am Lech","Landkreis","Bayern",121019,111,1,"de-by-09181000",92
"Miesbach","Landkreis","Bayern",100183,129,0,"de-by-09182000",129
"Mühldorf a. Inn","Landkreis","Bayern",116483,244,1,"de-by-09183000",209
"München","Landkreis","Bayern",349685,314,0,"de-by-09184000",90
"Neuburg-Schrobenhausen","Landkreis","Bayern",97730,107,0,"de-by-09185000",109
"Pfaffenhofen a.d. Ilm","Landkreis","Bayern",129128,194,3,"de-by-09186000",150
"Rosenheim","Landkreis","Bayern",261721,589,0,"de-by-09187000",225
"Starnberg","Landkreis","Bayern",136610,146,0,"de-by-09188000",107
"Traunstein","Landkreis","Bayern",177485,290,0,"de-by-09189000",163
"Weilheim-Schongau","Landkreis","Bayern",136134,129,0,"de-by-09190000",95
"Landshut","Kreisfreie Stadt","Bayern",73065,135,0,"de-by-09261000",185
"Passau","Kreisfreie Stadt","Bayern",52415,129,0,"de-by-09262000",246
"Straubing","Kreisfreie Stadt","Bayern",47612,104,0,"de-by-09263000",218
"Deggendorf","Landkreis","Bayern",119479,221,1,"de-by-09271000",185
"Freyung-Grafenau","Landkreis","Bayern",78355,168,3,"de-by-09272000",214
"Kelheim","Landkreis","Bayern",123390,130,0,"de-by-09273000",105
"Landshut","Landkreis","Bayern",161191,225,0,"de-by-09274000",140
"Passau","Landkreis","Bayern",193454,465,2,"de-by-09275000",240
"Regen","Landkreis","Bayern",77313,205,0,"de-by-09276000",265
"Rottal-Inn","Landkreis","Bayern",121800,280,1,"de-by-09277000",230
"Straubing-Bogen","Landkreis","Bayern",101745,165,0,"de-by-09278000",162
"Dingolfing-Landau","Landkreis","Bayern",97244,166,0,"de-by-09279000",171
"Amberg","Kreisfreie Stadt","Bayern",42052,38,0,"de-by-09361000",90
"Regensburg","Kreisfreie Stadt","Bayern",152270,123,0,"de-by-09362000",81
"Weiden i.d. OPf.","Kreisfreie Stadt","Bayern",42535,102,0,"de-by-09363000",240
"Amberg-Sulzbach","Landkreis","Bayern",102998,188,0,"de-by-09371000",183
"Cham","Landkreis","Bayern",128094,236,1,"de-by-09372000",184
"Neumarkt i.d. OPf.","Landkreis","Bayern",135225,206,1,"de-by-09373000",152
"Neustadt a.d. Waldnaab","Landkreis","Bayern",94645,200,0,"de-by-09374000",211
"Regensburg","Landkreis","Bayern",194275,216,0,"de-by-09375000",111
"Schwandorf","Landkreis","Bayern",148477,210,0,"de-by-09376000",141
"Tirschenreuth","Landkreis","Bayern",71696,274,0,"de-by-09377000",382
"Bamberg","Kreisfreie Stadt","Bayern",76674,116,0,"de-by-09461000",151
"Bayreuth","Kreisfreie Stadt","Bayern",74048,122,0,"de-by-09462000",165
"Coburg","Kreisfreie Stadt","Bayern",40842,103,0,"de-by-09463000",252
"Hof","Kreisfreie Stadt","Bayern",45173,134,1,"de-by-09464000",297
"Bamberg","Landkreis","Bayern",147497,179,1,"de-by-09471000",121
"Bayreuth","Landkreis","Bayern",103679,179,0,"de-by-09472000",173
"Coburg","Landkreis","Bayern",86571,182,0,"de-by-09473000",210
"Forchheim","Landkreis","Bayern",116600,141,0,"de-by-09474000",121
"Hof","Landkreis","Bayern",94522,192,0,"de-by-09475000",203
"Kronach","Landkreis","Bayern",66355,132,0,"de-by-09476000",199
"Kulmbach","Landkreis","Bayern",71428,129,0,"de-by-09477000",181
"Lichtenfels","Landkreis","Bayern",66722,110,0,"de-by-09478000",165
"Wunsiedel i. Fichtelgebirge","Landkreis","Bayern",71974,214,0,"de-by-09479000",297
"Ansbach","Kreisfreie Stadt","Bayern",41681,48,0,"de-by-09561000",115
"Erlangen","Kreisfreie Stadt","Bayern",112385,111,0,"de-by-09562000",99
"Fürth","Kreisfreie Stadt","Bayern",128223,262,1,"de-by-09563000",204
"Nürnberg","Kreisfreie Stadt","Bayern",515543,1071,0,"de-by-09564000",208
"Schwabach","Kreisfreie Stadt","Bayern",41056,120,0,"de-by-09565000",292
"Ansbach","Landkreis","Bayern",185316,226,2,"de-by-09571000",122
"Erlangen-Höchstadt","Landkreis","Bayern",138105,159,0,"de-by-09572000",115
"Fürth","Landkreis","Bayern",118695,240,0,"de-by-09573000",202
"Nürnberger Land","Landkreis","Bayern",171143,214,1,"de-by-09574000",125
"Neustadt a.d. Aisch-Bad Windsheim","Landkreis","Bayern",101272,124,0,"de-by-09575000",122
"Roth","Landkreis","Bayern",127168,192,0,"de-by-09576000",151
"Weißenburg-Gunzenhausen","Landkreis","Bayern",95117,142,2,"de-by-09577000",149
"Aschaffenburg","Kreisfreie Stadt","Bayern",70858,130,1,"de-by-09661000",183
"Schweinfurt","Kreisfreie Stadt","Bayern",53319,109,0,"de-by-09662000",204
"Würzburg","Kreisfreie Stadt","Bayern",126954,140,0,"de-by-09663000",110
"Aschaffenburg","Landkreis","Bayern",174658,233,1,"de-by-09671000",133
"Bad Kissingen","Landkreis","Bayern",103169,136,0,"de-by-09672000",132
"Rhön-Grabfeld","Landkreis","Bayern",79510,114,1,"de-by-09673000",143
"Haßberge","Landkreis","Bayern",84275,110,0,"de-by-09674000",131
"Kitzingen","Landkreis","Bayern",91696,103,0,"de-by-09675000",112
"Miltenberg","Landkreis","Bayern",128743,161,0,"de-by-09676000",125
"Main-Spessart","Landkreis","Bayern",125976,224,0,"de-by-09677000",178
"Schweinfurt","Landkreis","Bayern",115652,170,0,"de-by-09678000",147
"Würzburg","Landkreis","Bayern",162697,98,0,"de-by-09679000",60
"Augsburg","Kreisfreie Stadt","Bayern",295830,519,0,"de-by-09761000",175
"Kaufbeuren","Kreisfreie Stadt","Bayern",44662,77,0,"de-by-09762000",172
"Kempten (Allgäu)","Kreisfreie Stadt","Bayern",68940,59,0,"de-by-09763000",86
"Memmingen","Kreisfreie Stadt","Bayern",44360,28,0,"de-by-09764000",63
"Aichach-Friedberg","Landkreis","Bayern",135024,123,0,"de-by-09771000",91
"Augsburg","Landkreis","Bayern",255900,323,0,"de-by-09772000",126
"Dillingen a.d. Donau","Landkreis","Bayern",97172,167,0,"de-by-09773000",172
"Günzburg","Landkreis","Bayern",127342,152,0,"de-by-09774000",119
"Neu-Ulm","Landkreis","Bayern",175823,179,2,"de-by-09775000",102
"Lindau (Bodensee)","Landkreis","Bayern",82085,69,0,"de-by-09776000",84
"Ostallgäu","Landkreis","Bayern",141907,188,0,"de-by-09777000",132
"Unterallgäu","Landkreis","Bayern",146164,212,2,"de-by-09778000",145
"Donau-Ries","Landkreis","Bayern",134324,196,0,"de-by-09779000",146
"Oberallgäu","Landkreis","Bayern",156308,117,0,"de-by-09780000",75
"Regionalverband Saarbrücken","Landkreis","Saarland",327502,527,2,"de-sl-10041000",161
"Merzig-Wadern","Landkreis","Saarland",103471,78,1,"de-sl-10042000",75
"Neunkirchen","Landkreis","Saarland",131172,143,0,"de-sl-10043000",109
"Saarlouis","Landkreis","Saarland",193732,188,0,"de-sl-10044000",97
"Saarpfalz-Kreis","Landkreis","Saarland",141656,135,3,"de-sl-10045000",95
"St. Wendel","Landkreis","Saarland",86458,119,0,"de-sl-10046000",138
"Brandenburg an der Havel","Kreisfreie Stadt","Brandenburg",72040,113,3,"de-bb-12051000",157
"Cottbus","Kreisfreie Stadt","Brandenburg",98693,244,1,"de-bb-12052000",247
"Frankfurt (Oder)","Kreisfreie Stadt","Brandenburg",57015,128,0,"de-bb-12053000",225
"Potsdam","Kreisfreie Stadt","Brandenburg",182112,257,0,"de-bb-12054000",141
"Barnim","Landkreis","Brandenburg",187343,296,5,"de-bb-12060000",158
"Dahme-Spreewald","Landkreis","Brandenburg",173316,303,1,"de-bb-12061000",175
"Elbe-Elster","Landkreis","Brandenburg",101085,302,4,"de-bb-12062000",299
"Havelland","Landkreis","Brandenburg",164693,215,0,"de-bb-12063000",131
"Märkisch-Oderland","Landkreis","Brandenburg",197195,310,0,"de-bb-12064000",157
"Oberhavel","Landkreis","Brandenburg",214234,342,0,"de-bb-12065000",160
"Oberspreewald-Lausitz","Landkreis","Brandenburg",108396,304,1,"de-bb-12066000",280
"Oder-Spree","Landkreis","Brandenburg",179276,358,4,"de-bb-12067000",200
"Ostprignitz-Ruppin","Landkreis","Brandenburg",98808,174,0,"de-bb-12068000",176
"Potsdam-Mittelmark","Landkreis","Brandenburg",217954,236,0,"de-bb-12069000",108
"Prignitz","Landkreis","Brandenburg",76096,173,0,"de-bb-12070000",227
"Spree-Neiße","Landkreis","Brandenburg",113011,249,1,"de-bb-12071000",220
"Teltow-Fläming","Landkreis","Brandenburg",171554,239,0,"de-bb-12072000",139
"Uckermark","Landkreis","Brandenburg",118250,196,3,"de-bb-12073000",166
"Rostock","Kreisfreie Stadt","Mecklenburg-Vorpommern",209061,75,0,"de-mv-13003000",36
"Schwerin","Kreisfreie Stadt","Mecklenburg-Vorpommern",95609,121,0,"de-mv-13004000",127
"Mecklenburgische Seenplatte","Landkreis","Mecklenburg-Vorpommern",258057,189,1,"de-mv-13071000",73
"Rostock","Landkreis","Mecklenburg-Vorpommern",217072,200,4,"de-mv-13072000",92
"Vorpommern-Rügen","Landkreis","Mecklenburg-Vorpommern",225383,115,1,"de-mv-13073000",51
"Nordwestmecklenburg","Landkreis","Mecklenburg-Vorpommern",157975,93,0,"de-mv-13074000",59
"Vorpommern-Greifswald","Landkreis","Mecklenburg-Vorpommern",235773,327,2,"de-mv-13075000",139
"Ludwigslust-Parchim","Landkreis","Mecklenburg-Vorpommern",211844,293,3,"de-mv-13076000",138
"Chemnitz","Kreisfreie Stadt","Sachsen",244401,676,2,"de-sn-14511000",277
"Erzgebirgskreis","Landkreis","Sachsen",331917,1080,1,"de-sn-14521000",325
"Mittelsachsen","Landkreis","Sachsen",301474,824,0,"de-sn-14522000",273
"Vogtlandkreis","Landkreis","Sachsen",223905,952,1,"de-sn-14523000",425
"Zwickau","Landkreis","Sachsen",312033,1245,0,"de-sn-14524000",399
"Dresden","Kreisfreie Stadt","Sachsen",556227,1381,0,"de-sn-14612000",248
"Bautzen","Landkreis","Sachsen",298010,1088,1,"de-sn-14625000",365
"Görlitz","Landkreis","Sachsen",250558,1330,1,"de-sn-14626000",531
"Meißen","Landkreis","Sachsen",240371,782,0,"de-sn-14627000",325
"Sächsische Schweiz-Osterzgebirge","Landkreis","Sachsen",244722,1173,3,"de-sn-14628000",479
"Leipzig","Kreisfreie Stadt","Sachsen",597493,620,0,"de-sn-14713000",104
"Leipzig","Landkreis","Sachsen",258386,423,0,"de-sn-14729000",164
"Nordsachsen","Landkreis","Sachsen",197444,467,2,"de-st-14730000",237
"Dessau-Roßlau","Kreisfreie Stadt","Sachsen-Anhalt",79354,128,1,"de-st-15001000",161
"Halle (Saale)","Kreisfreie Stadt","Sachsen-Anhalt",237865,405,6,"de-st-15002000",170
"Magdeburg","Kreisfreie Stadt","Sachsen-Anhalt",235775,187,2,"de-st-15003000",79
"Altmarkkreis Salzwedel","Landkreis","Sachsen-Anhalt",82687,113,2,"de-st-15081000",137
"Anhalt-Bitterfeld","Landkreis","Sachsen-Anhalt",157217,223,0,"de-st-15082000",142
"Börde","Landkreis","Sachsen-Anhalt",170567,152,1,"de-st-15083000",89
"Burgenlandkreis","Landkreis","Sachsen-Anhalt",177590,709,3,"de-st-15084000",399
"Harz","Landkreis","Sachsen-Anhalt",210975,337,1,"de-st-15085000",160
"Jerichower Land","Landkreis","Sachsen-Anhalt",89403,168,0,"de-st-15086000",188
"Mansfeld-Südharz","Landkreis","Sachsen-Anhalt",133690,267,0,"de-st-15087000",200
"Saalekreis","Landkreis","Sachsen-Anhalt",183434,419,2,"de-st-15088000",228
"Salzlandkreis","Landkreis","Sachsen-Anhalt",187457,379,5,"de-st-15089000",202
"Stendal","Landkreis","Sachsen-Anhalt",110485,241,0,"de-st-15090000",218
"Wittenberg","Landkreis","Sachsen-Anhalt",124185,332,1,"de-st-15091000",267
"Erfurt","Kreisfreie Stadt","Thüringen",213692,330,2,"de-th-16051000",154
"Gera","Kreisfreie Stadt","Thüringen",92126,278,3,"de-th-16052000",302
"Jena","Kreisfreie Stadt","Thüringen",110731,108,0,"de-th-16053000",98
"Suhl","Kreisfreie Stadt","Thüringen",36395,142,0,"de-th-16054000",390
"Weimar","Kreisfreie Stadt","Thüringen",65098,121,0,"de-th-16055000",186
"Eichsfeld","Landkreis","Thüringen",99463,278,1,"de-th-16061000",280
"Nordhausen","Landkreis","Thüringen",82456,80,2,"de-th-16062000",97
"Wartburgkreis","Landkreis","Thüringen",159937,374,1,"de-th-16063000",234
"Unstrut-Hainich-Kreis","Landkreis","Thüringen",101698,331,0,"de-th-16064000",325
"Kyffhäuserkreis","Landkreis","Thüringen",73522,169,1,"de-th-16065000",230
"Schmalkalden-Meiningen","Landkreis","Thüringen",124241,476,1,"de-th-16066000",383
"Gotha","Landkreis","Thüringen",134563,264,2,"de-th-16067000",196
"Sömmerda","Landkreis","Thüringen",69107,161,0,"de-th-16068000",233
"Hildburghausen","Landkreis","Thüringen",62656,320,1,"de-th-16069000",511
"Ilm-Kreis","Landkreis","Thüringen",105606,329,7,"de-th-16070000",312
"Weimarer Land","Landkreis","Thüringen",82291,95,0,"de-th-16071000",115
"Sonneberg","Landkreis","Thüringen",57044,230,0,"de-th-16072000",403
"Saalfeld-Rudolstadt","Landkreis","Thüringen",102139,377,2,"de-th-16073000",369
"Saale-Holzland-Kreis","Landkreis","Thüringen",82816,171,1,"de-th-16074000",206
"Saale-Orla-Kreis","Landkreis","Thüringen",79632,242,1,"de-th-16075000",304
"Greiz","Landkreis","Thüringen",96668,269,0,"de-th-16076000",278
"Altenburger Land","Landkreis","Thüringen",88356,352,1,"de-th-16077000",398
