"Kreis","Typ","Bundesland","Einwohner","Tote","Infizierte","Fälle.pro.100.000","Neuinfektionen.pro.100.000","Neuinfektionen","hc.key","lat","lon"
"null","null","null","null","null","null","null","null",4000,"null","null","null"
"Berlin","Kreisfreie Stadt","Berlin","3754418","3122","153452","4087","112",4195,"de-be-11000000","52.5015315807","13.4018502444"
"Flensburg","Kreisfreie Stadt","Schleswig-Holstein","90164","39","2095","2324","61",55,"de-sh-01001000","54.7849933768","9.43852835486"
"Kiel","Kreisfreie Stadt","Schleswig-Holstein","246794","93","4216","1708","71",174,"de-sh-01002000","54.3248406926","10.1322443646"
"Lübeck","Kreisfreie Stadt","Schleswig-Holstein","216530","92","4982","2301","73",157,"de-sh-01003000","53.8723167338","10.7272831058"
"Neumünster","Kreisfreie Stadt","Schleswig-Holstein","80196","22","1524","1900","112",90,"de-sh-01004000","54.0811244365","9.98448195474"
"Dithmarschen","Kreis","Schleswig-Holstein","133193","42","1611","1210","53",70,"de-sh-01051000","54.1329109614","9.10781447873"
"Herzogtum Lauenburg","Kreis","Schleswig-Holstein","198019","104","4160","2101","124",245,"de-sh-01053000","53.5890024203","10.6018592215"
"Nordfriesland","Kreis","Schleswig-Holstein","165951","75","2348","1415","34",57,"de-sh-01054000","54.6095639996","8.88688779292"
"Ostholstein","Kreis","Schleswig-Holstein","200539","79","2667","1330","55",110,"de-sh-01055000","54.1896490274","10.8194270205"
"Pinneberg","Kreis","Schleswig-Holstein","316103","327","9016","2852","92",291,"de-sh-01056000","53.7180840651","9.73686669973"
"Plön","Kreis","Schleswig-Holstein","128686","28","1076","836","36",46,"de-sh-01057000","54.2433885939","10.3636951573"
"Rendsburg-Eckernförde","Kreis","Schleswig-Holstein","274098","46","3367","1228","45",124,"de-sh-01058000","54.2896157359","9.78174206802"
"Schleswig-Flensburg","Kreis","Schleswig-Holstein","201156","54","2510","1248","28",56,"de-sh-01059000","54.6190195643","9.48870921465"
"Segeberg","Kreis","Schleswig-Holstein","277175","145","5883","2122","96",267,"de-sh-01060000","53.9199857446","10.1409147199"
"Steinburg","Kreis","Schleswig-Holstein","131013","29","1831","1398","82",108,"de-sh-01061000","53.9289451889","9.51938189615"
"Stormarn","Kreis","Schleswig-Holstein","244156","286","5849","2396","88",214,"de-sh-01062000","53.7208005726","10.3316398811"
"Hamburg","Kreisfreie Stadt","Hamburg","1847253","1412","65606","3552","128",2367,"de-hh-02000000","53.5463773461","10.0207944156"
"Braunschweig","Kreisfreie Stadt","Niedersachsen","249406","152","5079","2036","89",222,"de-ni-03101000","52.275221093","10.5241080552"
"Salzgitter","Kreisfreie Stadt","Niedersachsen","104291","60","3890","3730","226",236,"de-ni-03102000","52.124474442","10.3707262339"
"Wolfsburg","Kreisfreie Stadt","Niedersachsen","124371","75","2850","2292","174",216,"de-ni-03103000","52.4107473932","10.7848707661"
"Gifhorn","Landkreis","Niedersachsen","176523","168","4940","2799","153",270,"de-ni-03151000","52.5802562309","10.6041704601"
"Goslar","Landkreis","Niedersachsen","136292","107","2024","1485","60",82,"de-ni-03153000","51.8746771574","10.400392667"
"Helmstedt","Landkreis","Niedersachsen","91297","83","1987","2176","91",83,"de-ni-03154000","52.2607443342","10.8888387183"
"Northeim","Landkreis","Niedersachsen","132285","40","1846","1395","54",72,"de-ni-03155000","51.7425873324","9.84800893097"
"Peine","Landkreis","Niedersachsen","134801","96","4390","3257","139",187,"de-ni-03157000","52.3041913284","10.2552878088"
"Wolfenbüttel","Landkreis","Niedersachsen","119622","89","2218","1854","92",110,"de-ni-03158000","52.1269975166","10.583953795"
"Göttingen","Landkreis","Niedersachsen","326041","226","6478","1987","61",199,"de-ni-03152000","51.4989390206","9.92623513116"
"Region Hannover","Landkreis","Niedersachsen","1157115","910","40016","3458","110",1272,"de-ni-03241000","52.4219370696","9.71979904802"
"Diepholz","Landkreis","Niedersachsen","217089","89","5414","2494","75",163,"de-ni-03251000","52.7284857794","8.70179913631"
"Hameln-Pyrmont","Landkreis","Niedersachsen","148549","92","3549","2389","85",127,"de-ni-03252000","52.0951381895","9.38989545155"
"Hildesheim","Landkreis","Niedersachsen","275817","267","7373","2673","68",187,"de-ni-03254000","52.0902189983","9.94348097201"
"Holzminden","Landkreis","Niedersachsen","70458","56","1276","1811","44",31,"de-ni-03255000","51.8806325752","9.55140269027"
"Nienburg (Weser)","Landkreis","Niedersachsen","121390","138","3064","2524","72",88,"de-ni-03256000","52.6092228116","9.1143129274"
"Schaumburg","Landkreis","Niedersachsen","157820","61","3785","2398","99",157,"de-ni-03257000","52.2927923256","9.20656190484"
"Celle","Landkreis","Niedersachsen","179011","58","3813","2130","107",191,"de-ni-03351000","52.7133432321","10.1035661643"
"Cuxhaven","Landkreis","Niedersachsen","198038","159","3961","2000","102",202,"de-ni-03352000","53.6165865049","8.81238237187"
"Harburg","Landkreis","Niedersachsen","254431","97","5595","2199","67",170,"de-ni-03353000","53.3157734164","9.96273884793"
"Lüchow-Dannenberg","Landkreis","Niedersachsen","48412","23","621","1283","68",33,"de-ni-03354000","53.0198717176","11.1229198942"
"Lüneburg","Landkreis","Niedersachsen","184139","44","2680","1455","80",147,"de-ni-03355000","53.232575345","10.5732569229"
"Osterholz","Landkreis","Niedersachsen","113928","56","2238","1964","49",56,"de-ni-03356000","53.2510067251","8.80808093198"
"Rotenburg (Wümme)","Landkreis","Niedersachsen","163782","80","3100","1893","44",72,"de-ni-03357000","53.2507583937","9.30658483814"
"Heidekreis","Landkreis","Niedersachsen","140673","97","2736","1945","102",144,"de-ni-03358000","52.9283300914","9.76941135878"
"Stade","Landkreis","Niedersachsen","204512","109","3958","1935","112",229,"de-ni-03359000","53.578976226","9.41807038986"
"Uelzen","Landkreis","Niedersachsen","92389","105","1868","2022","128",118,"de-ni-03360000","52.9836349419","10.5475810531"
"Verden","Landkreis","Niedersachsen","137133","49","3224","2351","131",179,"de-ni-03361000","52.973235647","9.17546449952"
"Delmenhorst","Kreisfreie Stadt","Niedersachsen","77559","62","2723","3511","101",78,"de-ni-03401000","53.0494043992","8.64568293102"
"Emden","Kreisfreie Stadt","Niedersachsen","49913","7","800","1603","82",41,"de-ni-03402000","53.3606790665","7.18158411476"
"Oldenburg (Oldb)","Kreisfreie Stadt","Niedersachsen","169077","42","3372","1994","113",191,"de-ni-03403000","53.1445781697","8.22435903936"
"Osnabrück","Kreisfreie Stadt","Niedersachsen","165251","91","6108","3696","118",195,"de-ni-03404000","52.2776798178","8.04703290985"
"Wilhelmshaven","Kreisfreie Stadt","Niedersachsen","76089","44","1565","2057","55",42,"de-ni-03405000","53.5659448147","8.08620462896"
"Ammerland","Landkreis","Niedersachsen","124859","55","2541","2035","82",103,"de-ni-03451000","53.2184881736","8.01326226621"
"Aurich","Landkreis","Niedersachsen","189694","48","2847","1501","75",143,"de-ni-03452000","53.4964307678","7.36808958075"
"Cloppenburg","Landkreis","Niedersachsen","170682","142","9389","5501","221",378,"de-ni-03453000","52.9110290194","7.90471393786"
"Emsland","Landkreis","Niedersachsen","326954","153","10655","3259","152",498,"de-ni-03454000","52.7382970162","7.40268865164"
"Friesland","Landkreis","Niedersachsen","98704","38","1377","1395","47",46,"de-ni-03455000","53.510362974","7.98324746163"
"Grafschaft Bentheim","Landkreis","Niedersachsen","137162","110","4306","3139","96",131,"de-ni-03456000","52.4760534093","7.01985676166"
"Leer","Landkreis","Niedersachsen","170756","48","3571","2091","126",215,"de-ni-03457000","53.2435417357","7.46976164078"
"Oldenburg","Landkreis","Niedersachsen","130890","106","4218","3223","126",165,"de-ni-03458000","52.9880769073","8.38939656642"
"Osnabrück","Landkreis","Niedersachsen","358080","279","13239","3697","77",277,"de-ni-03459000","52.3816139244","8.04515734225"
"Vechta","Landkreis","Niedersachsen","142814","80","7016","4913","220",314,"de-ni-03460000","52.6602901512","8.22305794318"
"Wesermarsch","Landkreis","Niedersachsen","88583","96","2787","3146","124",110,"de-ni-03461000","53.357641762","8.38864623114"
"Wittmund","Landkreis","Niedersachsen","56926","32","1032","1813","83",47,"de-ni-03462000","53.5734137385","7.7061235505"
"Bremen","Kreisfreie Stadt","Bremen","567559","335","18745","3303","129",732,"de-ni-04011000","53.1195434664","8.78049374679"
"Bremerhaven","Kreisfreie Stadt","Bremen","113643","85","3641","3204","163",185,"de-hb-04012000","53.5381662933","8.58850522385"
"Düsseldorf","Kreisfreie Stadt","Nordrhein-Westfalen","621877","330","20195","3247","116",721,"de-nw-05111000","51.235456959","6.81020262394"
"Duisburg","Kreisfreie Stadt","Nordrhein-Westfalen","498686","563","23620","4736","190",949,"de-nw-05112000","51.439615769","6.73469184999"
"Essen","Kreisfreie Stadt","Nordrhein-Westfalen","582760","530","21458","3682","124",722,"de-nw-05113000","51.433832766","7.01715391614"
"Krefeld","Kreisfreie Stadt","Nordrhein-Westfalen","227417","144","8948","3935","142",323,"de-nw-05114000","51.3452191428","6.57966800647"
"Mönchengladbach","Kreisfreie Stadt","Nordrhein-Westfalen","261034","210","8800","3371","110",288,"de-nw-05116000","51.1671935981","6.41197447381"
"Mülheim an der Ruhr","Kreisfreie Stadt","Nordrhein-Westfalen","170632","204","6691","3921","113",193,"de-nw-05117000","51.4137814936","6.878461621"
"Oberhausen","Kreisfreie Stadt","Nordrhein-Westfalen","210764","308","9089","4312","132",278,"de-nw-05119000","51.5131313527","6.84712049817"
"Remscheid","Kreisfreie Stadt","Nordrhein-Westfalen","111338","140","4801","4312","255",284,"de-nw-05120000","51.1826933037","7.22411565185"
"Solingen","Kreisfreie Stadt","Nordrhein-Westfalen","159245","166","7685","4826","175",278,"de-nw-05122000","51.1624551579","7.06606973298"
"Wuppertal","Kreisfreie Stadt","Nordrhein-Westfalen","355100","415","15888","4474","159",564,"de-nw-05124000","51.2506036112","7.16893008228"
"Kleve","Kreis","Nordrhein-Westfalen","312465","159","8859","2835","97",303,"de-nw-05154000","51.6523631313","6.25880908496"
"Mettmann","Kreis","Nordrhein-Westfalen","485570","649","18738","3859","145",704,"de-nw-05158000","51.2571043543","6.96906518309"
"Rhein-Kreis Neuss","Kreis","Nordrhein-Westfalen","451730","295","14103","3122","127",574,"de-nw-05162000","51.1435712356","6.64932316692"
"Viersen","Kreis","Nordrhein-Westfalen","298863","267","9708","3248","137",410,"de-nw-05166000","51.2828202383","6.32612051327"
"Wesel","Kreis","Nordrhein-Westfalen","459976","243","14281","3105","114",525,"de-nw-05170000","51.6270425398","6.61836262868"
"Bonn","Kreisfreie Stadt","Nordrhein-Westfalen","329673","212","11289","3424","136",450,"de-nw-05314000","50.7057346173","7.10983940994"
"Köln","Kreisfreie Stadt","Nordrhein-Westfalen","1087863","596","41747","3838","150",1631,"de-nw-05315000","50.9456668791","6.97321855167"
"Leverkusen","Kreisfreie Stadt","Nordrhein-Westfalen","163729","83","5766","3522","101",166,"de-nw-05316000","51.0530662603","7.01547411084"
"Städteregion Aachen","Kreis","Nordrhein-Westfalen","557026","504","21471","3855","119",661,"de-nw-05334000","50.7275046127","6.21672721805"
"Düren","Kreis","Nordrhein-Westfalen","264638","253","11474","4336","132",348,"de-nw-05358000","50.8178950546","6.44556160998"
"Rhein-Erft-Kreis","Kreis","Nordrhein-Westfalen","470615","345","15465","3286","137",643,"de-nw-05362000","50.9049330282","6.71649101914"
"Euskirchen","Kreis","Nordrhein-Westfalen","193656","215","6313","3260","152",295,"de-nw-05366000","50.5364731669","6.6441519123"
"Heinsberg","Kreis","Nordrhein-Westfalen","255555","348","9535","3731","66",169,"de-nw-05370000","51.0493489074","6.16411292416"
"Oberbergischer Kreis","Kreis","Nordrhein-Westfalen","272057","186","11021","4051","180",491,"de-nw-05374000","51.0127091971","7.51662881723"
"Rheinisch-Bergischer Kreis","Kreis","Nordrhein-Westfalen","283271","119","8902","3143","130",369,"de-nw-05378000","51.0230044262","7.19484653806"
"Rhein-Sieg-Kreis","Kreis","Nordrhein-Westfalen","600764","436","18946","3154","104",622,"de-nw-05382000","50.7606389137","7.23457302819"
"Bottrop","Kreisfreie Stadt","Nordrhein-Westfalen","117565","97","4495","3823","80",94,"de-nw-05512000","51.5716938262","6.9201161778"
"Gelsenkirchen","Kreisfreie Stadt","Nordrhein-Westfalen","259645","361","12164","4685","117",305,"de-nw-05513000","51.5539564213","7.07124023772"
"Münster","Kreisfreie Stadt","Nordrhein-Westfalen","315293","106","6767","2146","90",285,"de-nw-05515000","51.954316786","7.62364679497"
"Borken","Kreis","Nordrhein-Westfalen","371339","219","11443","3082","111",412,"de-nw-05554000","51.9613198354","6.89961561244"
"Coesfeld","Kreis","Nordrhein-Westfalen","220586","80","4669","2117","80",177,"de-nw-05558000","51.8668510417","7.36601223345"
"Recklinghausen","Kreis","Nordrhein-Westfalen","614137","776","26201","4266","135",832,"de-nw-05562000","51.6724839158","7.15924893893"
"Steinfurt","Kreis","Nordrhein-Westfalen","448220","289","13196","2944","128",574,"de-nw-05566000","52.2115366779","7.57944671253"
"Warendorf","Kreis","Nordrhein-Westfalen","277840","210","9595","3453","109",302,"de-nw-05570000","51.8702227935","7.95829493253"
"Bielefeld","Kreisfreie Stadt","Nordrhein-Westfalen","334195","295","11880","3555","151",503,"de-nw-05711000","52.0109486234","8.54074389731"
"Gütersloh","Kreis","Nordrhein-Westfalen","364938","284","15805","4331","146",531,"de-nw-05754000","51.9317089342","8.35138605299"
"Herford","Kreis","Nordrhein-Westfalen","250578","153","9067","3618","117",294,"de-nw-05758000","52.1675778068","8.64393163854"
"Höxter","Kreis","Nordrhein-Westfalen","140251","136","4332","3089","68",95,"de-nw-05762000","51.6849407394","9.17809149846"
"Lippe","Kreis","Nordrhein-Westfalen","347514","352","14211","4089","154",535,"de-nw-05766000","51.9814226536","8.95083727251"
"Minden-Lübbecke","Kreis","Nordrhein-Westfalen","310409","244","12579","4052","122",380,"de-nw-05770000","52.3524754985","8.73934839311"
"Paderborn","Kreis","Nordrhein-Westfalen","307839","144","7702","2502","78",240,"de-nw-05774000","51.6641754561","8.7196350334"
"Bochum","Kreisfreie Stadt","Nordrhein-Westfalen","365587","190","12831","3510","109",399,"de-nw-05911000","51.469927372","7.22493523189"
"Dortmund","Kreisfreie Stadt","Nordrhein-Westfalen","588250","329","21935","3729","110",646,"de-nw-05913000","51.5160775711","7.47490090518"
"Hagen","Kreisfreie Stadt","Nordrhein-Westfalen","188686","269","9480","5024","210",396,"de-nw-05914000","51.348045073","7.49755553757"
"Hamm","Kreisfreie Stadt","Nordrhein-Westfalen","179916","172","7925","4405","130",233,"de-nw-05915000","51.6651743978","7.82358619294"
"Herne","Kreisfreie Stadt","Nordrhein-Westfalen","156449","233","7768","4965","190",297,"de-nw-05916000","51.5375332354","7.20855761523"
"Ennepe-Ruhr-Kreis","Kreis","Nordrhein-Westfalen","324106","315","11042","3407","97",313,"de-nw-05954000","51.3468447914","7.32402933363"
"Hochsauerlandkreis","Kreis","Nordrhein-Westfalen","259777","175","7599","2925","117",303,"de-nw-05958000","51.3068253808","8.38507986661"
"Märkischer Kreis","Kreis","Nordrhein-Westfalen","410222","332","16412","4001","198",812,"de-nw-05962000","51.2626114418","7.71300809906"
"Olpe","Kreis","Nordrhein-Westfalen","133955","140","4491","3353","113",151,"de-nw-05966000","51.0861595881","7.97647726624"
"Siegen-Wittgenstein","Kreis","Nordrhein-Westfalen","276944","154","9544","3446","212",586,"de-nw-05970000","50.9377386445","8.19517026923"
"Soest","Kreis","Nordrhein-Westfalen","301785","168","6968","2309","74",223,"de-nw-05974000","51.5644104976","8.21743743758"
"Unna","Kreis","Nordrhein-Westfalen","394891","444","15047","3810","148",583,"de-nw-05978000","51.5785745363","7.63644458507"
"Darmstadt","Kreisfreie Stadt","Hessen","159878","132","4735","2962","87",139,"de-he-06411000","49.88144614","8.66468155462"
"Frankfurt am Main","Kreisfreie Stadt","Hessen","763380","674","31769","4162","127",972,"de-he-06412000","50.117968104","8.64419039448"
"Offenbach am Main","Kreisfreie Stadt","Hessen","130280","159","7344","5637","236",308,"de-he-06413000","50.091078767","8.78096226536"
"Wiesbaden","Kreisfreie Stadt","Hessen","278474","231","10235","3675","114",318,"de-he-06414000","50.0791566662","8.26036646911"
"Bergstraße","Landkreis","Hessen","270340","289","8942","3308","95",257,"de-he-06431000","49.6177012221","8.66011611597"
"Darmstadt-Dieburg","Landkreis","Hessen","297844","286","9290","3119","98",292,"de-he-06432000","49.8555038512","8.79546987935"
"Groß-Gerau","Landkreis","Hessen","275726","259","11516","4177","133",367,"de-he-06433000","49.9045086093","8.47025247743"
"Hochtaunuskreis","Landkreis","Hessen","236914","179","6849","2891","116",275,"de-he-06434000","50.2816152547","8.50464605826"
"Main-Kinzig-Kreis","Landkreis","Hessen","420552","541","18482","4395","153",643,"de-he-06435000","50.2438645181","9.28622299151"
"Main-Taunus-Kreis","Landkreis","Hessen","238558","157","7197","3017","140",335,"de-he-06436000","50.1025789147","8.43457121479"
"Odenwaldkreis","Landkreis","Hessen","96703","159","3641","3765","103",100,"de-he-06437000","49.6715861652","8.97952523934"
"Offenbach","Landkreis","Hessen","355813","487","15283","4295","146",519,"de-he-06438000","50.0216774635","8.81143914637"
"Rheingau-Taunus-Kreis","Landkreis","Hessen","187160","151","5826","3113","83",155,"de-he-06439000","50.1419717211","8.08113471294"
"Wetteraukreis","Landkreis","Hessen","308339","478","11121","3607","112",344,"de-he-06440000","50.3547764783","8.90765705912"
"Gießen","Landkreis","Hessen","270688","334","11250","4156","199",539,"de-he-06531000","50.5702779049","8.80751371735"
"Lahn-Dill-Kreis","Landkreis","Hessen","253319","187","9988","3943","192",487,"de-he-06532000","50.6482687297","8.36532824"
"Limburg-Weilburg","Landkreis","Hessen","171912","248","7277","4233","171",294,"de-he-06533000","50.4274703547","8.19943723806"
"Marburg-Biedenkopf","Landkreis","Hessen","247084","249","8815","3568","188",465,"de-he-06534000","50.8368638341","8.73804376785"
"Vogelsbergkreis","Landkreis","Hessen","105643","102","3249","3075","189",200,"de-he-06535000","50.6381193653","9.27137950882"
"Kassel","Kreisfreie Stadt","Hessen","202137","153","6249","3091","158",320,"de-he-06611000","51.3114548137","9.46020305009"
"Fulda","Landkreis","Hessen","223145","228","10583","4743","243",542,"de-he-06631000","50.5638809858","9.75913916517"
"Hersfeld-Rotenburg","Landkreis","Hessen","120719","136","4709","3901","249",300,"de-he-06632000","50.90618961","9.7529324059"
"Kassel","Landkreis","Hessen","236764","190","6341","2678","118",280,"de-he-06633000","51.4012961379","9.4070389164"
"Schwalm-Eder-Kreis","Landkreis","Hessen","179673","213","5288","2943","117",211,"de-he-06634000","51.0237758195","9.3736523386"
"Waldeck-Frankenberg","Landkreis","Hessen","156406","131","4996","3194","95",149,"de-he-06635000","51.1906875733","8.88888422026"
"Werra-Meißner-Kreis","Landkreis","Hessen","100629","135","2837","2819","83",84,"de-he-06636000","51.190756376","9.92890620729"
"Koblenz","Kreisfreie Stadt","Rheinland-Pfalz","114052","120","3687","3233","100",114,"de-rp-07111000","50.348516061","7.5795510239"
"Ahrweiler","Landkreis","Rheinland-Pfalz","130086","47","3652","2807","98",128,"de-rp-07131000","50.4675853221","7.04497643896"
"Altenkirchen (Westerwald)","Landkreis","Rheinland-Pfalz","128805","91","3866","3001","130",167,"de-rp-07132000","50.750747657","7.74412525976"
"Bad Kreuznach","Landkreis","Rheinland-Pfalz","158345","129","4782","3020","87",137,"de-rp-07133000","49.8248204055","7.68666499174"
"Birkenfeld","Landkreis","Rheinland-Pfalz","80951","83","2679","3309","125",101,"de-rp-07134000","49.7125403895","7.27765459793"
"Cochem-Zell","Landkreis","Rheinland-Pfalz","61375","51","1700","2770","68",42,"de-rp-07135000","50.1328800059","7.17431996528"
"Mayen-Koblenz","Landkreis","Rheinland-Pfalz","214434","145","5681","2649","122",262,"de-rp-07137000","50.3316078654","7.33216943214"
"Neuwied","Landkreis","Rheinland-Pfalz","182811","112","6701","3666","149",272,"de-rp-07138000","50.5577005458","7.46900064967"
"Rhein-Hunsrück-Kreis","Landkreis","Rheinland-Pfalz","103163","82","3073","2979","102",105,"de-rp-07140000","50.0442098205","7.50009971248"
"Rhein-Lahn-Kreis","Landkreis","Rheinland-Pfalz","122297","93","3319","2714","113",138,"de-rp-07141000","50.2632817442","7.84270993642"
"Westerwaldkreis","Landkreis","Rheinland-Pfalz","201904","133","5702","2824","100",201,"de-rp-07143000","50.5523493705","7.86568137201"
"Trier","Kreisfreie Stadt","Rheinland-Pfalz","111528","23","2191","1965","70",78,"de-rp-07211000","49.762938832","6.65505102152"
"Bernkastel-Wittlich","Landkreis","Rheinland-Pfalz","112483","58","2351","2090","79",89,"de-rp-07231000","49.924645182","6.96721862193"
"Eifelkreis Bitburg-Prüm","Landkreis","Rheinland-Pfalz","99058","23","2774","2800","67",66,"de-rp-07232000","50.0621597731","6.41012996519"
"Vulkaneifel","Landkreis","Rheinland-Pfalz","60646","58","1723","2841","99",60,"de-rp-07233000","50.2383358519","6.74865373201"
"Trier-Saarburg","Landkreis","Rheinland-Pfalz","149398","86","3670","2457","88",132,"de-rp-07235000","49.6964711338","6.69519559648"
"Frankenthal (Pfalz)","Kreisfreie Stadt","Rheinland-Pfalz","48762","49","1766","3622","84",41,"de-rp-07311000","49.5330640295","8.35688379873"
"Kaiserslautern","Kreisfreie Stadt","Rheinland-Pfalz","100030","101","2724","2723","108",108,"de-rp-07312000","49.4328526023","7.76067474783"
"Landau in der Pfalz","Kreisfreie Stadt","Rheinland-Pfalz","46881","34","1291","2754","70",33,"de-rp-07313000","49.2244938821","8.05060075998"
"Ludwigshafen am Rhein","Kreisfreie Stadt","Rheinland-Pfalz","172253","307","8305","4821","186",320,"de-rp-07314000","49.4820876658","8.39684453576"
"Mainz","Kreisfreie Stadt","Rheinland-Pfalz","218578","181","7898","3613","152",333,"de-rp-07315000","49.9741865223","8.24149708463"
"Neustadt an der Weinstraße","Kreisfreie Stadt","Rheinland-Pfalz","53264","34","1410","2647","77",41,"de-rp-07316000","49.3418758196","8.15228785937"
"Pirmasens","Kreisfreie Stadt","Rheinland-Pfalz","40231","50","1107","2752","80",32,"de-rp-07317000","49.1971270853","7.59436316477"
"Speyer","Kreisfreie Stadt","Rheinland-Pfalz","50561","80","2351","4650","142",72,"de-rp-07318000","49.3297181375","8.43501974938"
"Worms","Kreisfreie Stadt","Rheinland-Pfalz","83542","85","3236","3874","184",154,"de-rp-07319000","49.6494455343","8.32452863106"
"Zweibrücken","Kreisfreie Stadt","Rheinland-Pfalz","34193","4","566","1655","61",21,"de-rp-07320000","49.2481606938","7.36539388964"
"Alzey-Worms","Landkreis","Rheinland-Pfalz","129687","110","4097","3159","104",135,"de-rp-07331000","49.759441395","8.15718502019"
"Bad Dürkheim","Landkreis","Rheinland-Pfalz","132671","143","3643","2746","77",102,"de-rp-07332000","49.4530205976","8.11030493729"
"Donnersbergkreis","Landkreis","Rheinland-Pfalz","75325","55","1931","2564","70",53,"de-rp-07333000","49.631983052","7.9150113274"
"Germersheim","Landkreis","Rheinland-Pfalz","129013","117","4644","3600","171",220,"de-rp-07334000","49.1159081733","8.2461937699"
"Kaiserslautern","Landkreis","Rheinland-Pfalz","105979","68","3095","2920","95",101,"de-rp-07335000","49.446222318","7.6849815727"
"Kusel","Landkreis","Rheinland-Pfalz","70219","61","1798","2561","64",45,"de-rp-07336000","49.5498108558","7.47132028218"
"Südliche Weinstraße","Landkreis","Rheinland-Pfalz","110521","104","2915","2638","71",79,"de-rp-07337000","49.1903823441","8.04807600445"
"Rhein-Pfalz-Kreis","Landkreis","Rheinland-Pfalz","154609","209","5534","3579","114",177,"de-rp-07338000","49.416649982","8.36068108599"
"Mainz-Bingen","Landkreis","Rheinland-Pfalz","211417","200","6045","2859","110",233,"de-rp-07339000","49.9220138826","8.07964875059"
"Südwestpfalz","Landkreis","Rheinland-Pfalz","94831","72","2202","2322","75",71,"de-rp-07340000","49.2082747366","7.65886718981"
"Stuttgart","Stadtkreis","Baden-Württemberg","635911","369","22163","3485","119",755,"de-bw-08111000","48.7745339639","9.17206798796"
"Böblingen","Landkreis","Baden-Württemberg","392807","253","13189","3358","118",465,"de-bw-08115000","48.6782256288","8.9427773012"
"Esslingen","Landkreis","Baden-Württemberg","535024","476","20253","3785","146",781,"de-bw-08116000","48.6480216763","9.36916572775"
"Göppingen","Landkreis","Baden-Württemberg","258145","179","9243","3581","197",509,"de-bw-08117000","48.6631483606","9.71750497706"
"Ludwigsburg","Landkreis","Baden-Württemberg","545423","444","20427","3745","149",810,"de-bw-08118000","48.940602979","9.12434425665"
"Rems-Murr-Kreis","Landkreis","Baden-Württemberg","427248","321","15366","3597","156",668,"de-bw-08119000","48.899008131","9.50121295556"
"Heilbronn","Stadtkreis","Baden-Württemberg","126592","123","6739","5323","281",356,"de-bw-08121000","49.1527195922","9.18234690067"
"Heilbronn","Landkreis","Baden-Württemberg","344456","185","12178","3535","182",628,"de-bw-08125000","49.177198517","9.19077872323"
"Hohenlohekreis","Landkreis","Baden-Württemberg","112655","110","4431","3933","222",250,"de-bw-08126000","49.2715461389","9.61413578119"
"Schwäbisch Hall","Landkreis","Baden-Württemberg","196761","204","8961","4554","266",523,"de-bw-08127000","49.1444689707","9.90893216762"
"Main-Tauber-Kreis","Landkreis","Baden-Württemberg","132399","81","4308","3254","153",202,"de-bw-08128000","49.5607007055","9.72508840096"
"Heidenheim","Landkreis","Baden-Württemberg","132777","140","4168","3139","233",309,"de-bw-08135000","48.6622814605","10.182150425"
"Ostalbkreis","Landkreis","Baden-Württemberg","314025","313","11502","3663","163",513,"de-bw-08136000","48.877525969","10.0901573582"
"Baden-Baden","Stadtkreis","Baden-Württemberg","55185","52","1632","2957","130",72,"de-bw-08211000","48.748527439","8.23176220313"
"Karlsruhe","Stadtkreis","Baden-Württemberg","312060","181","8448","2707","128",399,"de-bw-08212000","49.0113339856","8.41266976981"
"Karlsruhe","Landkreis","Baden-Württemberg","445101","423","14861","3339","144",641,"de-bw-08215000","49.0818849258","8.56279664203"
"Rastatt","Landkreis","Baden-Württemberg","231420","140","7808","3374","175",404,"de-bw-08216000","48.7618192531","8.24124756893"
"Heidelberg","Stadtkreis","Baden-Württemberg","161485","57","4474","2771","68",110,"de-bw-08221000","49.4055152955","8.69417184974"
"Mannheim","Stadtkreis","Baden-Württemberg","310658","266","13295","4280","142",440,"de-bw-08222000","49.4994190357","8.50032443773"
"Neckar-Odenwald-Kreis","Landkreis","Baden-Württemberg","143633","125","5005","3485","145",208,"de-bw-08225000","49.4666097739","9.28011000163"
"Rhein-Neckar-Kreis","Landkreis","Baden-Württemberg","548355","370","18517","3377","125",683,"de-bw-08226000","49.3684849338","8.76708442595"
"Pforzheim","Stadtkreis","Baden-Württemberg","125957","164","5900","4684","124",156,"de-bw-08231000","48.8764005469","8.71277909336"
"Calw","Landkreis","Baden-Württemberg","159201","155","6452","4053","92",146,"de-bw-08235000","48.6789990614","8.6357698286"
"Enzkreis","Landkreis","Baden-Württemberg","199556","225","7339","3678","133",266,"de-bw-08236000","48.9144669267","8.73708120338"
"Freudenstadt","Landkreis","Baden-Württemberg","118243","141","4112","3478","153",181,"de-bw-08237000","48.4744061685","8.4653129709"
"Freiburg im Breisgau","Stadtkreis","Baden-Württemberg","231195","142","6243","2700","74",170,"de-bw-08311000","47.9925229956","7.81807596197"
"Breisgau-Hochschwarzwald","Landkreis","Baden-Württemberg","263601","171","7397","2806","81",213,"de-bw-08315000","47.9249093559","7.92494089685"
"Emmendingen","Landkreis","Baden-Württemberg","166408","150","5307","3189","85",141,"de-bw-08316000","48.1485120637","7.89755038202"
"Ortenaukreis","Landkreis","Baden-Württemberg","430953","508","15572","3613","146",628,"de-bw-08317000","48.4209719355","8.01621990932"
"Rottweil","Landkreis","Baden-Württemberg","139878","150","5879","4203","134",187,"de-bw-08325000","48.254220293","8.53235133177"
"Schwarzwald-Baar-Kreis","Landkreis","Baden-Württemberg","212506","184","7105","3343","110",233,"de-bw-08326000","48.0191197382","8.41096435345"
"Tuttlingen","Landkreis","Baden-Württemberg","140766","126","5665","4024","139",195,"de-bw-08327000","48.01120044","8.7941361763"
"Konstanz","Landkreis","Baden-Württemberg","286305","259","9249","3230","138",394,"de-bw-08335000","47.7932127909","8.9157630123"
"Lörrach","Landkreis","Baden-Württemberg","228736","276","8497","3715","106",243,"de-bw-08336000","47.703504023","7.77402882816"
"Waldshut","Landkreis","Baden-Württemberg","171003","191","6092","3563","139",238,"de-bw-08337000","47.6971334745","8.21889239137"
"Reutlingen","Landkreis","Baden-Württemberg","287034","243","10838","3776","129",370,"de-bw-08415000","48.4064763532","9.36572629856"
"Tübingen","Landkreis","Baden-Württemberg","228678","168","7242","3167","118",270,"de-bw-08416000","48.481737902","8.98763400076"
"Zollernalbkreis","Landkreis","Baden-Württemberg","189363","155","6527","3447","121",229,"de-bw-08417000","48.2672389069","8.93742839835"
"Ulm","Stadtkreis","Baden-Württemberg","126790","70","4257","3358","147",187,"de-bw-08421000","48.3908327419","9.9500211353"
"Alb-Donau-Kreis","Landkreis","Baden-Württemberg","197076","164","6735","3417","124",245,"de-bw-08425000","48.4017114301","9.82744714375"
"Biberach","Landkreis","Baden-Württemberg","201282","148","6358","3159","161",324,"de-bw-08426000","48.1075826288","9.77425436647"
"Bodenseekreis","Landkreis","Baden-Württemberg","217470","141","5991","2755","108",234,"de-bw-08435000","47.7334602866","9.40077001359"
"Ravensburg","Landkreis","Baden-Württemberg","285424","112","8247","2889","116",332,"de-bw-08436000","47.8250441153","9.77989455833"
"Sigmaringen","Landkreis","Baden-Württemberg","130849","72","4294","3282","140",183,"de-bw-08437000","48.0391514971","9.24100350319"
"Ingolstadt","Kreisfreie Stadt","Bayern","137392","94","4817","3506","150",206,"de-by-09161000","48.7550927761","11.3950069326"
"München","Kreisfreie Stadt","Bayern","1484226","1132","61870","4169","127",1884,"de-by-09162000","48.1532131611","11.5472441841"
"Rosenheim","Kreisfreie Stadt","Bayern","63551","56","3402","5353","154",98,"de-by-09163000","47.8443777181","12.1087247511"
"Altötting","Landkreis","Bayern","111516","195","4925","4416","244",272,"de-by-09171000","48.2098044272","12.7052826752"
"Berchtesgadener Land","Landkreis","Bayern","105929","99","5115","4829","155",164,"de-by-09172000","47.6984724021","12.9018660877"
"Bad Tölz-Wolfratshausen","Landkreis","Bayern","127917","64","4080","3190","111",142,"de-by-09173000","47.7274771535","11.4831153973"
"Dachau","Landkreis","Bayern","154899","132","6934","4476","118",183,"de-by-09174000","48.3345482595","11.3571128101"
"Ebersberg","Landkreis","Bayern","143649","172","5398","3758","86",123,"de-by-09175000","48.0761776106","11.9131721198"
"Eichstätt","Landkreis","Bayern","132881","72","4187","3151","155",206,"de-by-09176000","48.8980875603","11.3703873291"
"Erding","Landkreis","Bayern","138182","105","5857","4239","102",141,"de-by-09177000","48.3003970808","12.0006246986"
"Freising","Landkreis","Bayern","180007","119","6939","3855","181",325,"de-by-09178000","48.4473569802","11.7406716932"
"Fürstenfeldbruck","Landkreis","Bayern","219311","129","8202","3740","111",244,"de-by-09179000","48.1877932949","11.2010776242"
"Garmisch-Partenkirchen","Landkreis","Bayern","88424","83","3075","3478","146",129,"de-by-09180000","47.5563489806","11.1296286125"
"Landsberg am Lech","Landkreis","Bayern","120302","63","3497","2907","106",128,"de-by-09181000","48.0244353759","10.9487346774"
"Miesbach","Landkreis","Bayern","100010","65","3667","3667","122",122,"de-by-09182000","47.7416453347","11.8089897365"
"Mühldorf a. Inn","Landkreis","Bayern","115872","137","5621","4851","259",300,"de-by-09183000","48.2393145242","12.3818280217"
"München","Landkreis","Bayern","350473","280","13028","3717","106",371,"de-by-09184000","48.0744744023","11.6313680405"
"Neuburg-Schrobenhausen","Landkreis","Bayern","97303","65","3419","3514","157",153,"de-by-09185000","48.6644203317","11.197210668"
"Pfaffenhofen a.d. Ilm","Landkreis","Bayern","128227","151","4698","3664","150",192,"de-by-09186000","48.5962751771","11.5242827055"
"Rosenheim","Landkreis","Bayern","261330","436","12167","4656","111",290,"de-by-09187000","47.8783797472","12.162753976"
"Starnberg","Landkreis","Bayern","136667","108","4394","3215","84",115,"de-by-09188000","48.0060469771","11.2817326717"
"Traunstein","Landkreis","Bayern","177319","199","9107","5136","228",405,"de-by-09189000","47.8945427587","12.5795750694"
"Weilheim-Schongau","Landkreis","Bayern","135478","60","4018","2966","117",158,"de-by-09190000","47.7875370323","11.0483364745"
"Landshut","Kreisfreie Stadt","Bayern","73411","98","3208","4370","93",68,"de-by-09261000","48.5446699826","12.1593416454"
"Passau","Kreisfreie Stadt","Bayern","52803","109","3149","5964","131",69,"de-by-09262000","48.5820983986","13.4150504225"
"Straubing","Kreisfreie Stadt","Bayern","47791","78","1891","3957","157",75,"de-by-09263000","48.8807544792","12.5734748714"
"Deggendorf","Landkreis","Bayern","119478","133","5563","4656","255",305,"de-by-09271000","48.7787021164","13.0007258015"
"Freyung-Grafenau","Landkreis","Bayern","78362","113","4190","5347","145",114,"de-by-09272000","48.8268581711","13.513210064"
"Kelheim","Landkreis","Bayern","123058","89","4558","3704","215",264,"de-by-09273000","48.8249414287","11.857554442"
"Landshut","Landkreis","Bayern","159895","156","6205","3881","118",189,"de-by-09274000","48.5577554134","12.1953924179"
"Passau","Landkreis","Bayern","192656","349","11538","5989","162",313,"de-by-09275000","48.5586304532","13.3666035859"
"Regen","Landkreis","Bayern","77410","154","4906","6338","171",132,"de-by-09276000","49.0228144148","13.0997637882"
"Rottal-Inn","Landkreis","Bayern","121502","160","5973","4916","151",183,"de-by-09277000","48.4245198693","12.8673504326"
"Straubing-Bogen","Landkreis","Bayern","101120","128","4391","4342","214",216,"de-by-09278000","48.89970504","12.5824039909"
"Dingolfing-Landau","Landkreis","Bayern","96683","80","4302","4450","285",276,"de-by-09279000","48.641164618","12.6104771899"
"Amberg","Kreisfreie Stadt","Bayern","42207","21","1438","3407","185",78,"de-by-09361000","49.4509277374","11.8453726034"
"Regensburg","Kreisfreie Stadt","Bayern","153094","70","5640","3684","165",253,"de-by-09362000","49.0130808954","12.1137308794"
"Weiden i.d. OPf.","Kreisfreie Stadt","Bayern","42743","72","2488","5821","98",42,"de-by-09363000","49.6692496128","12.1545339322"
"Amberg-Sulzbach","Landkreis","Bayern","103049","145","4233","4108","132",136,"de-by-09371000","49.4867511317","11.8009532083"
"Cham","Landkreis","Bayern","127998","150","5913","4620","291",372,"de-by-09372000","49.2370651553","12.6954795471"
"Neumarkt i.d. OPf.","Landkreis","Bayern","134573","115","5053","3755","103",139,"de-by-09373000","49.2159614099","11.5665579197"
"Neustadt a.d. Waldnaab","Landkreis","Bayern","94450","156","4810","5093","129",122,"de-by-09374000","49.6865828841","12.0982574415"
"Regensburg","Landkreis","Bayern","194070","171","6540","3370","178",345,"de-by-09375000","49.0213433263","12.1211612289"
"Schwandorf","Landkreis","Bayern","147872","138","7263","4912","185",274,"de-by-09376000","49.3680333605","12.2530847621"
"Tirschenreuth","Landkreis","Bayern","72046","253","5076","7045","97",70,"de-by-09377000","49.8993890086","12.2003418405"
"Bamberg","Kreisfreie Stadt","Bayern","77373","99","2600","3360","88",68,"de-by-09461000","49.8872221328","10.8989362521"
"Bayreuth","Kreisfreie Stadt","Bayern","74783","103","2961","3959","194",145,"de-by-09462000","49.9377427404","11.5846727854"
"Coburg","Kreisfreie Stadt","Bayern","41072","86","1831","4458","168",69,"de-by-09463000","50.2639516155","10.9644386599"
"Hof","Kreisfreie Stadt","Bayern","45825","96","3367","7348","587",269,"de-by-09464000","50.3107956285","11.8972631725"
"Bamberg","Landkreis","Bayern","147163","127","4376","2974","113",166,"de-by-09471000","49.893428617","10.8836637829"
"Bayreuth","Landkreis","Bayern","103664","149","4300","4148","157",163,"de-by-09472000","49.8837610883","11.5551557567"
"Coburg","Landkreis","Bayern","86747","143","3718","4286","138",120,"de-by-09473000","50.267889506","10.9423260473"
"Forchheim","Landkreis","Bayern","116203","103","4096","3525","112",130,"de-by-09474000","49.7209968812","11.1731319634"
"Hof","Landkreis","Bayern","94801","124","5365","5659","451",428,"de-by-09475000","50.2732120456","11.8191928507"
"Kronach","Landkreis","Bayern","66743","84","3236","4848","307",205,"de-by-09476000","50.3279632281","11.3720466405"
"Kulmbach","Landkreis","Bayern","71566","103","3540","4946","231",165,"de-by-09477000","50.1026420807","11.4822991401"
"Lichtenfels","Landkreis","Bayern","66776","69","2779","4162","184",123,"de-by-09478000","50.1093305037","11.1169215721"
"Wunsiedel i. Fichtelgebirge","Landkreis","Bayern","72655","185","4646","6395","135",98,"de-by-09479000","50.0901405328","12.0418721069"
"Ansbach","Kreisfreie Stadt","Bayern","41798","42","1461","3495","77",32,"de-by-09561000","49.2921846581","10.56366943"
"Erlangen","Kreisfreie Stadt","Bayern","112528","90","3333","2962","103",116,"de-by-09562000","49.5823292133","10.9781449629"
"Fürth","Kreisfreie Stadt","Bayern","128497","184","5962","4640","184",237,"de-by-09563000","49.4914188335","10.9654822077"
"Nürnberg","Kreisfreie Stadt","Bayern","518370","860","28528","5503","206",1070,"de-by-09564000","49.4362114486","11.0827553426"
"Schwabach","Kreisfreie Stadt","Bayern","40981","100","1856","4529","151",62,"de-by-09565000","49.3356205083","11.0235125889"
"Ansbach","Landkreis","Bayern","184591","158","6502","3522","146",270,"de-by-09571000","49.2481645834","10.4681333941"
"Erlangen-Höchstadt","Landkreis","Bayern","137262","118","4481","3265","100",137,"de-by-09572000","49.6400408309","10.9148933012"
"Fürth","Landkreis","Bayern","117853","188","4483","3804","130",153,"de-by-09573000","49.4466905187","10.8496864939"
"Nürnberger Land","Landkreis","Bayern","170792","163","6082","3561","164",280,"de-by-09574000","49.4919039379","11.3694064626"
"Neustadt a.d. Aisch-Bad Windsheim","Landkreis","Bayern","101014","93","3345","3311","132",133,"de-by-09575000","49.5694835927","10.4652916664"
"Roth","Landkreis","Bayern","126749","164","4883","3852","123",156,"de-by-09576000","49.2029170864","11.1235654086"
"Weißenburg-Gunzenhausen","Landkreis","Bayern","94734","106","3199","3377","185",175,"de-by-09577000","49.0326858351","10.8936591358"
"Aschaffenburg","Kreisfreie Stadt","Bayern","71002","100","2666","3755","128",91,"de-by-09661000","49.9638560444","9.14581192433"
"Schweinfurt","Kreisfreie Stadt","Bayern","53426","71","2132","3991","122",65,"de-by-09662000","50.0470080022","10.2208919522"
"Würzburg","Kreisfreie Stadt","Bayern","127934","104","3567","2788","117",150,"de-by-09663000","49.7846554247","9.94089602932"
"Aschaffenburg","Landkreis","Bayern","174200","194","6836","3924","141",245,"de-by-09671000","50.0080931044","9.23803745665"
"Bad Kissingen","Landkreis","Bayern","103235","91","2833","2744","86",89,"de-by-09672000","50.2225139424","9.96470110779"
"Rhön-Grabfeld","Landkreis","Bayern","79635","75","2822","3544","235",187,"de-by-09673000","50.3713127519","10.2549075725"
"Haßberge","Landkreis","Bayern","84384","76","3101","3675","233",197,"de-by-09674000","50.0628789327","10.6069788351"
"Kitzingen","Landkreis","Bayern","91155","80","2666","2925","143",130,"de-by-09675000","49.7532253896","10.2560624461"
"Miltenberg","Landkreis","Bayern","128743","118","4828","3750","61",78,"de-by-09676000","49.7572905887","9.23471658769"
"Main-Spessart","Landkreis","Bayern","126158","190","3957","3137","95",120,"de-by-09677000","49.9935822339","9.66268166277"
"Schweinfurt","Landkreis","Bayern","115445","117","3869","3351","115",133,"de-by-09678000","50.016881784","10.2599503138"
"Würzburg","Landkreis","Bayern","162302","64","3696","2277","105",170,"de-by-09679000","49.737626672","9.92736341488"
"Augsburg","Kreisfreie Stadt","Bayern","296582","359","14352","4839","185",548,"de-by-09761000","48.3455708649","10.885505361"
"Kaufbeuren","Kreisfreie Stadt","Bayern","44398","48","1894","4266","243",108,"de-by-09762000","47.8799285987","10.6160967463"
"Kempten (Allgäu)","Kreisfreie Stadt","Bayern","69151","36","2148","3106","198",137,"de-by-09763000","47.7381842508","10.3081184931"
"Memmingen","Kreisfreie Stadt","Bayern","44100","21","1570","3560","209",92,"de-by-09764000","47.9787874869","10.1630276762"
"Aichach-Friedberg","Landkreis","Bayern","134655","89","4145","3078","108",145,"de-by-09771000","48.4275701484","11.0527555565"
"Augsburg","Landkreis","Bayern","253468","185","9136","3604","140",354,"de-by-09772000","48.3542871832","10.7320845344"
"Dillingen a.d. Donau","Landkreis","Bayern","96562","102","2917","3021","109",105,"de-by-09773000","48.5964037974","10.527764168"
"Günzburg","Landkreis","Bayern","127027","96","5033","3962","133",169,"de-by-09774000","48.3528138472","10.3811312115"
"Neu-Ulm","Landkreis","Bayern","175204","104","5630","3213","129",226,"de-by-09775000","48.2982265453","10.1411558091"
"Lindau (Bodensee)","Landkreis","Bayern","81981","60","2903","3541","105",86,"de-by-09776000","47.6051649499","9.88286136549"
"Ostallgäu","Landkreis","Bayern","141182","111","5674","4019","278",393,"de-by-09777000","47.769959059","10.6397316342"
"Unterallgäu","Landkreis","Bayern","145341","126","5361","3689","183",266,"de-by-09778000","48.0398130352","10.3892327572"
"Donau-Ries","Landkreis","Bayern","133783","146","4579","3423","170",227,"de-by-09779000","48.8069320352","10.7123441979"
"Oberallgäu","Landkreis","Bayern","156008","60","4874","3124","160",250,"de-by-09780000","47.572707564","10.2586229074"
"Regionalverband Saarbrücken","Landkreis","Saarland","328714","438","12773","3886","150",494,"de-sl-10041000","49.2513823946","6.95729652837"
"Merzig-Wadern","Landkreis","Saarland","103243","47","2888","2797","63",65,"de-sl-10042000","49.4957645611","6.68048479703"
"Neunkirchen","Landkreis","Saarland","131408","106","4423","3366","149",196,"de-sl-10043000","49.3757016517","7.11720320683"
"Saarlouis","Landkreis","Saarland","194319","143","6895","3548","98",190,"de-sl-10044000","49.3553415477","6.77554333939"
"Saarpfalz-Kreis","Landkreis","Saarland","142196","94","3855","2711","119",169,"de-sl-10045000","49.2486993859","7.24222124863"
"St. Wendel","Landkreis","Saarland","87007","104","2728","3135","54",47,"de-sl-10046000","49.5195731082","7.1004332453"
"Brandenburg an der Havel","Kreisfreie Stadt","Brandenburg","72184","75","1923","2664","127",92,"de-bb-12051000","52.4027150878","12.5193337833"
"Cottbus","Kreisfreie Stadt","Brandenburg","99678","187","5117","5134","191",190,"de-bb-12052000","51.7726930018","14.3662188537"
"Frankfurt (Oder)","Kreisfreie Stadt","Brandenburg","57751","94","1840","3186","113",65,"de-bb-12053000","52.3247630784","14.4903487489"
"Potsdam","Kreisfreie Stadt","Brandenburg","180334","233","5900","3272","71",128,"de-bb-12054000","52.4261784936","13.0285491746"
"Barnim","Landkreis","Brandenburg","185244","201","5263","2841","98",181,"de-bb-12060000","52.8232279789","13.7037311303"
"Dahme-Spreewald","Landkreis","Brandenburg","170791","226","6060","3548","91",156,"de-bb-12061000","52.0423069298","13.8199407798"
"Elbe-Elster","Landkreis","Brandenburg","101827","210","6200","6089","218",222,"de-bb-12062000","51.6122710164","13.459588917"
"Havelland","Landkreis","Brandenburg","162996","165","5284","3242","139",227,"de-bb-12063000","52.6208208123","12.6283469145"
"Märkisch-Oderland","Landkreis","Brandenburg","195751","245","5908","3018","104",204,"de-bb-12064000","52.6067238051","14.1464643331"
"Oberhavel","Landkreis","Brandenburg","212914","241","7260","3410","96",204,"de-bb-12065000","52.9068326453","13.2053022184"
"Oberspreewald-Lausitz","Landkreis","Brandenburg","109371","254","6515","5957","146",160,"de-bb-12066000","51.6163005208","13.9436173031"
"Oder-Spree","Landkreis","Brandenburg","178803","269","7030","3932","197",352,"de-bb-12067000","52.244008511","14.2190594331"
"Ostprignitz-Ruppin","Landkreis","Brandenburg","98861","135","3757","3800","127",126,"de-bb-12068000","52.9914230426","12.6359589515"
"Potsdam-Mittelmark","Landkreis","Brandenburg","216566","190","6814","3146","78",169,"de-bb-12069000","52.246294705","12.6891435021"
"Prignitz","Landkreis","Brandenburg","76158","145","2831","3717","140",107,"de-bb-12070000","53.1093267277","11.9618269267"
"Spree-Neiße","Landkreis","Brandenburg","113720","173","6587","5792","208",237,"de-bb-12071000","51.7585932354","14.4331285714"
"Teltow-Fläming","Landkreis","Brandenburg","169997","185","5873","3455","128",217,"de-bb-12072000","52.073184313","13.276018196"
"Uckermark","Landkreis","Brandenburg","118947","145","3183","2676","95",113,"de-bb-12073000","53.2059030724","13.8612986206"
"Rostock","Kreisfreie Stadt","Mecklenburg-Vorpommern","209191","29","2108","1008","78",164,"de-mv-13003000","54.1463883937","12.1417471216"
"Schwerin","Kreisfreie Stadt","Mecklenburg-Vorpommern","95653","96","2167","2265","110",105,"de-mv-13004000","53.6215100516","11.4165299501"
"Mecklenburgische Seenplatte","Landkreis","Mecklenburg-Vorpommern","258074","139","6752","2616","176",455,"de-mv-13071000","53.5436927516","13.0024606209"
"Rostock","Landkreis","Mecklenburg-Vorpommern","215794","100","3361","1558","127",275,"de-mv-13072000","53.91204551","12.220833831"
"Vorpommern-Rügen","Landkreis","Mecklenburg-Vorpommern","224702","65","2956","1316","70",157,"de-mv-13073000","54.2842029523","12.9915254157"
"Nordwestmecklenburg","Landkreis","Mecklenburg-Vorpommern","157322","65","3084","1960","106",166,"de-mv-13074000","53.8215122283","11.2521094692"
"Vorpommern-Greifswald","Landkreis","Mecklenburg-Vorpommern","235623","210","7972","3383","162",381,"de-mv-13075000","53.7895111552","13.780696363"
"Ludwigslust-Parchim","Landkreis","Mecklenburg-Vorpommern","211779","203","5439","2568","133",281,"de-mv-13076000","53.4500470376","11.5341416118"
"Chemnitz","Kreisfreie Stadt","Sachsen","246334","412","13453","5461","237",585,"de-sn-14511000","50.8263036941","12.9118299015"
"Erzgebirgskreis","Landkreis","Sachsen","334948","665","25220","7530","294",985,"de-sn-14521000","50.6088984202","12.9450724745"
"Mittelsachsen","Landkreis","Sachsen","304099","586","18771","6173","262",796,"de-sn-14522000","50.9558166403","13.1375068135"
"Vogtlandkreis","Landkreis","Sachsen","225997","658","16484","7294","336",759,"de-sn-14523000","50.4567929391","12.2349996186"
"Zwickau","Landkreis","Sachsen","315002","875","21699","6889","255",802,"de-sn-14524000","50.750774796","12.5258055075"
"Dresden","Kreisfreie Stadt","Sachsen","556780","996","26018","4673","145",807,"de-sn-14612000","51.0664442924","13.7834490742"
"Bautzen","Landkreis","Sachsen","299758","803","22315","7444","233",699,"de-sn-14625000","51.2689135848","14.2310085239"
"Görlitz","Landkreis","Sachsen","252725","1020","17271","6834","198",501,"de-sn-14626000","51.2256177492","14.750796811"
"Meißen","Landkreis","Sachsen","241717","572","14812","6128","171",414,"de-sn-14627000","51.239397748","13.4829006825"
"Sächsische Schweiz-Osterzgebirge","Landkreis","Sachsen","245586","886","17238","7019","169",415,"de-sn-14628000","50.9167179421","13.8734340504"
"Leipzig","Kreisfreie Stadt","Sachsen","593145","464","18489","3117","126",747,"de-sn-14713000","51.3422385995","12.3747717597"
"Leipzig","Landkreis","Sachsen","258139","299","12369","4792","144",372,"de-sn-14729000","51.2214366733","12.5994908653"
"Nordsachsen","Landkreis","Sachsen","197741","322","11573","5853","206",407,"de-st-14730000","51.4728650798","12.7793967591"
"Dessau-Roßlau","Kreisfreie Stadt","Sachsen-Anhalt","80103","99","2652","3311","139",111,"de-st-15001000","51.8537380889","12.2310559599"
"Halle (Saale)","Kreisfreie Stadt","Sachsen-Anhalt","238762","295","9667","4049","206",493,"de-st-15002000","51.4798019096","11.9684968347"
"Magdeburg","Kreisfreie Stadt","Sachsen-Anhalt","237565","97","5382","2265","130",309,"de-st-15003000","52.1165976423","11.6414820231"
"Altmarkkreis Salzwedel","Landkreis","Sachsen-Anhalt","83173","68","1828","2198","106",88,"de-st-15081000","52.6800481605","11.2270452746"
"Anhalt-Bitterfeld","Landkreis","Sachsen-Anhalt","158486","147","5245","3309","93",148,"de-st-15082000","51.7954450255","12.1432020671"
"Börde","Landkreis","Sachsen-Anhalt","170923","120","4848","2836","110",188,"de-st-15083000","52.2207122989","11.3478384337"
"Burgenlandkreis","Landkreis","Sachsen-Anhalt","178846","515","10671","5967","343",614,"de-st-15084000","51.1472256333","11.8834224288"
"Harz","Landkreis","Sachsen-Anhalt","213310","228","6672","3128","168",359,"de-st-15085000","51.8212958888","10.9585438222"
"Jerichower Land","Landkreis","Sachsen-Anhalt","89589","131","2803","3129","93",83,"de-st-15086000","52.2607898277","12.0265188373"
"Mansfeld-Südharz","Landkreis","Sachsen-Anhalt","134942","166","5014","3716","180",243,"de-st-15087000","51.5356901778","11.3563584729"
"Saalekreis","Landkreis","Sachsen-Anhalt","183815","285","7997","4351","188",345,"de-st-15088000","51.4256710773","11.865474038"
"Salzlandkreis","Landkreis","Sachsen-Anhalt","189125","284","7238","3827","179",339,"de-st-15089000","51.8518591913","11.6427256195"
"Stendal","Landkreis","Sachsen-Anhalt","111190","148","3595","3233","240",267,"de-st-15090000","52.6967781735","11.8395343529"
"Wittenberg","Landkreis","Sachsen-Anhalt","124953","250","5650","4522","178",222,"de-st-15091000","51.8201400674","12.7015882396"
"Erfurt","Kreisfreie Stadt","Thüringen","213981","227","6813","3184","162",347,"de-th-16051000","50.9832526908","11.0202248069"
"Gera","Kreisfreie Stadt","Thüringen","93125","147","4544","4879","316",294,"de-th-16052000","50.8940170773","12.0826961871"
"Jena","Kreisfreie Stadt","Thüringen","111343","61","3559","3196","154",172,"de-th-16053000","50.9242638034","11.5870112529"
"Suhl","Kreisfreie Stadt","Thüringen","36789","100","1764","4795","207",76,"de-th-16054000","50.611602852","10.6881775642"
"Weimar","Kreisfreie Stadt","Thüringen","65228","95","2106","3229","126",82,"de-th-16055000","50.9783471684","11.3178722759"
"Eisenach","Kreisfreie Stadt","Thüringen","42250","56","1499","3548","151",64,"de-th-16056000","50.9896760625","10.3001023192"
"Eichsfeld","Landkreis","Thüringen","100006","210","5308","5308","195",195,"de-th-16061000","51.3836491981","10.2534853921"
"Nordhausen","Landkreis","Thüringen","83416","51","2033","2437","74",62,"de-th-16062000","51.5022779756","10.7309067397"
"Wartburgkreis","Landkreis","Thüringen","118974","190","6444","5416","340",405,"de-th-16063000","50.8858017017","10.2107039491"
"Unstrut-Hainich-Kreis","Landkreis","Thüringen","102232","213","5395","5277","131",134,"de-th-16064000","51.185238708","10.551795561"
"Kyffhäuserkreis","Landkreis","Thüringen","74212","116","2900","3908","167",124,"de-th-16065000","51.3247630758","10.9848331992"
"Schmalkalden-Meiningen","Landkreis","Thüringen","124916","309","8401","6725","304",380,"de-th-16066000","50.6307076864","10.4050434075"
"Gotha","Landkreis","Thüringen","134908","178","6399","4743","298",402,"de-th-16067000","50.9106605802","10.6937627152"
"Sömmerda","Landkreis","Thüringen","69427","107","3121","4495","220",153,"de-th-16068000","51.1578080643","11.1547511823"
"Hildburghausen","Landkreis","Thüringen","63197","218","4379","6929","123",78,"de-th-16069000","50.4340027482","10.7340904102"
"Ilm-Kreis","Landkreis","Thüringen","106249","177","4959","4667","319",339,"de-th-16070000","50.7379337622","10.9663574908"
"Weimarer Land","Landkreis","Thüringen","82156","52","3178","3868","191",157,"de-th-16071000","50.9715719951","11.3735532667"
"Sonneberg","Landkreis","Thüringen","57717","149","3222","5582","270",156,"de-th-16072000","50.4146305494","11.1329526551"
"Saalfeld-Rudolstadt","Landkreis","Thüringen","103199","241","5429","5261","165",170,"de-th-16073000","50.637797959","11.3091162493"
"Saale-Holzland-Kreis","Landkreis","Thüringen","82950","89","3815","4599","259",215,"de-th-16074000","50.904172137","11.7315307817"
"Saale-Orla-Kreis","Landkreis","Thüringen","80312","119","5091","6339","240",193,"de-th-16075000","50.5808480206","11.7105737336"
"Greiz","Landkreis","Thüringen","97398","155","6470","6643","472",460,"de-th-16076000","50.7484595538","12.0740705739"
"Altenburger Land","Landkreis","Thüringen","89393","241","5874","6571","242",216,"de-th-16077000","50.9564246614","12.3991313423"
