"Kreis","Typ","Bundesland","Einwohner","Tote","Infizierte","Fälle.pro.100.000","Neuinfektionen.pro.100.000","Neuinfektionen","hc.key","lat","lon"
"Berlin","Kreisfreie Stadt","Berlin","3664088","3777","253555","6920","346",12678,"de-be-11000000","52.5015315807","13.4018502444"
"Flensburg","Kreisfreie Stadt","Schleswig-Holstein","89934","39","3286","3653.8","144.6",130,"de-sh-01001000","54.7849933768","9.43852835486"
"Kiel","Kreisfreie Stadt","Schleswig-Holstein","246601","119","8544","3464.7","129.8",320,"de-sh-01002000","54.3248406926","10.1322443646"
"Lübeck","Kreisfreie Stadt","Schleswig-Holstein","215846","110","7908","3663.7","161.2",348,"de-sh-01003000","53.8723167338","10.7272831058"
"Neumünster","Kreisfreie Stadt","Schleswig-Holstein","79905","25","2968","3714.4","249",199,"de-sh-01004000","54.0811244365","9.98448195474"
"Dithmarschen","Kreis","Schleswig-Holstein","133251","59","3055","2292.7","75.8",101,"de-sh-01051000","54.1329109614","9.10781447873"
"Herzogtum Lauenburg","Kreis","Schleswig-Holstein","199152","125","7259","3645","174.7",348,"de-sh-01053000","53.5890024203","10.6018592215"
"Nordfriesland","Kreis","Schleswig-Holstein","167147","90","3978","2379.9","82.6",138,"de-sh-01054000","54.6095639996","8.88688779292"
"Ostholstein","Kreis","Schleswig-Holstein","201487","88","4444","2205.6","88.3",178,"de-sh-01055000","54.1896490274","10.8194270205"
"Pinneberg","Kreis","Schleswig-Holstein","317085","398","14154","4463.8","145.4",461,"de-sh-01056000","53.7180840651","9.73686669973"
"Plön","Kreis","Schleswig-Holstein","129353","36","2220","1716.2","84.3",109,"de-sh-01057000","54.2433885939","10.3636951573"
"Rendsburg-Eckernförde","Kreis","Schleswig-Holstein","274765","67","5917","2153.5","89.2",245,"de-sh-01058000","54.2896157359","9.78174206802"
"Schleswig-Flensburg","Kreis","Schleswig-Holstein","202647","63","3969","1958.6","77",156,"de-sh-01059000","54.6190195643","9.48870921465"
"Segeberg","Kreis","Schleswig-Holstein","278007","177","9323","3353.5","114.4",318,"de-sh-01060000","53.9199857446","10.1409147199"
"Steinburg","Kreis","Schleswig-Holstein","130706","48","3259","2493.4","124.7",163,"de-sh-01061000","53.9289451889","9.51938189615"
"Stormarn","Kreis","Schleswig-Holstein","244989","325","9608","3921.8","148.6",364,"de-sh-01062000","53.7208005726","10.3316398811"
"Hamburg","Kreisfreie Stadt","Hamburg","1852478","1860","106945","5773.1","159.5",2954,"de-hh-02000000","53.5463773461","10.0207944156"
"Braunschweig","Kreisfreie Stadt","Niedersachsen","248561","199","8840","3556.5","134.4",334,"de-ni-03101000","52.275221093","10.5241080552"
"Salzgitter","Kreisfreie Stadt","Niedersachsen","103866","87","7410","7134.2","344.7",358,"de-ni-03102000","52.124474442","10.3707262339"
"Wolfsburg","Kreisfreie Stadt","Niedersachsen","123840","97","5994","4840.1","188.1",233,"de-ni-03103000","52.4107473932","10.7848707661"
"Gifhorn","Landkreis","Niedersachsen","177227","202","8811","4971.6","252.8",448,"de-ni-03151000","52.5802562309","10.6041704601"
"Goslar","Landkreis","Niedersachsen","134688","139","3705","2750.8","144.8",195,"de-ni-03153000","51.8746771574","10.400392667"
"Helmstedt","Landkreis","Niedersachsen","91518","100","3245","3545.8","155.2",142,"de-ni-03154000","52.2607443342","10.8888387183"
"Northeim","Landkreis","Niedersachsen","131772","66","3812","2892.9","179.9",237,"de-ni-03155000","51.7425873324","9.84800893097"
"Peine","Landkreis","Niedersachsen","135844","106","7119","5240.6","153.1",208,"de-ni-03157000","52.3041913284","10.2552878088"
"Wolfenbüttel","Landkreis","Niedersachsen","119361","102","3796","3180.3","111.4",133,"de-ni-03158000","52.1269975166","10.583953795"
"Göttingen","Landkreis","Niedersachsen","323900","294","10905","3366.8","161.2",522,"de-ni-03159000","51.4989390206","9.92623513116"
"Region Hannover","Landkreis","Niedersachsen","1155330","1119","64122","5550.1","152.9",1767,"de-ni-03241000","52.4219370696","9.71979904802"
"Diepholz","Landkreis","Niedersachsen","218072","112","8975","4115.6","119.2",260,"de-ni-03251000","52.7284857794","8.70179913631"
"Hameln-Pyrmont","Landkreis","Niedersachsen","148580","102","5772","3884.8","142.7",212,"de-ni-03252000","52.0951381895","9.38989545155"
"Hildesheim","Landkreis","Niedersachsen","275464","306","11784","4277.9","129.2",356,"de-ni-03254000","52.0902189983","9.94348097201"
"Holzminden","Landkreis","Niedersachsen","70207","67","2417","3442.7","85.5",60,"de-ni-03255000","51.8806325752","9.55140269027"
"Nienburg (Weser)","Landkreis","Niedersachsen","121645","165","4863","3997.7","81.4",99,"de-ni-03256000","52.6092228116","9.1143129274"
"Schaumburg","Landkreis","Niedersachsen","158406","88","6576","4151.4","166.7",264,"de-ni-03257000","52.2927923256","9.20656190484"
"Celle","Landkreis","Niedersachsen","179386","86","6719","3745.6","152.7",274,"de-ni-03351000","52.7133432321","10.1035661643"
"Cuxhaven","Landkreis","Niedersachsen","198826","182","6139","3087.6","96.6",192,"de-ni-03352000","53.6165865049","8.81238237187"
"Harburg","Landkreis","Niedersachsen","256016","124","9373","3661.1","127.7",327,"de-ni-03353000","53.3157734164","9.96273884793"
"Lüchow-Dannenberg","Landkreis","Niedersachsen","48503","27","1278","2634.9","167",81,"de-ni-03354000","53.0198717176","11.1229198942"
"Lüneburg","Landkreis","Niedersachsen","184235","73","5270","2860.5","115.1",212,"de-ni-03355000","53.232575345","10.5732569229"
"Osterholz","Landkreis","Niedersachsen","114640","67","3551","3097.5","123",141,"de-ni-03356000","53.2510067251","8.80808093198"
"Rotenburg (Wümme)","Landkreis","Niedersachsen","164486","102","5239","3185.1","104",171,"de-ni-03357000","53.2507583937","9.30658483814"
"Heidekreis","Landkreis","Niedersachsen","140885","111","4417","3135.2","85.9",121,"de-ni-03358000","52.9283300914","9.76941135878"
"Stade","Landkreis","Niedersachsen","205357","141","7329","3568.9","114.9",236,"de-ni-03359000","53.578976226","9.41807038986"
"Uelzen","Landkreis","Niedersachsen","92566","116","2948","3184.8","164.2",152,"de-ni-03360000","52.9836349419","10.5475810531"
"Verden","Landkreis","Niedersachsen","137574","74","5868","4265.3","222.4",306,"de-ni-03361000","52.973235647","9.17546449952"
"Delmenhorst","Kreisfreie Stadt","Niedersachsen","77503","73","4695","6057.8","197.4",153,"de-ni-03401000","53.0494043992","8.64568293102"
"Emden","Kreisfreie Stadt","Niedersachsen","49874","16","1730","3468.7","92.2",46,"de-ni-03402000","53.3606790665","7.18158411476"
"Oldenburg (Oldb)","Kreisfreie Stadt","Niedersachsen","169605","54","6030","3555.3","115",195,"de-ni-03403000","53.1445781697","8.22435903936"
"Osnabrück","Kreisfreie Stadt","Niedersachsen","164223","108","9384","5714.2","81.6",134,"de-ni-03404000","52.2776798178","8.04703290985"
"Wilhelmshaven","Kreisfreie Stadt","Niedersachsen","75189","58","2684","3569.7","93.1",70,"de-ni-03405000","53.5659448147","8.08620462896"
"Ammerland","Landkreis","Niedersachsen","125643","71","4149","3302.2","159.2",200,"de-ni-03451000","53.2184881736","8.01326226621"
"Aurich","Landkreis","Niedersachsen","190178","63","4843","2546.6","95.7",182,"de-ni-03452000","53.4964307678","7.36808958075"
"Cloppenburg","Landkreis","Niedersachsen","172632","179","14740","8538.4","332.5",574,"de-ni-03453000","52.9110290194","7.90471393786"
"Emsland","Landkreis","Niedersachsen","328930","217","17352","5275.3","233.5",768,"de-ni-03454000","52.7382970162","7.40268865164"
"Friesland","Landkreis","Niedersachsen","98971","43","2186","2208.7","144.5",143,"de-ni-03455000","53.510362974","7.98324746163"
"Grafschaft Bentheim","Landkreis","Niedersachsen","137891","129","6978","5060.5","226.3",312,"de-ni-03456000","52.4760534093","7.01985676166"
"Leer","Landkreis","Niedersachsen","171483","68","5900","3440.6","184.3",316,"de-ni-03457000","53.2435417357","7.46976164078"
"Oldenburg","Landkreis","Niedersachsen","131467","119","6338","4821","154.4",203,"de-ni-03458000","52.9880769073","8.38939656642"
"Osnabrück","Landkreis","Niedersachsen","359471","321","19708","5482.5","116.6",419,"de-ni-03459000","52.3816139244","8.04515734225"
"Vechta","Landkreis","Niedersachsen","143698","99","10950","7620.1","279.8",402,"de-ni-03460000","52.6602901512","8.22305794318"
"Wesermarsch","Landkreis","Niedersachsen","88524","118","3953","4465.5","137.8",122,"de-ni-03461000","53.357641762","8.38864623114"
"Wittmund","Landkreis","Niedersachsen","57384","35","1620","2823.1","106.3",61,"de-ni-03462000","53.5734137385","7.7061235505"
"Bremen","Kreisfreie Stadt","Bremen","566573","414","30088","5310.5","140.3",795,"de-ni-04011000","53.1195434664","8.78049374679"
"Bremerhaven","Kreisfreie Stadt","Bremen","113557","124","7330","6454.9","140.9",160,"de-hb-04012000","53.5381662933","8.58850522385"
"Düsseldorf","Kreisfreie Stadt","Nordrhein-Westfalen","620523","521","37472","6038.8","238",1477,"de-nw-05111000","51.235456959","6.81020262394"
"Duisburg","Kreisfreie Stadt","Nordrhein-Westfalen","495885","715","36919","7445.1","176.3",874,"de-nw-05112000","51.439615769","6.73469184999"
"Essen","Kreisfreie Stadt","Nordrhein-Westfalen","582415","617","34538","5930.1","156.1",909,"de-nw-05113000","51.433832766","7.01715391614"
"Krefeld","Kreisfreie Stadt","Nordrhein-Westfalen","226844","194","15491","6828.9","230.1",522,"de-nw-05114000","51.3452191428","6.57966800647"
"Mönchengladbach","Kreisfreie Stadt","Nordrhein-Westfalen","259665","251","15754","6067","189.5",492,"de-nw-05116000","51.1671935981","6.41197447381"
"Mülheim an der Ruhr","Kreisfreie Stadt","Nordrhein-Westfalen","170921","244","10783","6308.8","171.4",293,"de-nw-05117000","51.4137814936","6.878461621"
"Oberhausen","Kreisfreie Stadt","Nordrhein-Westfalen","209566","388","13839","6603.6","148.4",311,"de-nw-05119000","51.5131313527","6.84712049817"
"Remscheid","Kreisfreie Stadt","Nordrhein-Westfalen","111516","186","7816","7008.9","154.2",172,"de-nw-05120000","51.1826933037","7.22411565185"
"Solingen","Kreisfreie Stadt","Nordrhein-Westfalen","159193","211","12153","7634.1","277",441,"de-nw-05122000","51.1624551579","7.06606973298"
"Wuppertal","Kreisfreie Stadt","Nordrhein-Westfalen","355004","512","27557","7762.4","211.5",751,"de-nw-05124000","51.2506036112","7.16893008228"
"Kleve","Kreis","Nordrhein-Westfalen","313586","212","14910","4754.7","178.9",561,"de-nw-05154000","51.6523631313","6.25880908496"
"Mettmann","Kreis","Nordrhein-Westfalen","484322","797","32119","6631.7","210",1017,"de-nw-05158000","51.2571043543","6.96906518309"
"Rhein-Kreis Neuss","Kreis","Nordrhein-Westfalen","452001","385","25076","5547.8","178.1",805,"de-nw-05162000","51.1435712356","6.64932316692"
"Viersen","Kreis","Nordrhein-Westfalen","298536","316","15240","5104.9","218.7",653,"de-nw-05166000","51.2828202383","6.32612051327"
"Wesel","Kreis","Nordrhein-Westfalen","460113","327","22814","4958.3","180.6",831,"de-nw-05170000","51.6270425398","6.61836262868"
"Bonn","Kreisfreie Stadt","Nordrhein-Westfalen","330579","275","19634","5939.3","193.3",639,"de-nw-05314000","50.7057346173","7.10983940994"
"Köln","Kreisfreie Stadt","Nordrhein-Westfalen","1083498","789","74894","6912.2","265.2",2873,"de-nw-05315000","50.9456668791","6.97321855167"
"Leverkusen","Kreisfreie Stadt","Nordrhein-Westfalen","163905","120","11794","7195.6","289.2",474,"de-nw-05316000","51.0530662603","7.01547411084"
"Städteregion Aachen","Kreis","Nordrhein-Westfalen","556631","624","34723","6238.1","192.8",1073,"de-nw-05334000","50.7275046127","6.21672721805"
"Düren","Kreis","Nordrhein-Westfalen","265140","308","17320","6532.4","176.9",469,"de-nw-05358000","50.8178950546","6.44556160998"
"Rhein-Erft-Kreis","Kreis","Nordrhein-Westfalen","469611","437","27293","5811.8","204.2",959,"de-nw-05362000","50.9049330282","6.71649101914"
"Euskirchen","Kreis","Nordrhein-Westfalen","194359","253","10460","5381.8","220.2",428,"de-nw-05366000","50.5364731669","6.6441519123"
"Heinsberg","Kreis","Nordrhein-Westfalen","256458","402","15588","6078.2","237.5",609,"de-nw-05370000","51.0493489074","6.16411292416"
"Oberbergischer Kreis","Kreis","Nordrhein-Westfalen","271699","283","19705","7252.5","323.5",879,"de-nw-05374000","51.0127091971","7.51662881723"
"Rheinisch-Bergischer Kreis","Kreis","Nordrhein-Westfalen","283275","195","14780","5217.5","182.5",517,"de-nw-05378000","51.0230044262","7.19484653806"
"Rhein-Sieg-Kreis","Kreis","Nordrhein-Westfalen","600375","593","31977","5326.2","195.4",1173,"de-nw-05382000","50.7606389137","7.23457302819"
"Bottrop","Kreisfreie Stadt","Nordrhein-Westfalen","117388","129","7068","6021.1","108.2",127,"de-nw-05512000","51.5716938262","6.9201161778"
"Gelsenkirchen","Kreisfreie Stadt","Nordrhein-Westfalen","259105","444","20417","7879.8","204.2",529,"de-nw-05513000","51.5539564213","7.07124023772"
"Münster","Kreisfreie Stadt","Nordrhein-Westfalen","316403","136","11580","3659.9","140.3",444,"de-nw-05515000","51.954316786","7.62364679497"
"Borken","Kreis","Nordrhein-Westfalen","371898","295","18671","5020.5","202.2",752,"de-nw-05554000","51.9613198354","6.89961561244"
"Coesfeld","Kreis","Nordrhein-Westfalen","220712","104","7283","3299.8","102.4",226,"de-nw-05558000","51.8668510417","7.36601223345"
"Recklinghausen","Kreis","Nordrhein-Westfalen","613599","1026","40230","6556.4","148.5",911,"de-nw-05562000","51.6724839158","7.15924893893"
"Steinfurt","Kreis","Nordrhein-Westfalen","448197","345","22927","5115.4","156.6",702,"de-nw-05566000","52.2115366779","7.57944671253"
"Warendorf","Kreis","Nordrhein-Westfalen","277417","271","15501","5587.6","210.9",585,"de-nw-05570000","51.8702227935","7.95829493253"
"Bielefeld","Kreisfreie Stadt","Nordrhein-Westfalen","333509","385","22233","6666.4","229.4",765,"de-nw-05711000","52.0109486234","8.54074389731"
"Gütersloh","Kreis","Nordrhein-Westfalen","364818","347","27201","7456","293",1069,"de-nw-05754000","51.9317089342","8.35138605299"
"Herford","Kreis","Nordrhein-Westfalen","250547","204","15421","6154.9","243.5",610,"de-nw-05758000","52.1675778068","8.64393163854"
"Höxter","Kreis","Nordrhein-Westfalen","139729","159","6808","4872.3","142.4",199,"de-nw-05762000","51.6849407394","9.17809149846"
"Lippe","Kreis","Nordrhein-Westfalen","346970","430","24077","6939.2","223.1",774,"de-nw-05766000","51.9814226536","8.95083727251"
"Minden-Lübbecke","Kreis","Nordrhein-Westfalen","310270","321","22207","7157.3","268.8",834,"de-nw-05770000","52.3524754985","8.73934839311"
"Paderborn","Kreis","Nordrhein-Westfalen","308335","169","14893","4830.1","253",780,"de-nw-05774000","51.6641754561","8.7196350334"
"Bochum","Kreisfreie Stadt","Nordrhein-Westfalen","364454","283","21980","6030.9","196.5",716,"de-nw-05911000","51.469927372","7.22493523189"
"Dortmund","Kreisfreie Stadt","Nordrhein-Westfalen","587696","430","38154","6492.1","222.9",1310,"de-nw-05913000","51.5160775711","7.47490090518"
"Hagen","Kreisfreie Stadt","Nordrhein-Westfalen","188687","346","16514","8752.1","217.3",410,"de-nw-05914000","51.348045073","7.49755553757"
"Hamm","Kreisfreie Stadt","Nordrhein-Westfalen","178967","222","13325","7445.5","190",340,"de-nw-05915000","51.6651743978","7.82358619294"
"Herne","Kreisfreie Stadt","Nordrhein-Westfalen","156940","283","11897","7580.6","185.4",291,"de-nw-05916000","51.5375332354","7.20855761523"
"Ennepe-Ruhr-Kreis","Kreis","Nordrhein-Westfalen","323130","391","17626","5454.8","160.9",520,"de-nw-05954000","51.3468447914","7.32402933363"
"Hochsauerlandkreis","Kreis","Nordrhein-Westfalen","259030","213","12604","4865.8","114.3",296,"de-nw-05958000","51.3068253808","8.38507986661"
"Märkischer Kreis","Kreis","Nordrhein-Westfalen","408662","449","27227","6662.5","212.4",868,"de-nw-05962000","51.2626114418","7.71300809906"
"Olpe","Kreis","Nordrhein-Westfalen","133362","173","7493","5618.5","152.2",203,"de-nw-05966000","51.0861595881","7.97647726624"
"Siegen-Wittgenstein","Kreis","Nordrhein-Westfalen","275491","195","16158","5865.2","165.5",456,"de-nw-05970000","50.9377386445","8.19517026923"
"Soest","Kreis","Nordrhein-Westfalen","301016","211","11897","3952.3","126.9",382,"de-nw-05974000","51.5644104976","8.21743743758"
"Unna","Kreis","Nordrhein-Westfalen","393618","514","23220","5899.1","181.6",715,"de-nw-05978000","51.5785745363","7.63644458507"
"Darmstadt","Kreisfreie Stadt","Hessen","159174","163","8253","5184.9","196",312,"de-he-06411000","49.88144614","8.66468155462"
"Frankfurt am Main","Kreisfreie Stadt","Hessen","764104","895","55980","7326.2","320.1",2446,"de-he-06412000","50.117968104","8.64419039448"
"Offenbach am Main","Kreisfreie Stadt","Hessen","130892","206","12939","9885.2","301.8",395,"de-he-06413000","50.091078767","8.78096226536"
"Wiesbaden","Kreisfreie Stadt","Hessen","278609","299","17301","6209.8","177.3",494,"de-he-06414000","50.0791566662","8.26036646911"
"Bergstraße","Landkreis","Hessen","271015","355","15404","5683.8","324",878,"de-he-06431000","49.6177012221","8.66011611597"
"Darmstadt-Dieburg","Landkreis","Hessen","297701","322","15025","5047","248.6",740,"de-he-06432000","49.8555038512","8.79546987935"
"Groß-Gerau","Landkreis","Hessen","275807","315","19159","6946.5","192.9",532,"de-he-06433000","49.9045086093","8.47025247743"
"Hochtaunuskreis","Landkreis","Hessen","237281","233","11519","4854.6","195.5",464,"de-he-06434000","50.2816152547","8.50464605826"
"Main-Kinzig-Kreis","Landkreis","Hessen","421689","666","30201","7161.9","232.4",980,"de-he-06435000","50.2438645181","9.28622299151"
"Main-Taunus-Kreis","Landkreis","Hessen","239264","236","12453","5204.7","194.3",465,"de-he-06436000","50.1025789147","8.43457121479"
"Odenwaldkreis","Landkreis","Hessen","96754","183","6004","6205.4","307",297,"de-he-06437000","49.6715861652","8.97952523934"
"Offenbach","Landkreis","Hessen","356542","588","25020","7017.4","272.6",972,"de-he-06438000","50.0216774635","8.81143914637"
"Rheingau-Taunus-Kreis","Landkreis","Hessen","187433","196","9309","4966.6","168.6",316,"de-he-06439000","50.1419717211","8.08113471294"
"Wetteraukreis","Landkreis","Hessen","310353","555","17961","5787.3","193.7",601,"de-he-06440000","50.3547764783","8.90765705912"
"Gießen","Landkreis","Hessen","271667","374","17348","6385.8","147.2",400,"de-he-06531000","50.5702779049","8.80751371735"
"Lahn-Dill-Kreis","Landkreis","Hessen","253373","235","15389","6073.7","167.3",424,"de-he-06532000","50.6482687297","8.36532824"
"Limburg-Weilburg","Landkreis","Hessen","172291","291","11540","6698","156.7",270,"de-he-06533000","50.4274703547","8.19943723806"
"Marburg-Biedenkopf","Landkreis","Hessen","245903","296","13767","5598.5","127.7",314,"de-he-06534000","50.8368638341","8.73804376785"
"Vogelsbergkreis","Landkreis","Hessen","105506","111","5125","4857.5","156.4",165,"de-he-06535000","50.6381193653","9.27137950882"
"Kassel","Kreisfreie Stadt","Hessen","201048","203","11194","5567.8","154.2",310,"de-he-06611000","51.3114548137","9.46020305009"
"Fulda","Landkreis","Hessen","223023","295","17263","7740.5","222.4",496,"de-he-06631000","50.5638809858","9.75913916517"
"Hersfeld-Rotenburg","Landkreis","Hessen","120304","195","7222","6003.1","132.2",159,"de-he-06632000","50.90618961","9.7529324059"
"Kassel","Landkreis","Hessen","237007","230","10550","4451.3","151.1",358,"de-he-06633000","51.4012961379","9.4070389164"
"Schwalm-Eder-Kreis","Landkreis","Hessen","179840","253","8382","4660.8","122.9",221,"de-he-06634000","51.0237758195","9.3736523386"
"Waldeck-Frankenberg","Landkreis","Hessen","156528","156","7915","5056.6","166.1",260,"de-he-06635000","51.1906875733","8.88888422026"
"Werra-Meißner-Kreis","Landkreis","Hessen","100046","167","4733","4730.8","235.9",236,"de-he-06636000","51.190756376","9.92890620729"
"Koblenz","Kreisfreie Stadt","Rheinland-Pfalz","113388","164","5894","5198.1","149",169,"de-rp-07111000","50.348516061","7.5795510239"
"Ahrweiler","Landkreis","Rheinland-Pfalz","130479","68","6495","4977.8","161.7",211,"de-rp-07131000","50.4675853221","7.04497643896"
"Altenkirchen (Westerwald)","Landkreis","Rheinland-Pfalz","129087","106","6602","5114.4","193.7",250,"de-rp-07132000","50.750747657","7.74412525976"
"Bad Kreuznach","Landkreis","Rheinland-Pfalz","158746","149","8016","5049.6","175.8",279,"de-rp-07133000","49.8248204055","7.68666499174"
"Birkenfeld","Landkreis","Rheinland-Pfalz","80830","99","4766","5896.3","194.2",157,"de-rp-07134000","49.7125403895","7.27765459793"
"Cochem-Zell","Landkreis","Rheinland-Pfalz","61578","70","2745","4457.8","227.4",140,"de-rp-07135000","50.1328800059","7.17431996528"
"Mayen-Koblenz","Landkreis","Rheinland-Pfalz","214786","190","9747","4538","155",333,"de-rp-07137000","50.3316078654","7.33216943214"
"Neuwied","Landkreis","Rheinland-Pfalz","183131","202","10834","5916","174.2",319,"de-rp-07138000","50.5577005458","7.46900064967"
"Rhein-Hunsrück-Kreis","Landkreis","Rheinland-Pfalz","103401","108","5223","5051.2","201.2",208,"de-rp-07140000","50.0442098205","7.50009971248"
"Rhein-Lahn-Kreis","Landkreis","Rheinland-Pfalz","122574","103","5253","4285.6","137.9",169,"de-rp-07141000","50.2632817442","7.84270993642"
"Westerwaldkreis","Landkreis","Rheinland-Pfalz","202830","174","9728","4796.1","135.6",275,"de-rp-07143000","50.5523493705","7.86568137201"
"Trier","Kreisfreie Stadt","Rheinland-Pfalz","110674","38","3821","3452.5","83.1",92,"de-rp-07211000","49.762938832","6.65505102152"
"Bernkastel-Wittlich","Landkreis","Rheinland-Pfalz","112685","67","4359","3868.3","122.5",138,"de-rp-07231000","49.924645182","6.96721862193"
"Eifelkreis Bitburg-Prüm","Landkreis","Rheinland-Pfalz","100055","34","4429","4426.6","154.9",155,"de-rp-07232000","50.0621597731","6.41012996519"
"Vulkaneifel","Landkreis","Rheinland-Pfalz","60491","63","2661","4399","153.7",93,"de-rp-07233000","50.2383358519","6.74865373201"
"Trier-Saarburg","Landkreis","Rheinland-Pfalz","150533","103","6016","3996.5","130.9",197,"de-rp-07235000","49.6964711338","6.69519559648"
"Frankenthal (Pfalz)","Kreisfreie Stadt","Rheinland-Pfalz","48750","58","3173","6508.7","186.7",91,"de-rp-07311000","49.5330640295","8.35688379873"
"Kaiserslautern","Kreisfreie Stadt","Rheinland-Pfalz","99662","123","5030","5047.1","195.7",195,"de-rp-07312000","49.4328526023","7.76067474783"
"Landau in der Pfalz","Kreisfreie Stadt","Rheinland-Pfalz","46685","46","2599","5567.1","351.3",164,"de-rp-07313000","49.2244938821","8.05060075998"
"Ludwigshafen am Rhein","Kreisfreie Stadt","Rheinland-Pfalz","172557","345","14274","8272","195.3",337,"de-rp-07314000","49.4820876658","8.39684453576"
"Mainz","Kreisfreie Stadt","Rheinland-Pfalz","217123","223","13317","6133.4","183.3",398,"de-rp-07315000","49.9741865223","8.24149708463"
"Neustadt an der Weinstraße","Kreisfreie Stadt","Rheinland-Pfalz","53306","44","2702","5068.8","305.8",163,"de-rp-07316000","49.3418758196","8.15228785937"
"Pirmasens","Kreisfreie Stadt","Rheinland-Pfalz","40176","61","1837","4572.4","146.9",59,"de-rp-07317000","49.1971270853","7.59436316477"
"Speyer","Kreisfreie Stadt","Rheinland-Pfalz","50741","95","3954","7792.5","244.4",124,"de-rp-07318000","49.3297181375","8.43501974938"
"Worms","Kreisfreie Stadt","Rheinland-Pfalz","83459","102","5930","7105.3","286.4",239,"de-rp-07319000","49.6494455343","8.32452863106"
"Zweibrücken","Kreisfreie Stadt","Rheinland-Pfalz","34001","9","1226","3605.8","238.2",81,"de-rp-07320000","49.2481606938","7.36539388964"
"Alzey-Worms","Landkreis","Rheinland-Pfalz","130715","143","7161","5478.3","205.8",269,"de-rp-07331000","49.759441395","8.15718502019"
"Bad Dürkheim","Landkreis","Rheinland-Pfalz","133004","163","6184","4649.5","234.6",312,"de-rp-07332000","49.4530205976","8.11030493729"
"Donnersbergkreis","Landkreis","Rheinland-Pfalz","75539","77","3392","4490.4","148.3",112,"de-rp-07333000","49.631983052","7.9150113274"
"Germersheim","Landkreis","Rheinland-Pfalz","129006","132","8676","6725.3","495.3",639,"de-rp-07334000","49.1159081733","8.2461937699"
"Kaiserslautern","Landkreis","Rheinland-Pfalz","106320","87","5484","5158","188.1",200,"de-rp-07335000","49.446222318","7.6849815727"
"Kusel","Landkreis","Rheinland-Pfalz","70105","72","2857","4075.3","191.1",134,"de-rp-07336000","49.5498108558","7.47132028218"
"Südliche Weinstraße","Landkreis","Rheinland-Pfalz","110783","123","5537","4998.1","338.5",375,"de-rp-07337000","49.1903823441","8.04807600445"
"Rhein-Pfalz-Kreis","Landkreis","Rheinland-Pfalz","154754","237","9319","6021.8","211.9",328,"de-rp-07338000","49.416649982","8.36068108599"
"Mainz-Bingen","Landkreis","Rheinland-Pfalz","211525","233","9847","4655.2","163.6",346,"de-rp-07339000","49.9220138826","8.07964875059"
"Südwestpfalz","Landkreis","Rheinland-Pfalz","94912","92","3580","3771.9","271.8",258,"de-rp-07340000","49.2082747366","7.65886718981"
"Stuttgart","Stadtkreis","Baden-Württemberg","630305","541","44051","6988.8","345.9",2180,"de-bw-08111000","48.7745339639","9.17206798796"
"Böblingen","Landkreis","Baden-Württemberg","392898","306","25154","6402.2","347.4",1365,"de-bw-08115000","48.6782256288","8.9427773012"
"Esslingen","Landkreis","Baden-Württemberg","533617","596","37388","7006.5","431.6",2303,"de-bw-08116000","48.6480216763","9.36916572775"
"Göppingen","Landkreis","Baden-Württemberg","258781","277","18679","7218.1","330",854,"de-bw-08117000","48.6631483606","9.71750497706"
"Ludwigsburg","Landkreis","Baden-Württemberg","544971","542","38107","6992.5","333.4",1817,"de-bw-08118000","48.940602979","9.12434425665"
"Rems-Murr-Kreis","Landkreis","Baden-Württemberg","427286","403","30480","7133.4","439.3",1877,"de-bw-08119000","48.899008131","9.50121295556"
"Heilbronn","Stadtkreis","Baden-Württemberg","126458","159","12642","9997","492.7",623,"de-bw-08121000","49.1527195922","9.18234690067"
"Heilbronn","Landkreis","Baden-Württemberg","346363","224","24467","7064","505.5",1751,"de-bw-08125000","49.177198517","9.19077872323"
"Hohenlohekreis","Landkreis","Baden-Württemberg","112765","141","7916","7019.9","434.5",490,"de-bw-08126000","49.2715461389","9.61413578119"
"Schwäbisch Hall","Landkreis","Baden-Württemberg","197860","270","14744","7451.7","343.7",680,"de-bw-08127000","49.1444689707","9.90893216762"
"Main-Tauber-Kreis","Landkreis","Baden-Württemberg","132684","95","7326","5521.4","251.7",334,"de-bw-08128000","49.5607007055","9.72508840096"
"Heidenheim","Landkreis","Baden-Württemberg","132812","188","10185","7668.7","575.2",764,"de-bw-08135000","48.6622814605","10.182150425"
"Ostalbkreis","Landkreis","Baden-Württemberg","314294","448","22668","7212.4","630.3",1981,"de-bw-08136000","48.877525969","10.0901573582"
"Baden-Baden","Stadtkreis","Baden-Württemberg","55449","74","3364","6066.8","376.9",209,"de-bw-08211000","48.748527439","8.23176220313"
"Karlsruhe","Stadtkreis","Baden-Württemberg","308436","238","16401","5317.5","361.2",1114,"de-bw-08212000","49.0113339856","8.41266976981"
"Karlsruhe","Landkreis","Baden-Württemberg","446852","518","28312","6335.9","412.4",1843,"de-bw-08215000","49.0818849258","8.56279664203"
"Rastatt","Landkreis","Baden-Württemberg","232091","234","14862","6403.5","403.7",937,"de-bw-08216000","48.7618192531","8.24124756893"
"Heidelberg","Stadtkreis","Baden-Württemberg","158741","68","7069","4453.2","233.7",371,"de-bw-08221000","49.4055152955","8.69417184974"
"Mannheim","Stadtkreis","Baden-Württemberg","309721","343","23732","7662.4","459.1",1422,"de-bw-08222000","49.4994190357","8.50032443773"
"Neckar-Odenwald-Kreis","Landkreis","Baden-Württemberg","143797","152","9026","6276.9","424.2",610,"de-bw-08225000","49.4666097739","9.28011000163"
"Rhein-Neckar-Kreis","Landkreis","Baden-Württemberg","548233","479","31701","5782.4","322.3",1767,"de-bw-08226000","49.3684849338","8.76708442595"
"Pforzheim","Stadtkreis","Baden-Württemberg","126016","231","12170","9657.5","585.6",738,"de-bw-08231000","48.8764005469","8.71277909336"
"Calw","Landkreis","Baden-Württemberg","160149","194","12022","7506.8","484.5",776,"de-bw-08235000","48.6789990614","8.6357698286"
"Enzkreis","Landkreis","Baden-Württemberg","199752","279","14594","7306.1","560.7",1120,"de-bw-08236000","48.9144669267","8.73708120338"
"Freudenstadt","Landkreis","Baden-Württemberg","118364","166","7588","6410.7","296.5",351,"de-bw-08237000","48.4744061685","8.4653129709"
"Freiburg im Breisgau","Stadtkreis","Baden-Württemberg","230940","182","11749","5087.5","313.5",724,"de-bw-08311000","47.9925229956","7.81807596197"
"Breisgau-Hochschwarzwald","Landkreis","Baden-Württemberg","264867","203","12655","4777.9","256.7",680,"de-bw-08315000","47.9249093559","7.92494089685"
"Emmendingen","Landkreis","Baden-Württemberg","166862","180","9054","5426","308.6",515,"de-bw-08316000","48.1485120637","7.89755038202"
"Ortenaukreis","Landkreis","Baden-Württemberg","432580","620","28716","6638.3","415.4",1797,"de-bw-08317000","48.4209719355","8.01621990932"
"Rottweil","Landkreis","Baden-Württemberg","140166","184","11641","8305.2","572.9",803,"de-bw-08325000","48.254220293","8.53235133177"
"Schwarzwald-Baar-Kreis","Landkreis","Baden-Württemberg","212872","235","15924","7480.6","659.6",1404,"de-bw-08326000","48.0191197382","8.41096435345"
"Tuttlingen","Landkreis","Baden-Württemberg","141682","167","10930","7714.5","552.6",783,"de-bw-08327000","48.01120044","8.7941361763"
"Konstanz","Landkreis","Baden-Württemberg","286876","313","16041","5591.6","297.7",854,"de-bw-08335000","47.7932127909","8.9157630123"
"Lörrach","Landkreis","Baden-Württemberg","228842","323","13629","5955.6","291.9",668,"de-bw-08336000","47.703504023","7.77402882816"
"Waldshut","Landkreis","Baden-Württemberg","171237","230","10084","5888.9","285",488,"de-bw-08337000","47.6971334745","8.21889239137"
"Reutlingen","Landkreis","Baden-Württemberg","287497","307","20535","7142.7","349.2",1004,"de-bw-08415000","48.4064763532","9.36572629856"
"Tübingen","Landkreis","Baden-Württemberg","228471","195","13350","5843.2","369",843,"de-bw-08416000","48.481737902","8.98763400076"
"Zollernalbkreis","Landkreis","Baden-Württemberg","189862","185","13329","7020.4","495.6",941,"de-bw-08417000","48.2672389069","8.93742839835"
"Ulm","Stadtkreis","Baden-Württemberg","126405","94","8959","7087.5","516.6",653,"de-bw-08421000","48.3908327419","9.9500211353"
"Alb-Donau-Kreis","Landkreis","Baden-Württemberg","198204","184","13349","6735","532.3",1055,"de-bw-08425000","48.4017114301","9.82744714375"
"Biberach","Landkreis","Baden-Württemberg","202250","203","14863","7348.8","671.4",1358,"de-bw-08426000","48.1075826288","9.77425436647"
"Bodenseekreis","Landkreis","Baden-Württemberg","217901","179","12635","5798.5","406.6",886,"de-bw-08435000","47.7334602866","9.40077001359"
"Ravensburg","Landkreis","Baden-Württemberg","285888","158","17554","6140.2","526.1",1504,"de-bw-08436000","47.8250441153","9.77989455833"
"Sigmaringen","Landkreis","Baden-Württemberg","130946","103","9251","7064.7","561.3",735,"de-bw-08437000","48.0391514971","9.24100350319"
"Ingolstadt","Kreisfreie Stadt","Bayern","136952","159","10166","7423","588.5",806,"de-by-09161000","48.7550927761","11.3950069326"
"München","Kreisfreie Stadt","Bayern","1488202","1439","113828","7648.7","754",11221,"de-by-09162000","48.1532131611","11.5472441841"
"Rosenheim","Kreisfreie Stadt","Bayern","63591","79","6462","10161.8","792.6",504,"de-by-09163000","47.8443777181","12.1087247511"
"Altötting","Landkreis","Bayern","111654","224","10188","9124.6","967.3",1080,"de-by-09171000","48.2098044272","12.7052826752"
"Berchtesgadener Land","Landkreis","Bayern","106327","113","11962","11250.2","1120.1",1191,"de-by-09172000","47.6984724021","12.9018660877"
"Bad Tölz-Wolfratshausen","Landkreis","Bayern","128212","109","10726","8365.8","727.7",933,"de-by-09173000","47.7274771535","11.4831153973"
"Dachau","Landkreis","Bayern","155117","158","12404","7996.5","538.9",836,"de-by-09174000","48.3345482595","11.3571128101"
"Ebersberg","Landkreis","Bayern","144091","191","10579","7341.9","566.3",816,"de-by-09175000","48.0761776106","11.9131721198"
"Eichstätt","Landkreis","Bayern","133169","109","8295","6228.9","574.5",765,"de-by-09176000","48.8980875603","11.3703873291"
"Erding","Landkreis","Bayern","138891","129","11600","8351.9","755.3",1049,"de-by-09177000","48.3003970808","12.0006246986"
"Freising","Landkreis","Bayern","180313","148","12553","6961.8","493.6",890,"de-by-09178000","48.4473569802","11.7406716932"
"Fürstenfeldbruck","Landkreis","Bayern","218740","159","14156","6471.6","422.9",925,"de-by-09179000","48.1877932949","11.2010776242"
"Garmisch-Partenkirchen","Landkreis","Bayern","88279","94","5760","6524.8","649.1",573,"de-by-09180000","47.5563489806","11.1296286125"
"Landsberg am Lech","Landkreis","Bayern","121019","90","6603","5456.2","477.6",578,"de-by-09181000","48.0244353759","10.9487346774"
"Miesbach","Landkreis","Bayern","100183","99","8961","8944.6","699.7",701,"de-by-09182000","47.7416453347","11.8089897365"
"Mühldorf a. Inn","Landkreis","Bayern","116483","201","12652","10861.7","1095.4",1276,"de-by-09183000","48.2393145242","12.3818280217"
"München","Landkreis","Bayern","349685","312","22673","6483.8","417.8",1461,"de-by-09184000","48.0744744023","11.6313680405"
"Neuburg-Schrobenhausen","Landkreis","Bayern","97730","92","6752","6908.8","796.1",778,"de-by-09185000","48.6644203317","11.197210668"
"Pfaffenhofen a.d. Ilm","Landkreis","Bayern","129128","172","8772","6793.3","557.6",720,"de-by-09186000","48.5962751771","11.5242827055"
"Rosenheim","Landkreis","Bayern","261721","511","24944","9530.8","914.3",2393,"de-by-09187000","47.8783797472","12.162753976"
"Starnberg","Landkreis","Bayern","136610","131","7932","5806.3","492.6",673,"de-by-09188000","48.0060469771","11.2817326717"
"Traunstein","Landkreis","Bayern","177485","248","20598","11605.5","1117.8",1984,"de-by-09189000","47.8945427587","12.5795750694"
"Weilheim-Schongau","Landkreis","Bayern","136134","90","8361","6141.7","622.2",847,"de-by-09190000","47.7875370323","11.0483364745"
"Landshut","Kreisfreie Stadt","Bayern","73065","122","5937","8125.6","640.5",468,"de-by-09261000","48.5446699826","12.1593416454"
"Passau","Kreisfreie Stadt","Bayern","52415","122","4685","8938.3","578.1",303,"de-by-09262000","48.5820983986","13.4150504225"
"Straubing","Kreisfreie Stadt","Bayern","47612","101","3856","8098.8","678.4",323,"de-by-09263000","48.8807544792","12.5734748714"
"Deggendorf","Landkreis","Bayern","119479","175","11223","9393.3","917.3",1096,"de-by-09271000","48.7787021164","13.0007258015"
"Freyung-Grafenau","Landkreis","Bayern","78355","138","8114","10355.4","1366.9",1071,"de-by-09272000","48.8268581711","13.513210064"
"Kelheim","Landkreis","Bayern","123390","120","9197","7453.6","557.6",688,"de-by-09273000","48.8249414287","11.857554442"
"Landshut","Landkreis","Bayern","161191","178","13352","8283.3","1068.9",1723,"de-by-09274000","48.5577554134","12.1953924179"
"Passau","Landkreis","Bayern","193454","396","20129","10405.1","1007",1948,"de-by-09275000","48.5586304532","13.3666035859"
"Regen","Landkreis","Bayern","77313","180","8493","10985.2","867.9",671,"de-by-09276000","49.0228144148","13.0997637882"
"Rottal-Inn","Landkreis","Bayern","121800","226","13281","10903.9","1423.6",1734,"de-by-09277000","48.4245198693","12.8673504326"
"Straubing-Bogen","Landkreis","Bayern","101745","154","9127","8970.5","751.9",765,"de-by-09278000","48.89970504","12.5824039909"
"Dingolfing-Landau","Landkreis","Bayern","97244","125","10326","10618.6","1043.8",1015,"de-by-09279000","48.641164618","12.6104771899"
"Amberg","Kreisfreie Stadt","Bayern","42052","34","2688","6392.1","218.8",92,"de-by-09361000","49.4509277374","11.8453726034"
"Regensburg","Kreisfreie Stadt","Bayern","152270","114","11679","7669.9","512.9",781,"de-by-09362000","49.0130808954","12.1137308794"
"Weiden i.d. OPf.","Kreisfreie Stadt","Bayern","42535","100","3383","7953.5","298.6",127,"de-by-09363000","49.6692496128","12.1545339322"
"Amberg-Sulzbach","Landkreis","Bayern","102998","172","6597","6405","265.1",273,"de-by-09371000","49.4867511317","11.8009532083"
"Cham","Landkreis","Bayern","128094","205","10935","8536.7","739.3",947,"de-by-09372000","49.2370651553","12.6954795471"
"Neumarkt i.d. OPf.","Landkreis","Bayern","135225","174","11102","8210","826",1117,"de-by-09373000","49.2159614099","11.5665579197"
"Neustadt a.d. Waldnaab","Landkreis","Bayern","94645","195","7067","7466.8","522",494,"de-by-09374000","49.6865828841","12.0982574415"
"Regensburg","Landkreis","Bayern","194275","213","13029","6706.5","492.1",956,"de-by-09375000","49.0213433263","12.1211612289"
"Schwandorf","Landkreis","Bayern","148477","186","12025","8098.9","647.2",961,"de-by-09376000","49.3680333605","12.2530847621"
"Tirschenreuth","Landkreis","Bayern","71696","267","6270","8745.3","357.1",256,"de-by-09377000","49.8993890086","12.2003418405"
"Bamberg","Kreisfreie Stadt","Bayern","76674","107","4568","5957.7","464.3",356,"de-by-09461000","49.8872221328","10.8989362521"
"Bayreuth","Kreisfreie Stadt","Bayern","74048","116","4514","6096","366",271,"de-by-09462000","49.9377427404","11.5846727854"
"Coburg","Kreisfreie Stadt","Bayern","40842","93","3035","7431.1","389.3",159,"de-by-09463000","50.2639516155","10.9644386599"
"Hof","Kreisfreie Stadt","Bayern","45173","122","4634","10258.3","298.9",135,"de-by-09464000","50.3107956285","11.8972631725"
"Bamberg","Landkreis","Bayern","147497","159","8758","5937.7","774.3",1142,"de-by-09471000","49.893428617","10.8836637829"
"Bayreuth","Landkreis","Bayern","103679","171","6514","6282.9","462",479,"de-by-09472000","49.8837610883","11.5551557567"
"Coburg","Landkreis","Bayern","86571","166","6287","7262.2","455.1",394,"de-by-09473000","50.267889506","10.9423260473"
"Forchheim","Landkreis","Bayern","116600","125","6963","5971.7","455.4",531,"de-by-09474000","49.7209968812","11.1731319634"
"Hof","Landkreis","Bayern","94522","170","7919","8377.9","365",345,"de-by-09475000","50.2732120456","11.8191928507"
"Kronach","Landkreis","Bayern","66355","107","6004","9048.3","828.9",550,"de-by-09476000","50.3279632281","11.3720466405"
"Kulmbach","Landkreis","Bayern","71428","125","5132","7184.9","359.8",257,"de-by-09477000","50.1026420807","11.4822991401"
"Lichtenfels","Landkreis","Bayern","66722","91","4748","7116.1","574",383,"de-by-09478000","50.1093305037","11.1169215721"
"Wunsiedel i. Fichtelgebirge","Landkreis","Bayern","71974","205","6169","8571.2","419.6",302,"de-by-09479000","50.0901405328","12.0418721069"
"Ansbach","Kreisfreie Stadt","Bayern","41681","46","2731","6552.1","535",223,"de-by-09561000","49.2921846581","10.56366943"
"Erlangen","Kreisfreie Stadt","Bayern","112385","103","5600","4982.9","293.6",330,"de-by-09562000","49.5823292133","10.9781449629"
"Fürth","Kreisfreie Stadt","Bayern","128223","237","10910","8508.6","518.6",665,"de-by-09563000","49.4914188335","10.9654822077"
"Nürnberg","Kreisfreie Stadt","Bayern","515543","1007","48024","9315.2","539.4",2781,"de-by-09564000","49.4362114486","11.0827553426"
"Schwabach","Kreisfreie Stadt","Bayern","41056","116","3186","7760.1","616.2",253,"de-by-09565000","49.3356205083","11.0235125889"
"Ansbach","Landkreis","Bayern","185316","208","12591","6794.3","596.8",1106,"de-by-09571000","49.2481645834","10.4681333941"
"Erlangen-Höchstadt","Landkreis","Bayern","138105","142","7808","5653.7","427.9",591,"de-by-09572000","49.6400408309","10.9148933012"
"Fürth","Landkreis","Bayern","118695","222","7729","6511.6","477.7",567,"de-by-09573000","49.4466905187","10.8496864939"
"Nürnberger Land","Landkreis","Bayern","171143","196","10201","5960.5","366.4",627,"de-by-09574000","49.4919039379","11.3694064626"
"Neustadt a.d. Aisch-Bad Windsheim","Landkreis","Bayern","101272","115","6281","6202.1","305.1",309,"de-by-09575000","49.5694835927","10.4652916664"
"Roth","Landkreis","Bayern","127168","185","8514","6695.1","581.9",740,"de-by-09576000","49.2029170864","11.1235654086"
"Weißenburg-Gunzenhausen","Landkreis","Bayern","95117","125","6934","7290","828.5",788,"de-by-09577000","49.0326858351","10.8936591358"
"Aschaffenburg","Kreisfreie Stadt","Bayern","70858","120","4955","6992.9","446",316,"de-by-09661000","49.9638560444","9.14581192433"
"Schweinfurt","Kreisfreie Stadt","Bayern","53319","103","4720","8852.4","393.9",210,"de-by-09662000","50.0470080022","10.2208919522"
"Würzburg","Kreisfreie Stadt","Bayern","126954","134","6896","5431.9","301.7",383,"de-by-09663000","49.7846554247","9.94089602932"
"Aschaffenburg","Landkreis","Bayern","174658","219","10724","6140","363.6",635,"de-by-09671000","50.0080931044","9.23803745665"
"Bad Kissingen","Landkreis","Bayern","103169","115","5500","5331.1","369.3",381,"de-by-09672000","50.2225139424","9.96470110779"
"Rhön-Grabfeld","Landkreis","Bayern","79510","99","5218","6562.7","549.6",437,"de-by-09673000","50.3713127519","10.2549075725"
"Haßberge","Landkreis","Bayern","84275","94","5874","6970","585",493,"de-by-09674000","50.0628789327","10.6069788351"
"Kitzingen","Landkreis","Bayern","91696","88","4831","5268.5","370.8",340,"de-by-09675000","49.7532253896","10.2560624461"
"Miltenberg","Landkreis","Bayern","128743","148","8220","6384.8","315.4",406,"de-by-09676000","49.7572905887","9.23471658769"
"Main-Spessart","Landkreis","Bayern","125976","220","6120","4858.1","261.2",329,"de-by-09677000","49.9935822339","9.66268166277"
"Schweinfurt","Landkreis","Bayern","115652","155","7518","6500.5","485.9",562,"de-by-09678000","50.016881784","10.2599503138"
"Würzburg","Landkreis","Bayern","162697","86","6862","4217.7","327",532,"de-by-09679000","49.737626672","9.92736341488"
"Augsburg","Kreisfreie Stadt","Bayern","295830","457","26428","8933.5","526.7",1558,"de-by-09761000","48.3455708649","10.885505361"
"Kaufbeuren","Kreisfreie Stadt","Bayern","44662","67","3515","7870.2","597.8",267,"de-by-09762000","47.8799285987","10.6160967463"
"Kempten (Allgäu)","Kreisfreie Stadt","Bayern","68940","51","5417","7857.6","610.7",421,"de-by-09763000","47.7381842508","10.3081184931"
"Memmingen","Kreisfreie Stadt","Bayern","44360","27","3519","7932.8","511.7",227,"de-by-09764000","47.9787874869","10.1630276762"
"Aichach-Friedberg","Landkreis","Bayern","135024","112","8321","6162.6","537.7",726,"de-by-09771000","48.4275701484","11.0527555565"
"Augsburg","Landkreis","Bayern","255900","267","18202","7112.9","648.3",1659,"de-by-09772000","48.3542871832","10.7320845344"
"Dillingen a.d. Donau","Landkreis","Bayern","97172","146","6803","7001","710.1",690,"de-by-09773000","48.5964037974","10.527764168"
"Günzburg","Landkreis","Bayern","127342","121","10980","8622.4","654.1",833,"de-by-09774000","48.3528138472","10.3811312115"
"Neu-Ulm","Landkreis","Bayern","175823","143","12634","7185.6","554.5",975,"de-by-09775000","48.2982265453","10.1411558091"
"Lindau (Bodensee)","Landkreis","Bayern","82085","66","5249","6394.6","547",449,"de-by-09776000","47.6051649499","9.88286136549"
"Ostallgäu","Landkreis","Bayern","141907","145","11955","8424.5","813.2",1154,"de-by-09777000","47.769959059","10.6397316342"
"Unterallgäu","Landkreis","Bayern","146164","183","12244","8376.9","803.9",1175,"de-by-09778000","48.0398130352","10.3892327572"
"Donau-Ries","Landkreis","Bayern","134324","181","9843","7327.8","480.2",645,"de-by-09779000","48.8069320352","10.7123441979"
"Oberallgäu","Landkreis","Bayern","156308","101","11429","7311.8","809.3",1265,"de-by-09780000","47.572707564","10.2586229074"
"Regionalverband Saarbrücken","Landkreis","Saarland","327502","495","20593","6287.9","287.9",943,"de-sl-10041000","49.2513823946","6.95729652837"
"Merzig-Wadern","Landkreis","Saarland","103471","68","4715","4556.8","259",268,"de-sl-10042000","49.4957645611","6.68048479703"
"Neunkirchen","Landkreis","Saarland","131172","131","7163","5460.8","221.8",291,"de-sl-10043000","49.3757016517","7.11720320683"
"Saarlouis","Landkreis","Saarland","193732","170","11628","6002.1","395.9",767,"de-sl-10044000","49.3553415477","6.77554333939"
"Saarpfalz-Kreis","Landkreis","Saarland","141656","116","6623","4675.4","236.5",335,"de-sl-10045000","49.2486993859","7.24222124863"
"St. Wendel","Landkreis","Saarland","86458","115","4184","4839.3","239.4",207,"de-sl-10046000","49.5195731082","7.1004332453"
"Brandenburg an der Havel","Kreisfreie Stadt","Brandenburg","72040","95","3138","4355.9","304",219,"de-bb-12051000","52.4027150878","12.5193337833"
"Cottbus","Kreisfreie Stadt","Brandenburg","98693","217","7811","7914.4","420.5",415,"de-bb-12052000","51.7726930018","14.3662188537"
"Frankfurt (Oder)","Kreisfreie Stadt","Brandenburg","57015","113","3064","5374","487.6",278,"de-bb-12053000","52.3247630784","14.4903487489"
"Potsdam","Kreisfreie Stadt","Brandenburg","182112","250","9927","5451","354.7",646,"de-bb-12054000","52.4261784936","13.0285491746"
"Barnim","Landkreis","Brandenburg","187343","255","8545","4561.2","328.3",615,"de-bb-12060000","52.8232279789","13.7037311303"
"Dahme-Spreewald","Landkreis","Brandenburg","173316","266","10060","5804.4","616.8",1069,"de-bb-12061000","52.0423069298","13.8199407798"
"Elbe-Elster","Landkreis","Brandenburg","101085","258","10255","10144.9","1144.6",1157,"de-bb-12062000","51.6122710164","13.459588917"
"Havelland","Landkreis","Brandenburg","164693","194","8662","5259.5","346.7",571,"de-bb-12063000","52.6208208123","12.6283469145"
"Märkisch-Oderland","Landkreis","Brandenburg","197195","288","9544","4839.9","291.6",575,"de-bb-12064000","52.6067238051","14.1464643331"
"Oberhavel","Landkreis","Brandenburg","214234","320","11722","5471.6","471.4",1010,"de-bb-12065000","52.9068326453","13.2053022184"
"Oberspreewald-Lausitz","Landkreis","Brandenburg","108396","265","9898","9131.3","894.9",970,"de-bb-12066000","51.6163005208","13.9436173031"
"Oder-Spree","Landkreis","Brandenburg","179276","325","11171","6231.2","548.9",984,"de-bb-12067000","52.244008511","14.2190594331"
"Ostprignitz-Ruppin","Landkreis","Brandenburg","98808","158","5531","5597.7","413.9",409,"de-bb-12068000","52.9914230426","12.6359589515"
"Potsdam-Mittelmark","Landkreis","Brandenburg","217954","225","11385","5223.6","621.2",1354,"de-bb-12069000","52.246294705","12.6891435021"
"Prignitz","Landkreis","Brandenburg","76096","165","4257","5594.2","375.8",286,"de-bb-12070000","53.1093267277","11.9618269267"
"Spree-Neiße","Landkreis","Brandenburg","113011","229","10426","9225.7","857.4",969,"de-bb-12071000","51.7585932354","14.4331285714"
"Teltow-Fläming","Landkreis","Brandenburg","171554","222","9543","5562.7","398.7",684,"de-bb-12072000","52.073184313","13.276018196"
"Uckermark","Landkreis","Brandenburg","118250","171","5504","4654.5","526.8",623,"de-bb-12073000","53.2059030724","13.8612986206"
"Rostock","Kreisfreie Stadt","Mecklenburg-Vorpommern","209061","64","5935","2838.9","247.8",518,"de-mv-13003000","54.1463883937","12.1417471216"
"Schwerin","Kreisfreie Stadt","Mecklenburg-Vorpommern","95609","115","3649","3816.6","211.3",202,"de-mv-13004000","53.6215100516","11.4165299501"
"Mecklenburgische Seenplatte","Landkreis","Mecklenburg-Vorpommern","258057","169","11032","4275","243.4",628,"de-mv-13071000","53.5436927516","13.0024606209"
"Rostock","Landkreis","Mecklenburg-Vorpommern","217072","184","7128","3283.7","257.1",558,"de-mv-13072000","53.91204551","12.220833831"
"Vorpommern-Rügen","Landkreis","Mecklenburg-Vorpommern","225383","98","6863","3045","303",683,"de-mv-13073000","54.2842029523","12.9915254157"
"Nordwestmecklenburg","Landkreis","Mecklenburg-Vorpommern","157975","88","5567","3524","158.3",250,"de-mv-13074000","53.8215122283","11.2521094692"
"Vorpommern-Greifswald","Landkreis","Mecklenburg-Vorpommern","235773","298","12720","5395","201.9",476,"de-mv-13075000","53.7895111552","13.780696363"
"Ludwigslust-Parchim","Landkreis","Mecklenburg-Vorpommern","211844","273","8139","3842","0",0,"de-mv-13076000","53.4500470376","11.5341416118"
"Chemnitz","Kreisfreie Stadt","Sachsen","244401","567","22337","9139.5","539.7",1319,"de-sn-14511000","50.8263036941","12.9118299015"
"Erzgebirgskreis","Landkreis","Sachsen","331917","981","42086","12679.7","576.3",1913,"de-sn-14521000","50.6088984202","12.9450724745"
"Mittelsachsen","Landkreis","Sachsen","301474","724","33151","10996.3","637.5",1922,"de-sn-14522000","50.9558166403","13.1375068135"
"Vogtlandkreis","Landkreis","Sachsen","223905","853","23320","10415.1","687.8",1540,"de-sn-14523000","50.4567929391","12.2349996186"
"Zwickau","Landkreis","Sachsen","312033","1093","34884","11179.6","392.3",1224,"de-sn-14524000","50.750774796","12.5258055075"
"Dresden","Kreisfreie Stadt","Sachsen","556227","1194","46628","8382.9","333.5",1855,"de-sn-14612000","51.0664442924","13.7834490742"
"Bautzen","Landkreis","Sachsen","298010","966","38311","12855.6","804",2396,"de-sn-14625000","51.2689135848","14.2310085239"
"Görlitz","Landkreis","Sachsen","250558","1199","27880","11127.2","334.9",839,"de-sn-14626000","51.2256177492","14.750796811"
"Meißen","Landkreis","Sachsen","240371","655","25536","10623.6","1063.4",2556,"de-sn-14627000","51.239397748","13.4829006825"
"Sächsische Schweiz-Osterzgebirge","Landkreis","Sachsen","244722","1025","31541","12888.5","1047.7",2564,"de-sn-14628000","50.9167179421","13.8734340504"
"Leipzig","Kreisfreie Stadt","Sachsen","597493","552","32122","5376.1","367.2",2194,"de-sn-14713000","51.3422385995","12.3747717597"
"Leipzig","Landkreis","Sachsen","258386","376","21476","8311.6","919.6",2376,"de-sn-14729000","51.2214366733","12.5994908653"
"Nordsachsen","Landkreis","Sachsen","197444","412","17911","9071.4","699.9",1382,"de-st-14730000","51.4728650798","12.7793967591"
"Dessau-Roßlau","Kreisfreie Stadt","Sachsen-Anhalt","79354","125","4455","5614.1","462.5",367,"de-st-15001000","51.8537380889","12.2310559599"
"Halle (Saale)","Kreisfreie Stadt","Sachsen-Anhalt","237865","367","14762","6206","425.5",1012,"de-st-15002000","51.4798019096","11.9684968347"
"Magdeburg","Kreisfreie Stadt","Sachsen-Anhalt","235775","170","9445","4005.9","391.1",922,"de-st-15003000","52.1165976423","11.6414820231"
"Altmarkkreis Salzwedel","Landkreis","Sachsen-Anhalt","82687","95","4407","5329.7","569.6",471,"de-st-15081000","52.6800481605","11.2270452746"
"Anhalt-Bitterfeld","Landkreis","Sachsen-Anhalt","157217","206","9161","5827","338.4",532,"de-st-15082000","51.7954450255","12.1432020671"
"Börde","Landkreis","Sachsen-Anhalt","170567","142","7856","4605.8","245.7",419,"de-st-15083000","52.2207122989","11.3478384337"
"Burgenlandkreis","Landkreis","Sachsen-Anhalt","177590","623","16981","9561.9","709.5",1260,"de-st-15084000","51.1472256333","11.8834224288"
"Harz","Landkreis","Sachsen-Anhalt","210975","301","11340","5375","348.4",735,"de-st-15085000","51.8212958888","10.9585438222"
"Jerichower Land","Landkreis","Sachsen-Anhalt","89403","163","4375","4893.6","323.3",289,"de-st-15086000","52.2607898277","12.0265188373"
"Mansfeld-Südharz","Landkreis","Sachsen-Anhalt","133690","239","8414","6293.7","523.6",700,"de-st-15087000","51.5356901778","11.3563584729"
"Saalekreis","Landkreis","Sachsen-Anhalt","183434","374","13586","7406.5","538.6",988,"de-st-15088000","51.4256710773","11.865474038"
"Salzlandkreis","Landkreis","Sachsen-Anhalt","187457","340","12076","6442","455",853,"de-st-15089000","51.8518591913","11.6427256195"
"Stendal","Landkreis","Sachsen-Anhalt","110485","224","6140","5557.3","334.9",370,"de-st-15090000","52.6967781735","11.8395343529"
"Wittenberg","Landkreis","Sachsen-Anhalt","124185","305","8762","7055.6","594.3",738,"de-st-15091000","51.8201400674","12.7015882396"
"Erfurt","Kreisfreie Stadt","Thüringen","213692","295","14351","6715.7","578.9",1237,"de-th-16051000","50.9832526908","11.0202248069"
"Gera","Kreisfreie Stadt","Thüringen","92126","233","7852","8523.1","536.2",494,"de-th-16052000","50.8940170773","12.0826961871"
"Jena","Kreisfreie Stadt","Thüringen","110731","95","6348","5732.8","386.5",428,"de-th-16053000","50.9242638034","11.5870112529"
"Suhl","Kreisfreie Stadt","Thüringen","36395","123","2947","8097.3","629.2",229,"de-th-16054000","50.611602852","10.6881775642"
"Weimar","Kreisfreie Stadt","Thüringen","65098","111","4104","6304.3","405.5",264,"de-th-16055000","50.9783471684","11.3178722759"
"Eichsfeld","Landkreis","Thüringen","99463","259","8431","8476.5","454.4",452,"de-th-16061000","51.3836491981","10.2534853921"
"Nordhausen","Landkreis","Thüringen","82456","71","4031","4888.7","356.6",294,"de-th-16062000","51.5022779756","10.7309067397"
"Wartburgkreis","Landkreis","Thüringen","159937","339","14131","8835.4","555.8",889,"de-th-16063000","50.8858017017","10.2107039491"
"Unstrut-Hainich-Kreis","Landkreis","Thüringen","101698","280","9254","9099.5","533.9",543,"de-th-16064000","51.185238708","10.551795561"
"Kyffhäuserkreis","Landkreis","Thüringen","73522","154","5784","7867","742.6",546,"de-th-16065000","51.3247630758","10.9848331992"
"Schmalkalden-Meiningen","Landkreis","Thüringen","124241","413","13554","10909.4","439.5",546,"de-th-16066000","50.6307076864","10.4050434075"
"Gotha","Landkreis","Thüringen","134563","216","12924","9604.4","581.9",783,"de-th-16067000","50.9106605802","10.6937627152"
"Sömmerda","Landkreis","Thüringen","69107","148","5497","7954.3","301",208,"de-th-16068000","51.1578080643","11.1547511823"
"Hildburghausen","Landkreis","Thüringen","62656","276","7443","11879.1","973.6",610,"de-th-16069000","50.4340027482","10.7340904102"
"Ilm-Kreis","Landkreis","Thüringen","105606","247","9434","8933.2","576.7",609,"de-th-16070000","50.7379337622","10.9663574908"
"Weimarer Land","Landkreis","Thüringen","82291","89","5943","7221.9","647.7",533,"de-th-16071000","50.9715719951","11.3735532667"
"Sonneberg","Landkreis","Thüringen","57044","182","6368","11163.3","1053.6",601,"de-th-16072000","50.4146305494","11.1329526551"
"Saalfeld-Rudolstadt","Landkreis","Thüringen","102139","321","8913","8726.3","552.2",564,"de-th-16073000","50.637797959","11.3091162493"
"Saale-Holzland-Kreis","Landkreis","Thüringen","82816","152","6824","8240","697.9",578,"de-th-16074000","50.904172137","11.7315307817"
"Saale-Orla-Kreis","Landkreis","Thüringen","79632","203","8736","10970.5","960.7",765,"de-th-16075000","50.5808480206","11.7105737336"
"Greiz","Landkreis","Thüringen","96668","248","10293","10647.8","618.6",598,"de-th-16076000","50.7484595538","12.0740705739"
"Altenburger Land","Landkreis","Thüringen","88356","321","9543","10800.6","725.5",641,"de-th-16077000","50.9564246614","12.3991313423"
