value,name
1,Wahlkreis 8 (alle Wahlbezirke)
2, (Kreis Kreis Stormarn)
3,Alveslohe (Gemeinde)
4,Alveslohe (Stimmbezirk Alveslohe I)
5,Alveslohe (Stimmbezirk Alveslohe II)
6,Ammersbek (Briefwahlbezirk Ammersbek Briefwahl 1)
7,Ammersbek (Briefwahlbezirk Ammersbek Briefwahl 2)
8,Ammersbek (Briefwahlbezirk Ammersbek Briefwahl 3)
9,Ammersbek (Gemeinde)
10,Ammersbek (Stimmbezirk Ammersbek 001)
11,Ammersbek (Stimmbezirk Ammersbek 002)
12,Ammersbek (Stimmbezirk Ammersbek 003)
13,Ammersbek (Stimmbezirk Ammersbek 004/041)
14,Ammersbek (Stimmbezirk Ammersbek 004/042)
15,Ammersbek (Stimmbezirk Ammersbek 005)
16,Amt Bad Oldesloe-Land
17,Amt Bad Oldesloe-Land (Briefwahlbezirk Amt Bad Oldesloe-Land Briefwahl 1)
18,Amt Bad Oldesloe-Land (Briefwahlbezirk Amt Bad Oldesloe-Land Briefwahl 2)
19,Amt Bargteheide-Land
20,Amt Bargteheide-Land (Briefwahlbezirk Amt Bargteheide-Land Briefwahl)
21,Amt Bornhöved
22,Amt Bornhöved (Briefwahlbezirk Amt Bornhöved Briefwahl)
23,Amt Itzstedt
24,Amt Itzstedt (Briefwahlbezirk Amt Itzstedt Briefwahl I)
25,Amt Itzstedt (Briefwahlbezirk Amt Itzstedt Briefwahl II)
26,Amt Itzstedt (Tangstedt) (Briefwahlbezirk Amt Itzstedt Briefwahl Tangstedt)
27,Amt Kaltenkirchen-Land
28,Amt Kaltenkirchen-Land (Briefwahlbezirk Amt Kaltenkirchen-Land Briefwahl)
29,Amt Kisdorf
30,Amt Kisdorf (Briefwahlbezirk Amt Kisdorf  Briefwahl 2)
31,Amt Kisdorf (Briefwahlbezirk Amt Kisdorf Briefwahl 1)
32,Amt Leezen
33,Amt Leezen (Briefwahlbezirk Amt Leezen Briefwahl 1)
34,Amt Leezen (Briefwahlbezirk Amt Leezen Briefwahl 2)
35,Amt Trave-Land
36,Amt Trave-Land (Briefwahlbezirk Amt Trave-Land Briefwahl 1)
37,Amt Trave-Land (Briefwahlbezirk Amt Trave-Land Briefwahl 2)
38,Bad Oldesloe (Briefwahlbezirk Bad Oldesloe Briefwahl IV)
39,Bad Oldesloe (Briefwahlbezirk Bad Oldesloe Stadt Briefwahl I)
40,Bad Oldesloe (Briefwahlbezirk Bad Oldesloe Stadt Briefwahl II)
41,Bad Oldesloe (Briefwahlbezirk Bad Oldesloe Stadt Briefwahl III)
42,Bad Oldesloe (Gemeinde)
43,Bad Oldesloe (Stimmbezirk Bad Oldesloe Stadt 001)
44,Bad Oldesloe (Stimmbezirk Bad Oldesloe Stadt 002)
45,Bad Oldesloe (Stimmbezirk Bad Oldesloe Stadt 003)
46,Bad Oldesloe (Stimmbezirk Bad Oldesloe Stadt 004)
47,Bad Oldesloe (Stimmbezirk Bad Oldesloe Stadt 005)
48,Bad Oldesloe (Stimmbezirk Bad Oldesloe Stadt 006)
49,Bad Oldesloe (Stimmbezirk Bad Oldesloe Stadt 007)
50,Bad Oldesloe (Stimmbezirk Bad Oldesloe Stadt 008)
51,Bad Oldesloe (Stimmbezirk Bad Oldesloe Stadt 009)
52,Bad Oldesloe (Stimmbezirk Bad Oldesloe Stadt 010)
53,Bad Oldesloe (Stimmbezirk Bad Oldesloe Stadt 011)
54,Bad Oldesloe (Stimmbezirk Bad Oldesloe Stadt 012)
55,Bad Oldesloe (Stimmbezirk Bad Oldesloe Stadt 013)
56,Bad Oldesloe (Stimmbezirk Bad Oldesloe Stadt 014)
57,Bad Oldesloe (Stimmbezirk Bad Oldesloe Stadt 015)
58,Bad Oldesloe (Stimmbezirk Bad Oldesloe Stadt 016)
59,Bad Oldesloe (Stimmbezirk Bad Oldesloe Stadt 017)
60,Bad Segeberg (Briefwahlbezirk Bad Segeberg Stadt Briefwahl 1)
61,Bad Segeberg (Briefwahlbezirk Bad Segeberg Stadt Briefwahl 2)
62,Bad Segeberg (Briefwahlbezirk Bad Segeberg Stadt Briefwahl 3)
63,Bad Segeberg (Gemeinde)
64,Bad Segeberg (Stimmbezirk Bad Segeberg 1)
65,Bad Segeberg (Stimmbezirk Bad Segeberg 2)
66,Bad Segeberg (Stimmbezirk Bad Segeberg 3)
67,Bad Segeberg (Stimmbezirk Bad Segeberg 4)
68,Bad Segeberg (Stimmbezirk Bad Segeberg 5)
69,Bad Segeberg (Stimmbezirk Bad Segeberg 6)
70,Bad Segeberg (Stimmbezirk Bad Segeberg 7)
71,Bahrenhof (Gemeinde)
72,Bahrenhof (Stimmbezirk Bahrenhof)
73,Bargfeld-Stegen (Gemeinde)
74,Bargfeld-Stegen (Stimmbezirk Bargfeld-Stegen 1)
75,Bargfeld-Stegen (Stimmbezirk Bargfeld-Stegen 2)
76,Bargteheide (Briefwahlbezirk Bargteheide Stadt Briefwahl 1)
77,Bargteheide (Briefwahlbezirk Bargteheide Stadt Briefwahl 2)
78,Bargteheide (Briefwahlbezirk Bargteheide Stadt Briefwahl 3)
79,Bargteheide (Briefwahlbezirk Bargteheide Stadt Briefwahl 4)
80,Bargteheide (Briefwahlbezirk Bargteheide Stadt Briefwahl 5)
81,Bargteheide (Briefwahlbezirk Bargteheide Stadt Briefwahl 6)
82,Bargteheide (Briefwahlbezirk Bargteheide Stadt Briefwahl 7)
83,Bargteheide (Gemeinde)
84,Bargteheide (Stimmbezirk Bargteheide 001)
85,Bargteheide (Stimmbezirk Bargteheide 002)
86,Bargteheide (Stimmbezirk Bargteheide 003)
87,Bargteheide (Stimmbezirk Bargteheide 004)
88,Bargteheide (Stimmbezirk Bargteheide 005)
89,Bargteheide (Stimmbezirk Bargteheide 006)
90,Bargteheide (Stimmbezirk Bargteheide 007)
91,Bark (Gemeinde)
92,Bark (Stimmbezirk Bark)
93,Bark (Stimmbezirk Bockhorn)
94,Bebensee (Gemeinde)
95,Bebensee (Stimmbezirk Bebensee)
96,Blunk (Gemeinde)
97,Blunk (Stimmbezirk Blunk)
98,Bornhöved (Gemeinde)
99,Bornhöved (Stimmbezirk Bornhöved 1)
100,Bornhöved (Stimmbezirk Bornhöved 2)
101,Bühnsdorf (Gemeinde)
102,Bühnsdorf (Stimmbezirk Bühnsdorf)
103,Damsdorf (Gemeinde)
104,Damsdorf (Stimmbezirk Damsdorf)
105,Delingsdorf (Gemeinde)
106,Delingsdorf (Stimmbezirk Delingsdorf)
107,Ellerau (Briefwahlbezirk Ellerau Briefwahl)
108,Ellerau (Gemeinde)
109,Ellerau (Stimmbezirk Ellerau 1)
110,Ellerau (Stimmbezirk Ellerau 2)
111,Ellerau (Stimmbezirk Ellerau 3)
112,Ellerau (Stimmbezirk Ellerau 4)
113,Ellerau (Stimmbezirk Ellerau 5)
114,Elmenhorst (Gemeinde)
115,Elmenhorst (Stimmbezirk Elmenhorst 1)
116,Elmenhorst (Stimmbezirk Elmenhorst 2)
117,Fahrenkrug (Gemeinde)
118,Fahrenkrug (Stimmbezirk Fahrenkrug)
119,Fredesdorf (Gemeinde)
120,Fredesdorf (Stimmbezirk Fredesdorf)
121,Geschendorf (Gemeinde)
122,Geschendorf (Stimmbezirk Geschendorf)
123,Glasau (Gemeinde)
124,Glasau (Stimmbezirk Glasau)
125,Gönnebek (Gemeinde)
126,Gönnebek (Stimmbezirk Gönnebek)
127,Grabau (Gemeinde)
128,Grabau (Stimmbezirk Grabau)
129,Groß Niendorf (Gemeinde)
130,Groß Niendorf (Stimmbezirk Groß Niendorf)
131,Groß Rönnau (Gemeinde)
132,Groß Rönnau (Stimmbezirk Groß Rönnau)
133,Hammoor (Gemeinde)
134,Hammoor (Stimmbezirk Hammoor)
135,Hartenholm (Gemeinde)
136,Hartenholm (Stimmbezirk Hartenholm)
137,Hasenmoor (Gemeinde)
138,Hasenmoor (Stimmbezirk Hasenmoor)
139,Henstedt-Ulzburg (Briefwahlbezirk Henstedt-Ulzburg Briefwahl 1)
140,Henstedt-Ulzburg (Briefwahlbezirk Henstedt-Ulzburg Briefwahl 2)
141,Henstedt-Ulzburg (Briefwahlbezirk Henstedt-Ulzburg Briefwahl 3)
142,Henstedt-Ulzburg (Briefwahlbezirk Henstedt-Ulzburg Briefwahl 4)
143,Henstedt-Ulzburg (Briefwahlbezirk Henstedt-Ulzburg Briefwahl 5)
144,Henstedt-Ulzburg (Briefwahlbezirk Henstedt-Ulzburg Briefwahl 6)
145,Henstedt-Ulzburg (Gemeinde)
146,Henstedt-Ulzburg (Stimmbezirk Henstedt-Ulzburg 1)
147,Henstedt-Ulzburg (Stimmbezirk Henstedt-Ulzburg 10)
148,Henstedt-Ulzburg (Stimmbezirk Henstedt-Ulzburg 11)
149,Henstedt-Ulzburg (Stimmbezirk Henstedt-Ulzburg 12)
150,Henstedt-Ulzburg (Stimmbezirk Henstedt-Ulzburg 13)
151,Henstedt-Ulzburg (Stimmbezirk Henstedt-Ulzburg 14)
152,Henstedt-Ulzburg (Stimmbezirk Henstedt-Ulzburg 15)
153,Henstedt-Ulzburg (Stimmbezirk Henstedt-Ulzburg 2)
154,Henstedt-Ulzburg (Stimmbezirk Henstedt-Ulzburg 3)
155,Henstedt-Ulzburg (Stimmbezirk Henstedt-Ulzburg 4)
156,Henstedt-Ulzburg (Stimmbezirk Henstedt-Ulzburg 5)
157,Henstedt-Ulzburg (Stimmbezirk Henstedt-Ulzburg 6)
158,Henstedt-Ulzburg (Stimmbezirk Henstedt-Ulzburg 7)
159,Henstedt-Ulzburg (Stimmbezirk Henstedt-Ulzburg 8)
160,Henstedt-Ulzburg (Stimmbezirk Henstedt-Ulzburg 9)
161,Högersdorf (Gemeinde)
162,Högersdorf (Stimmbezirk Högersdorf)
163,Hüttblek (Gemeinde)
164,Hüttblek (Stimmbezirk Hüttblek)
165,Itzstedt (Gemeinde)
166,Itzstedt (Stimmbezirk Itzstedt 101)
167,Itzstedt (Stimmbezirk Itzstedt 102)
168,Itzstedt (Stimmbezirk Itzstedt 103)
169,Jersbek (Gemeinde)
170,Jersbek (Stimmbezirk Jersbek 1)
171,Jersbek (Stimmbezirk Jersbek 2)
172,Kaltenkirchen (Briefwahlbezirk Kaltenkirchen Stadt Briefwahl I)
173,Kaltenkirchen (Briefwahlbezirk Kaltenkirchen Stadt Briefwahl II)
174,Kaltenkirchen (Briefwahlbezirk Kaltenkirchen Stadt Briefwahl IV)
175,Kaltenkirchen (Briefwahlbezirk Kaltenkirchen Stadt Briefwahl V)
176,Kaltenkirchen (Briefwahlbezirk Kaltenkirchen Stadt Briefwahl VI)
177,Kaltenkirchen (Gemeinde)
178,Kaltenkirchen (Stimmbezirk Kaltenkirchen 1)
179,Kaltenkirchen (Stimmbezirk Kaltenkirchen 10)
180,Kaltenkirchen (Stimmbezirk Kaltenkirchen 11)
181,Kaltenkirchen (Stimmbezirk Kaltenkirchen 12)
182,Kaltenkirchen (Stimmbezirk Kaltenkirchen 13)
183,Kaltenkirchen (Stimmbezirk Kaltenkirchen 14)
184,Kaltenkirchen (Stimmbezirk Kaltenkirchen 2)
185,Kaltenkirchen (Stimmbezirk Kaltenkirchen 3)
186,Kaltenkirchen (Stimmbezirk Kaltenkirchen 4)
187,Kaltenkirchen (Stimmbezirk Kaltenkirchen 5)
188,Kaltenkirchen (Stimmbezirk Kaltenkirchen 6)
189,Kaltenkirchen (Stimmbezirk Kaltenkirchen 7)
190,Kaltenkirchen (Stimmbezirk Kaltenkirchen 8)
191,Kaltenkirchen (Stimmbezirk Kaltenkirchen 9)
192,Kattendorf (Gemeinde)
193,Kattendorf (Stimmbezirk Kattendorf)
194,Kayhude (Gemeinde)
195,Kayhude (Stimmbezirk Kayhude 201)
196,Kayhude (Stimmbezirk Kayhude 202)
197,Kisdorf (Gemeinde)
198,Kisdorf (Stimmbezirk Kisdorf-Ost)
199,Kisdorf (Stimmbezirk Kisdorf-West)
200,Kisdorf (Stimmbezirk Kisdorf-Wohld)
201,Klein Gladebrügge (Gemeinde)
202,Klein Gladebrügge (Stimmbezirk Klein Gladebrügge)
203,Klein Rönnau (Gemeinde)
204,Klein Rönnau (Stimmbezirk Klein Rönnau)
205,Krems II (Gemeinde)
206,Krems II (Stimmbezirk Krems II)
207,Kükels (Gemeinde)
208,Kükels (Stimmbezirk Kükels)
209,Lasbek (Gemeinde)
210,Lasbek (Stimmbezirk Lasbek)
211,Leezen (Gemeinde)
212,Leezen (Stimmbezirk Heiderfeld)
213,Leezen (Stimmbezirk Leezen)
214,Lentföhrden (Gemeinde)
215,Lentföhrden (Stimmbezirk Lentföhrden I)
216,Lentföhrden (Stimmbezirk Lentföhrden II)
217,Meddewade (Gemeinde)
218,Meddewade (Stimmbezirk Meddewade)
219,Mözen (Gemeinde)
220,Mözen (Stimmbezirk Mözen)
221,Nahe (Gemeinde)
222,Nahe (Stimmbezirk Nahe 301)
223,Nahe (Stimmbezirk Nahe 302)
224,Nahe (Stimmbezirk Nahe 303)
225,Negernbötel (Gemeinde)
226,Negernbötel (Stimmbezirk Negernbötel 1)
227,Negernbötel (Stimmbezirk Negernbötel 2)
228,Nehms (Gemeinde)
229,Nehms (Stimmbezirk Nehms)
230,Neritz (Gemeinde)
231,Neritz (Stimmbezirk Neritz)
232,Neuengörs (Gemeinde)
233,Neuengörs (Stimmbezirk Neuengörs 1)
234,Neuengörs (Stimmbezirk Neuengörs 2)
235,Neuengörs (Stimmbezirk Neuengörs 3)
236,Neversdorf (Gemeinde)
237,Neversdorf (Stimmbezirk Neversdorf)
238,Nienwohld (Gemeinde)
239,Nienwohld (Stimmbezirk Nienwohld)
240,Norderstedt (Briefwahlbezirk Norderstedt Stadt Briefwahl I)
241,Norderstedt (Briefwahlbezirk Norderstedt Stadt Briefwahl II)
242,Norderstedt (Briefwahlbezirk Norderstedt Stadt Briefwahl III)
243,Norderstedt (Briefwahlbezirk Norderstedt Stadt Briefwahl IV)
244,Norderstedt (Briefwahlbezirk Norderstedt Stadt Briefwahl IX)
245,Norderstedt (Briefwahlbezirk Norderstedt Stadt Briefwahl V)
246,Norderstedt (Briefwahlbezirk Norderstedt Stadt Briefwahl VI)
247,Norderstedt (Briefwahlbezirk Norderstedt Stadt Briefwahl VII)
248,Norderstedt (Briefwahlbezirk Norderstedt Stadt Briefwahl VIII)
249,Norderstedt (Briefwahlbezirk Norderstedt Stadt Briefwahl X)
250,Norderstedt (Briefwahlbezirk Norderstedt Stadt Briefwahl XI)
251,Norderstedt (Briefwahlbezirk Norderstedt Stadt Briefwahl XII)
252,Norderstedt (Briefwahlbezirk Norderstedt Stadt Briefwahl XIII)
253,Norderstedt (Briefwahlbezirk Norderstedt Stadt Briefwahl XIV)
254,Norderstedt (Briefwahlbezirk Norderstedt Stadt Briefwahl XIX)
255,Norderstedt (Briefwahlbezirk Norderstedt Stadt Briefwahl XV)
256,Norderstedt (Briefwahlbezirk Norderstedt Stadt Briefwahl XVI)
257,Norderstedt (Briefwahlbezirk Norderstedt Stadt Briefwahl XVII)
258,Norderstedt (Briefwahlbezirk Norderstedt Stadt Briefwahl XVIII)
259,Norderstedt (Briefwahlbezirk Norderstedt Stadt Briefwahl XX)
260,Norderstedt (Gemeinde)
261,Norderstedt (Stimmbezirk Norderstedt 011)
262,Norderstedt (Stimmbezirk Norderstedt 012)
263,Norderstedt (Stimmbezirk Norderstedt 021)
264,Norderstedt (Stimmbezirk Norderstedt 022)
265,Norderstedt (Stimmbezirk Norderstedt 031)
266,Norderstedt (Stimmbezirk Norderstedt 032)
267,Norderstedt (Stimmbezirk Norderstedt 041)
268,Norderstedt (Stimmbezirk Norderstedt 042)
269,Norderstedt (Stimmbezirk Norderstedt 051)
270,Norderstedt (Stimmbezirk Norderstedt 052)
271,Norderstedt (Stimmbezirk Norderstedt 061)
272,Norderstedt (Stimmbezirk Norderstedt 062)
273,Norderstedt (Stimmbezirk Norderstedt 071)
274,Norderstedt (Stimmbezirk Norderstedt 072)
275,Norderstedt (Stimmbezirk Norderstedt 081)
276,Norderstedt (Stimmbezirk Norderstedt 082)
277,Norderstedt (Stimmbezirk Norderstedt 091)
278,Norderstedt (Stimmbezirk Norderstedt 092)
279,Norderstedt (Stimmbezirk Norderstedt 101)
280,Norderstedt (Stimmbezirk Norderstedt 102)
281,Norderstedt (Stimmbezirk Norderstedt 111)
282,Norderstedt (Stimmbezirk Norderstedt 112)
283,Norderstedt (Stimmbezirk Norderstedt 121)
284,Norderstedt (Stimmbezirk Norderstedt 122)
285,Norderstedt (Stimmbezirk Norderstedt 131)
286,Norderstedt (Stimmbezirk Norderstedt 132)
287,Norderstedt (Stimmbezirk Norderstedt 141)
288,Norderstedt (Stimmbezirk Norderstedt 142)
289,Norderstedt (Stimmbezirk Norderstedt 151)
290,Norderstedt (Stimmbezirk Norderstedt 152)
291,Norderstedt (Stimmbezirk Norderstedt 161)
292,Norderstedt (Stimmbezirk Norderstedt 162)
293,Norderstedt (Stimmbezirk Norderstedt 171)
294,Norderstedt (Stimmbezirk Norderstedt 172)
295,Norderstedt (Stimmbezirk Norderstedt 181)
296,Norderstedt (Stimmbezirk Norderstedt 182)
297,Norderstedt (Stimmbezirk Norderstedt 191)
298,Norderstedt (Stimmbezirk Norderstedt 192)
299,Norderstedt (Stimmbezirk Norderstedt 201)
300,Norderstedt (Stimmbezirk Norderstedt 202)
301,Nützen (Gemeinde)
302,Nützen (Stimmbezirk Nützen)
303,Oering (Gemeinde)
304,Oering (Stimmbezirk Oering 401)
305,Oering (Stimmbezirk Oering 402)
306,Oersdorf (Gemeinde)
307,Oersdorf (Stimmbezirk Oersdorf)
308,Pölitz (Gemeinde)
309,Pölitz (Stimmbezirk Pölitz 1)
310,Pölitz (Stimmbezirk Pölitz 2)
311,Pronstorf (Gemeinde)
312,Pronstorf (Stimmbezirk Pronstorf 1)
313,Pronstorf (Stimmbezirk Pronstorf 2)
314,Pronstorf (Stimmbezirk Pronstorf 3)
315,Rethwisch (Gemeinde)
316,Rethwisch (Stimmbezirk Rethwisch 1)
317,Rethwisch (Stimmbezirk Rethwisch 2)
318,Rohlstorf (Gemeinde)
319,Rohlstorf (Stimmbezirk Rohlstorf)
320,Rümpel (Gemeinde)
321,Rümpel (Stimmbezirk Rümpel 1)
322,Rümpel (Stimmbezirk Rümpel 2)
323,Schackendorf (Gemeinde)
324,Schackendorf (Stimmbezirk Schackendorf)
325,Schieren (Gemeinde)
326,Schieren (Stimmbezirk Schieren)
327,Schmalensee (Gemeinde)
328,Schmalensee (Stimmbezirk Schmalensee)
329,Schmalfeld (Gemeinde)
330,Schmalfeld (Stimmbezirk Schmalfeld)
331,Schwissel (Gemeinde)
332,Schwissel (Stimmbezirk Schwissel)
333,Seedorf (Gemeinde)
334,Seedorf (Stimmbezirk Seedorf 1)
335,Seedorf (Stimmbezirk Seedorf 2)
336,Seedorf (Stimmbezirk Seedorf 3)
337,Seth (Gemeinde)
338,Seth (Stimmbezirk Seth 501)
339,Seth (Stimmbezirk Seth 502)
340,Sievershütten (Gemeinde)
341,Sievershütten (Stimmbezirk Sievershütten)
342,Steinburg (Gemeinde)
343,Steinburg (Stimmbezirk Steinburg 1)
344,Steinburg (Stimmbezirk Steinburg 2)
345,Steinburg (Stimmbezirk Steinburg 3)
346,Stipsdorf (Gemeinde)
347,Stipsdorf (Stimmbezirk Stipsdorf)
348,Stocksee (Gemeinde)
349,Stocksee (Stimmbezirk Stocksee)
350,Strukdorf (Gemeinde)
351,Strukdorf (Stimmbezirk Strukdorf)
352,Struvenhütten (Gemeinde)
353,Struvenhütten (Stimmbezirk Struvenhütten)
354,Stuvenborn (Gemeinde)
355,Stuvenborn (Stimmbezirk Stuvenborn)
356,Sülfeld (Gemeinde)
357,Sülfeld (Stimmbezirk Sülfeld 601)
358,Sülfeld (Stimmbezirk Sülfeld 602)
359,Sülfeld (Stimmbezirk Sülfeld 603)
360,Sülfeld (Stimmbezirk Sülfeld 604)
361,Tangstedt (Gemeinde)
362,Tangstedt (Stimmbezirk Tangstedt 1)
363,Tangstedt (Stimmbezirk Tangstedt 2)
364,Tangstedt (Stimmbezirk Tangstedt 3)
365,Tangstedt (Stimmbezirk Tangstedt 4)
366,Tangstedt (Stimmbezirk Tangstedt 5)
367,Tarbek (Gemeinde)
368,Tarbek (Stimmbezirk Tarbek)
369,Tensfeld (Gemeinde)
370,Tensfeld (Stimmbezirk Tensfeld)
371,Todendorf (Gemeinde)
372,Todendorf (Stimmbezirk Todendorf)
373,Todesfelde (Gemeinde)
374,Todesfelde (Stimmbezirk Todeslfelde)
375,Trappenkamp (Gemeinde)
376,Trappenkamp (Stimmbezirk Trappenkamp 1)
377,Trappenkamp (Stimmbezirk Trappenkamp 2)
378,Travenbrück (Gemeinde)
379,Travenbrück (Stimmbezirk Travenbrück 1)
380,Travenbrück (Stimmbezirk Travenbrück 2)
381,Travenbrück (Stimmbezirk Travenbrück 3)
382,Travenhorst (Gemeinde)
383,Travenhorst (Stimmbezirk Travenhorst)
384,Traventhal (Gemeinde)
385,Traventhal (Stimmbezirk Traventhal)
386,Tremsbüttel (Gemeinde)
387,Tremsbüttel (Stimmbezirk Tremsbüttel)
388,Wahlstedt (Briefwahlbezirk Wahlstedt Stadt Briefwahl 1)
389,Wahlstedt (Briefwahlbezirk Wahlstedt Stadt Briefwahl 2)
390,Wahlstedt (Gemeinde)
391,Wahlstedt (Stimmbezirk Wahlstedt 1)
392,Wahlstedt (Stimmbezirk Wahlstedt 2)
393,Wahlstedt (Stimmbezirk Wahlstedt 3)
394,Wahlstedt (Stimmbezirk Wahlstedt 4)
395,Wahlstedt (Stimmbezirk Wahlstedt 5)
396,Wakendorf I (Gemeinde)
397,Wakendorf I (Stimmbezirk Wakendorf I)
398,Wakendorf II (Gemeinde)
399,Wakendorf II (Stimmbezirk Wakendorf II)
400,Weede (Gemeinde)
401,Weede (Stimmbezirk Weede)
402,Wensin (Gemeinde)
403,Wensin (Stimmbezirk Wensin)
404,Westerrade (Gemeinde)
405,Westerrade (Stimmbezirk Westerrade)
406,Winsen (Gemeinde)
407,Winsen (Stimmbezirk Winsen)
408,Wittenborn (Gemeinde)
409,Wittenborn (Stimmbezirk Wittenborn)
