Land,Kreis,Ort,Straße,Standort,lon,lat,z
Brandenburg,Kreisfreie Stadt Potsdam,Potsdam,,Details sind noch nicht bekannt,13.0644729,52.3905689,1
Brandenburg,Kreisfreie Stadt Cottbus,Cottbus,,Details sind noch nicht bekannt,14.3328679,51.7563108,1
Brandenburg,Landkreis Ostprignitz-Ruppin,Kyritz,,Details sind noch nicht bekannt,12.3961713,52.9432288,1
Brandenburg,Landkreis Oberhavel,Oranienburg,,Details sind noch nicht bekannt,13.2366809,52.7537284,1
Brandenburg,Landkreis Uckermark,Prenzlau,,Details sind noch nicht bekannt,13.8633409,53.3173433,1
Brandenburg,Landkreis Barnim,Eberswalde,,Details sind noch nicht bekannt,13.7875871,52.837133,1
Brandenburg,Kreisfreie Stadt Frankfurt (Oder),Frankfurt (Oder),,Details sind noch nicht bekannt,14.5505672,52.3472237,1
Brandenburg,Landkreis Elbe-Elster,Elsterwerda,,Details sind noch nicht bekannt,13.5202201,51.4632578,1
Brandenburg,Landkreis Teltow-Fläming,Luckenwalde,,Details sind noch nicht bekannt,13.1636906,52.0903895,1
Brandenburg,Kreisfreie Stadt Brandenburg an der Havel,Brandenburg an der Havel,,Details sind noch nicht bekannt,12.5316444,52.4125287,1
Berlin,Berlin,Berlin,Messedamm 22,an der Messe (Halle 11),13.2741797,52.5012463,1
Berlin,Berlin,Berlin,Saatwinkler Damm,Flughafen Tegel (Terminal C),13.286861,52.5483451,1
Berlin,Berlin,Berlin,Platz der Luftbrücke 5,Flughafen Tempelhof (Hangar 4),13.3891911,52.4821151,1
Berlin,Berlin,Berlin,Müllerstraße 185,Erika-Heß-Eisstadion,13.36949,52.53732,1
Berlin,Berlin,Berlin,Paul-Heyse-Straße,Velodrom,13.4472471,52.5305788,1
Berlin,Berlin,Berlin,Eichenstraße 4,Arena Berlin,13.4532015,52.4964226,1
Baden-Württemberg,Landkreis Alb-Donau-Kreis,Ehingen (Donau),Biberacher Straße 67,Alb-Donau-Center,9.72615,48.27206,1
Baden-Württemberg,Landkreis Biberach,Ummendorf,Schulstraße 31,Gemeindehalle,9.8287803,48.0613769,1
Baden-Württemberg,Landkreis Böblingen,Sindelfingen,Mahdentalstraße,Messehalle Sindelfingen,9.0247576,48.7070666,1
Baden-Württemberg,Landkreis Bodenseekreis,Friedrichshafen,Messestraße,Messe - Friedrichshafen,9.5045127,47.6740223,1
Baden-Württemberg,Landkreis Breisgau- Hochschwarzwald,Müllheim,,Details sind noch nicht bekannt,7.6370241,47.8165337,1
Baden-Württemberg,Landkreis Calw,Altensteig,Rolf-Moll-Straße 4,DEKRA-Hotel Wart,8.6430873,48.623141,1
Baden-Württemberg,Landkreis Emmendingen,Kenzingen,Industriestraße 26,ehemaliger Aldi-Markt,7.7676525,48.2018332,1
Baden-Württemberg,Landkreis Enzkreis,Mönsheim,Pforzheimer Straße 85,Appenberg-Halle,8.8552517,48.8653142,1
Baden-Württemberg,Landkreis Esslingen,Echterdingen,Messpiazza,Messe Stuttgart,9.1935003,48.693439,1
Baden-Württemberg,Landkreis Esslingen,Esslingen am Neckar,Zeppelinstraße,Gewerbegebäude Zeppelinstraße,9.3432966,48.7221838,1
Baden-Württemberg,Landkreis Freudenstadt,Dornstetten,Riedstiege 80,Riedsteighalle,8.5052167,48.4725461,1
Baden-Württemberg,Landkreis Göppingen,Göppingen,Esslinger Straße 10,Esslinger Str. 10,9.6811052,48.6963187,1
Baden-Württemberg,Landkreis Heidenheim,Heidenheim an der Brenz,Hugo-Rupf-Platz 1,Congress Centrum,10.1467234,48.6725144,1
Baden-Württemberg,Landkreis Heilbronn,Ilsfeld,Ochsenweg 2,Tiefenbachhalle,9.2874207,49.0542092,1
Baden-Württemberg,Landkreis Hohenlohekreis,Öhringen,Pfaffenmühlenweg 30,Hohenlohe-Sporthalle,9.5073173,49.1990172,1
Baden-Württemberg,Landkreis Karlsruhe,Sulzfeld,,Sulzfeld EGO Halle 4,8.8587134,49.1117267,1
Baden-Württemberg,Landkreis Karlsruhe,Bruchsal,Stuttgarter Straße 10,Praktiker-Baumarkt,8.6409557,49.0955346,1
Baden-Württemberg,Landkreis Konstanz,Singen (Hohentwiel),Hohgarten 4,Stadthalle Singen,8.8325771,47.7612411,1
Baden-Württemberg,Landkreis Lörrach,Lörrach,Beim Haagensteg 5,Freizeitcenter Impulsiv,7.6814623,47.63259,1
Baden-Württemberg,Landkreis Ludwigsburg,Ludwigsburg,Grönerstraße 33,MM Studio (Doppelstandort),9.1683451,48.8926679,1
Baden-Württemberg,Landkreis Main-Tauber-Kreis,Bad Mergentheim,Seegartenstraße 16,Berufliches Schulzentrum,9.7700168,49.4871778,1
Baden-Württemberg,Landkreis Neckar-Odenwald-Kreis,Mosbach,Alte Bergsteige,Obertorzentrum,9.1587921,49.3505219,1
Baden-Württemberg,Landkreis Ortenaukreis,Lahr/Schwarzwald,Rheinstraße 15,Rheintalsporthalle,7.8325254,48.3447069,1
Baden-Württemberg,Landkreis Ortenaukreis,Offenburg,Schuttenwälder Straße,Messe Offenburg-Ortenau (zusätzliches KIZ an ZIZ- Standort),7.9231603,48.4610711,1
Baden-Württemberg,Landkreis Ostalbkreis,Aalen,Parkstraße 15,Ulrich-Pfeifle-Halle,10.0821922,48.8401628,1
Baden-Württemberg,Landkreis Rastatt,Bühl,Ludwig-Jahn-Straße 6a,Schwarzwaldhalle,8.1281924,48.6893581,1
Baden-Württemberg,Landkreis Ravensburg,Ravensburg,Bleicherstraße 20,Oberschwabenhalle,9.6137881,47.7907711,1
Baden-Württemberg,Landkreis Rems-Murr-Kreis,Waiblingen,Beinsteiner Straße 160,Rundsporthalle,9.3301265,48.8263635,1
Baden-Württemberg,Landkreis Reutlingen,Reutlingen,An der Kreuzeiche,Kreuzeiche-Stadion,9.1941608,48.4802071,1
Baden-Württemberg,Landkreis Rhein-Neckar-Kreis,Sinsheim,Breite Seite,„Parsa“-Halle,8.8663228,49.251781,1
Baden-Württemberg,Landkreis Rhein-Neckar-Kreis,Weinheim,,Details sind noch nicht bekannt,8.6620453,49.5407466,1
Baden-Württemberg,Landkreis Rottweil,Rottweil,Stadionstraße,Stadthalle,8.6285191,48.1541695,1
Baden-Württemberg,Landkreis Schwäbisch Hall,Wolpertshausen,,Halle,9.8447956,49.1588773,1
Baden-Württemberg,Landkreis Schwarzwald-Baar-Kreis,Villingen-Schwenningen,Waldeckweg 25,Tennishalle des Tennisclubs TCS Schwenningen e.V.,8.5424307,48.0501269,1
Baden-Württemberg,Landkreis Sigmaringen,Hohentengen,,Kaserne Sporthalle,9.3806377,48.0255488,1
Baden-Württemberg,Landkreis Tübingen,Tübingen,Europastraße 50,Paul-Horn-Arena,9.0420197,48.5105016,1
Baden-Württemberg,Landkreis Tuttlingen,Tuttlingen,Mühlenweg 19,Kreissporthalle,8.8043406,47.9861121,1
Baden-Württemberg,Landkreis Waldshut,Waldshut-Tiengen,Berliner Straße 2,Stadthalle Tiengen,8.276046,47.6305195,1
Baden-Württemberg,Stadt Baden-Baden,Baden-Baden,Sophienstraße,Baden-Baden Kurhaus,8.241351,48.7615665,1
Baden-Württemberg,Stadt Heilbronn,Heilbronn,Nussäckerstraße 3,Messehalle intersport red-blue,9.17141,49.11404,1
Baden-Württemberg,Stadt Pforzheim,Pforzheim,Hohwiesenweg 4,Eissporthalle St.-Maur- Halle,8.723269,48.8961343,1
Baden-Württemberg,Stadtkreis Freiburg,Freiburg im Breisgau,Hermann-Mitsch-Straße 3,voraussichtlich Freiburg Messe,7.8402587,48.0159052,1
Baden-Württemberg,Stadtkreis Heidelberg,Heidelberg,Schwalbenweg 43862,Gesellschaftshaus Pfaffengrund,8.6460246,49.3982602,1
Baden-Württemberg,Stadtkreis Karlsruhe,Karlsruhe,Festplatz 5,Kongresszentrum Schwarzwaldhalle,8.4010219,49.0017796,1
Baden-Württemberg,Stadtkreis Mannheim,Mannheim,Xaver-Fuhr-Straße,Maimarktareal,8.5217911,49.4669021,1
Baden-Württemberg,Stadtkreis Stuttgart,,,Details sind noch nicht bekannt,9.3501336,48.6616037,1
Baden-Württemberg,Stadtkreis Ulm,Ulm,Böfinger Straße,Halle 5 und Teilbereich Halle 6 der Ulmer Messe,10.0126845,48.415206,1
Baden-Württemberg,Zollernalbkreis,Meßstetten,Geißbühlstraße,Zollern-Alb-Kaserne (ehemalige LEA),8.9887078,48.1858375,1
,,,,,NA,NA,1
,,,,,NA,NA,1
,,,,,NA,NA,1
Bayern,Landkreis Altötting,Neuötting,Badstraße 1,Kreishallenbad,12.6898094,48.2341587,1
Bayern,Stadt Amberg,Amberg,Bruno-Hofer-Straße 8,Jugendzentrum Klärwerk,11.8669302,49.4347757,1
Bayern,Landkreis Amberg-Sulzbach,Sulzbach-Rosenberg,Obere Gartenstraße 3,Landkreis Cultur Center LCC,11.7471154,49.5039237,1
Bayern,Landkreis und Stadt Aschaffenburg,Hösbach,Industriestraße 2,Impfzentrum Aschaffenburg,9.222231,50.0060113,1
Bayern,Landkreis Bad Kissingen,Bad Kissingen,Reithauspl. 2,Tattersall,10.0742091,50.2032523,1
Bayern,Landkreis Bad Tölz-Wolfratshausen,Bad Tölz,Schützenstraße 15,Stadtklinik Asklepios,11.5514463,47.7567795,1
Bayern,Landkreis Bad-Tölz-Wolfratshausen,Wolfratshausen,Moosbauerweg 5,Kreisklinik Wolfratshausen,11.4288186,47.9113665,1
Bayern,Landkreis und Stadt Bamberg,Bamberg,Forchheimer Straße 15,Brose Arena,10.9202936,49.8790468,1
Bayern,Landkreis Bayreuth,Pegnitz,Langer Berg 12,Ärztehaus der Sana Klinik,11.5271101,49.7580145,1
Bayern,Stadt und Landkreis Bayreuth,Bayreuth,Adolf-Wächter-Straße 8,Johannes-Kepler-Realschule Bayreuth,11.548368,49.934937,1
Bayern,Landkreis Cham,Roding,Arnulfstraße 1,Krankenhaus,12.5183019,49.1888969,1
Bayern,Landkreis Cham,Bad Kötzting,Hauser Str. 42,Sana-Klinik,12.8599885,49.1839258,1
Bayern,Landkreis Coburg,Ahorn-Witzmannsberg,Badstraße 20a,Freizeitzentrum Witzmannsberg,10.9027338,50.2253571,1
Bayern,Landkreis Deggendorf,Deggendorf,Neusiedler Straße,Festplatz Ackerloh,12.9510317,48.8327536,1
Bayern,Landkreis Dillingen,Wertingen,Pestalozzistraße 12,Dreifachturnhalle und Hallenbad,10.682389,48.5650408,1
Bayern,Landkreis Dingolfing-Landau,Dingolfing-Salitersheim,Salitersheimer Str. 2,Ehemalige Industriehalle,12.48502,48.65012,1
Bayern,Landkreis Donau-Ries,Donauwörth,Josef-Gänsler-Straße 8,Halle im Gewerbegebiet,10.7539315,48.7100891,1
Bayern,Landkreis Donau-Ries,Nördlingen,Nürnberger Straße 17,Ehemaliges Verwaltungsgebäude,10.4957403,48.8579704,1
Bayern,Landkreis Ebersberg,Ebersberg,Sparkassenplatz,Ehemaligen Gebäude der Kreissparkasse,11.9648764,48.0746316,1
Bayern,Landkreis Eichstätt,Eichstätt,Schottenau,Volksfestplatz Eichstätt,11.1986889,48.8860193,1
Bayern,Landkreis Eichstätt,Lenting,Bahnhofstr. 16,Landratsamt Eichstätt - Dienstleistungszentrum Lenting,11.469392,48.807551,1
Bayern,Landkreis Forchheim,Forchheim,Don-Bosco-Straße 4,Ehemalige Jugendherberge,11.0788378,49.7185714,1
Bayern,Landkreis Freising,Freising,,Ehemalige General-von-Stein Kaserne,11.7631748,48.3827885,1
Bayern,Landkreis Freyung-Grafenau,Freyung,Passauer Str. 9,Ehemaliges Kindermodengeschäft,13.5453925,48.80672,1
Bayern,Landkreis Garmisch-Partenkirchen,Garmisch-Partenkirchen,Eisstadion 1,Parkplatz Alpspitzwellenbad,11.0959404,47.4891064,1
Bayern,Landkreis Haßberge,Hofheim,Eichelsdorfer Str. 24-18,Rot-Kreuz-Haus,10.5265309,50.1415902,1
Bayern,Landkreis Hof,Hof,Ernst-Reuter-Straße 62,Ehemaliges Gebäude der MAN Robert Tröger KG,11.9065756,50.3138235,1
Bayern,Stadt Ingolstadt,Ingolstadt,Bergbräustraße 1,Orbansaal,11.4193073,48.7650597,1
Bayern,Stadt Kaufbeuren,Kaufbeuren,Alte Weberei 4,Ehemaliger Lebensmittelmarkt,10.6234816,47.8826679,1
Bayern,Landkreis Kelheim,Kelheim,Schlossweg 3,Ehemaliges Landratsamt,11.8725179,48.9148309,1
Bayern,Landkreis Kempten,Kempten,Kaufbeurer Str. 80,Artillerie-Kaserne,10.3247697,47.7387552,1
Bayern,Landkreis Kitzingen,Kitzingen,Keltenstraße 67,Krankenhaus Kitzinger Land,10.13857,49.74389,1
Bayern,Landkreis Kronach,Kronach,Industriestraße 11,Ehemaliges Loewe-Areal,11.3382426,50.2327607,1
Bayern,Landkreis Kulmbach,Kulmbach,Fritz-Hornschuch-Straße 9,Fritz Einkaufszentrum,11.4509099,50.1078953,1
Bayern,Landkreis Landsberg,Penzing,Kauferinger Straße,Ehemaliger Fliegerhorst Penzing,10.9217827,48.077006,1
Bayern,Stadt Landshut,Landshut,Niedermayerstraße 100,Messehalle,12.1898541,48.5501098,1
Bayern,Landkreis Landshut,Kumhausen-Preisenberg,Ziegelfeldstraße 1,Ehemaliges Gewerbegebäude,12.1589155,48.4984181,1
Bayern,Landkreis Lichtenfels,Lichtenfels,Gabelsberger Straße 22,Barrierefreies Gebäude,11.0729041,50.14912,1
Bayern,Landkreis Main-Spessart,Lohr am Main,Lehmskaute 22,Spessarttorhalle,9.574723,49.9901412,1
Bayern,Stadt Memmingen,Memmingen,Buxacherstraße 8,Ehemalige Realschule,10.1751672,47.9860513,1
Bayern,Landkreis Miesbach,Hausham,Alte Miesbacher Str. 11,Impfzentrum Miesbach,11.8340418,47.7548853,1
Bayern,Landkreis Miltenberg,Miltenberg,Breitendieler Str. 32,Helios Klinik,9.2284275,49.7036898,1
Bayern,Landkreis Mühldorf,Mühldorf,Mainstr. 1a,Ehemaliges dm-Gebäude,12.5362301,48.2361105,1
Bayern,Stadt München,München,Am Messeturm,Messe München,11.704462,48.1346549,1
Bayern,Landkreis Neumarkt in der Oberpfalz,Berg bei Neumarkt in der Oberpfalz,Karl-Schiller-Straße,Gewerbepark Berg-Loderbach,11.4713758,49.3126,1
Bayern,Landkreis und Stadt Neustadt an der Waldnaab,Weiden in der Oberpfalz,Ulrich-Schönberger-Straße 11,Kreisverband Bayerisches Rotes Kreuz,12.1663678,49.6841483,1
Bayern,Landkreis Neustadt-Aisch/Bad Windsheim,Bad Windsheim,Erkenbrechtallee 2,Kur- und Kongress Center,10.41488,49.51232,1
Bayern,Stadt Nürnberg,Nürnberg,Messezentrum 1,Messe,11.1204919,49.4177539,1
Bayern,Landkreis Oberallgäu,Immenstadt im Allgäu,Hofgartenstraße 14,Hofgarten-Stadthalle,10.217335,47.5614435,1
Bayern,Landkreis Oberallgäu,Immenstadt im Allgäu,Hofgartenstraße 14,Hofgarten-Stadthalle,10.217335,47.5614435,1
Bayern,Landkreis Ostallgäu,Marktoberdorf,Nordstraße 12,Gewerbehalle,10.6247933,47.7966037,1
Bayern,Stadt Passau,Passau,Messestraße 12,X-Point-Halle,13.4114517,48.5577271,1
Bayern,Landkreis Pfaffenhofen,Hettenshausen-Reisgang,Sperl-Ring 4,Impfzentrum Hettenshausen-Reisgang,11.5098973,48.5185109,1
Bayern,Landkreis Pfaffenhofen,Geisenfeld,Königstr. 13,Bisherige Fieberambulanz,11.6232767,48.6767871,1
Bayern,Landkreis Regen,Regen,Poschetsrieder Str. 45,Eissporthalle,13.1513799,48.9618833,1
Bayern,Stadt Regensburg,Regensburg,Am Protzenweiher,Dultplatz,12.0935383,49.0262157,1
Bayern,Landkreis Regensburg,Regensburg,Altmühlstraße 1a,Nebengebäude Landratsamt,12.1150747,49.030318,1
Bayern,Landkreis Regensburg,Schierling,Rathausplatz 25,Zentrum für Allgemeinmedizin,12.1387512,48.8374137,1
Bayern,Landkreis Rhön-Grabfeld,Bad Neustadt an der Saale,Martin-Luther-Straße,Ehemalige Kreisklinik,10.2067552,50.3214107,1
Bayern,Landkreis Roth,Roth,Gildestraße 17,Altes Zentrallager Aldi,11.11724,49.24915,1
Bayern,Landkreis Rottal-Inn,Eggenfelden,Grafenweg 11,Rottgau-Halle,12.7742364,48.3980506,1
Bayern,Landkreis Schwandorf,Nabburg,Krankenhausstr. 25,Ehemaliges Kreiskrankenhaus,12.1711333,49.4482981,1
Bayern,Landkreis Starnberg,Gauting,Robert-Koch-Allee 2,Asklepios-Klinik,11.35341,48.06635,1
Bayern,Landkreis und Stadt Straubing-Bogen,Straubing,Am Hagen 75,Messehalle am Hagen,12.5617492,48.887464,1
Bayern,Landkreis Tirschenreuth,Waldsassen,Egerer Straße,Ehemaliges Krankenhaus,12.3088214,50.0075398,1
Bayern,Landkreis Traunstein,Altenmarkt an der Alz,,Containergelände am Aubergtunnel,12.4879687,48.0078156,1
Bayern,Landkreis Unterallgäu,Bad Wörishofen,Gottlieb-Daimler-Straße,Ehemaliges Möbelhaus,10.5988859,48.0212895,1
Bayern,Landkreis Weilheim-Schongau,Peißenberg,Hauptstr. 55-57,Ehemaliges Krankenhaus,11.0719976,47.8002185,1
Bayern,Landkreis Wunsiedel im Fichtelgebirge,Wunsiedel,Rot-Kreuz-Straße 7,Haus des Bayerischen Roten Kreuzes,11.9941399,50.03826,1
Bayern,Stadt Würzburg,Würzburg,Georg-Eydel-Straße 7,Talavera,9.91699,49.79899,1
Bayern,Landkreis Würzburg,Giebelstadt,Hermann-Köhl-Straße 1,Flugplatz,9.9812437,49.6508155,1
Bremen,Bremen,Bremen,Findorffstraße 101,Messehalle 7,8.8118102,53.0889429,1
Bremen,Bremerhaven,Bremerhaven,Wilhelm-Kaisen-Platz,Stadthalle,8.591949,53.5548006,1
Hessen,Wetteraukreis,Büdingen,Industriestr. 46,Gewerbehalle,9.1097896,50.2699201,1
Hessen,Stadt Wiesbaden,Wiesbaden,Friedrich-Ebert-Allee 1,Rhein Main Congress Center,8.2451183,50.0770981,1
Hessen,Lahn-Dill-Kreis,Lahnau,Geraberger Platz 2,Lahnauhalle,8.54913,50.58222,1
Hessen,Kreis Limburg- Weilburg,Limburg- Dietkirchen,Senefelderstraße 2,Impfzentrum Limburg-Weilburg,8.0792757,50.4030625,1
Hessen,Main-Taunus- Kreis,Hattersheim,Mainzer Landstraße 500,Verwaltungszentrum am Regionalparkturm,8.4575139,50.0572966,1
Hessen,Kreis Groß- Gerau,Groß-Gerau,Wilhelm-Seipp- Straße 1,Sporthalle Martin-Buber-Schule,8.4759647,49.9153025,1
Hessen,Kreis Bergstraße,Bensheim,Berliner Ring 89,Büro & Geschäftshaus,8.6076774,49.6887269,1
Hessen,Kreis Marburg- Biedenkopf,Marburg,Afföllerstr. 106,Messegelände Afföller,8.7685494,50.8323123,1
Hessen,Rheingau- Taunus-Kreis,Eltville am Rhein,Wiesweg 7,Sporthalle Martin-Buber-Schule,8.1139,50.03601,1
Hessen,Odenwaldkreis,Erbach,Obere Marktstraße / Wiesenmarktgelände,Impfzentrum Odenwaldkreis,9.0009387,49.6622685,1
Hessen,Stadt Frankfurt,Frankfurt am Main,Ludwig-Erhard- Anlage 1,Messe Frankfurt am Main Messehalle,8.6455535,50.1110661,1
Hessen,Vogelsbergkreis,Alsfeld,An der Hessenhalle 1,Hessenhalle Alsfeld,9.25174,50.7386,1
Hessen,Werra-Meißner- Kreis,Eschwege,Südring 37,Großsporthallen der beruflichen Schulen sowie des Oberstufengymnasiums,10.030181,51.1842737,1
Hessen,Main-Kinzig- Kreis,Gelnhausen,Lohmühlenweg,Sporthalle der Kreisrealschule,9.1827305,50.2023054,1
Hessen,Main-Kinzig- Kreis,Hanau,Martin-Luther-King-Str.,August-Schärttner-Halle,8.921646,50.1461586,1
Hessen,Kreis Gießen,Heuchelheim,Ludwig-Rinn-Straße 49,Rollermarkt im 1.OG,8.6333835,50.5772558,1
Hessen,Stadt Offenbach,Offenbach am Main,Waldstraße 312,Stadthalle Offenbach Veranstaltungs GmbH,8.7768393,50.0829565,1
Hessen,Kreis Waldeck- Frankenberg,Korbach,Karpartenstrasse 20,Großsporthalle "Auf der Hauer",8.85967,51.27271,1
Hessen,Kreis Offenbach,Heusenstamm,jahnstraße 64,Campus Heusenstamm Rhein- Main,8.7993438,50.0640548,1
Hessen,Kreis Hersfeld- Rotenburg,Rotenburg an der Fulda,Heinz-Meise-Straße 190,Göbel Hotels Arena,9.7344541,51.0042501,1
Hessen,Kreis Darmstadt- Dieburg,Reinheim,Am Sportzentrum 1A,Impfzentrum DADI Ost,8.8407878,49.8332522,1
Hessen,Kreis Darmstadt- Dieburg,Pfungstadt,Ostendstraße 3,Impfzentrum DADI West,8.6157635,49.813194,1
Hessen,Kreis Kassel,Calden,Flugplatzstraße,Impfzentrum LK Kassel (Alter Flugplatz),9.3920421,51.4081432,1
Hessen,Stadt Kassel,Kassel,Damaschkestraße 25,Großsporthalle Auepark,9.4845134,51.2970497,1
Hessen,Stadt Darmstadt,Darmstadt,Schlossgraben 1,Wissenschafts- und Kongresszentrum,8.6576364,49.8744071,1
Hessen,Hochtaunuskreis,Bad Homburg,Am grünen Weg 1,DCX Technology Deutschland,8.6482202,50.2113684,1
Hessen,Schwalm-Eder- Kreis,Fritzlar,Berliner Straße,Besucherparkplatz der Georg- Friedrich Kaserne,9.2858382,51.1225855,1
Hessen,Kreis Fulda,Fulda,Esperantoplatz 1,Kongress- und Kulturzentrum Fulda GmbH & Co. KG,9.6865047,50.557432,1
Hamburg,Hamburg,Hamburg,Messeplatz 1,Messehallen,9.975119,53.5617952,1
Mecklenburg-Vorpommern,Landkreis Ludwigslust-Parchim,Parchim,,Details sind noch nicht bekannt,11.8478394,53.4250382,1
Mecklenburg-Vorpommern,Landkreis Ludwigslust-Parchim,Ludwigslust,,Details sind noch nicht bekannt,11.4969238,53.3244914,1
Mecklenburg-Vorpommern,Kreisfreie Stadt Schwerin,Schwerin,,Details sind noch nicht bekannt,11.4012499,53.6355022,1
Mecklenburg-Vorpommern,Landkreis Nordwestmecklenburg,Wismar,,Details sind noch nicht bekannt,11.4516022,53.8979416,1
Mecklenburg-Vorpommern,Landkreis Rostock,Laage,,Details sind noch nicht bekannt,12.346667,53.932222,1
Mecklenburg-Vorpommern,Kreisfreie Stadt Rostock,Rostock,,Details sind noch nicht bekannt,12.0991466,54.0924406,1
Mecklenburg-Vorpommern,Landkreis Vorpommern-Rügen,Stralsund,,Details sind noch nicht bekannt,13.0770347,54.3090654,1
Mecklenburg-Vorpommern,Landkreis Vorpommern-Greifswald,Greifswald,,Details sind noch nicht bekannt,13.3923414,54.0865463,1
Mecklenburg-Vorpommern,Landkreis Vorpommern-Greifswald,Anklam,,Details sind noch nicht bekannt,13.6959731,53.8502906,1
Mecklenburg-Vorpommern,Landkreis Vorpommern-Greifswald,Pasewalk,,Details sind noch nicht bekannt,13.9990311,53.5038857,1
Mecklenburg-Vorpommern,Landkreis Mecklenburgische Seenplatte,Neubrandenburg,,Details sind noch nicht bekannt,13.2779269,53.5678292,1
Mecklenburg-Vorpommern,Landkreis Mecklenburgische Seenplatte,Waren,,Details sind noch nicht bekannt,12.4295953,53.6126505,1
Niedersachsen,Stadt Braunschweig,Braunschweig,,Stadthalle,10.5267696,52.2688736,1
Niedersachsen,Landkreis Celle,Celle,,Kulturzentrum CD-Kaserne,10.0628514,52.6175963,1
Niedersachsen,Landkreis Diepholz,Bassum,,Krankenhaus,8.7286711,52.8505748,1
Niedersachsen,Landkreis Emsland,Papenburg,,Emslandhallen in Lingen; Forum Alte Werft,7.4232678,53.0726142,1
Niedersachsen,Landkreis Göttingen,Herzberg,,Sporthalle der Berufsbildenden Schulen II in Göttingen; Turnhalle der Oberschule,10.3379685,51.6514495,1
Niedersachsen,Stadt und Region Hannover,Hannover,,gemeinsames Impfzentrum auf dem Messegelände,9.7320104,52.3758916,1
Niedersachsen,Landkreis Harburg,Buchholz in der Nordheide,,Stadthalle in Winsen; Schützenhalle,9.8694844,53.3176971,1
Niedersachsen,Landkreis Heidekreis,Bad Fallingbostel,,Heidmark-Halle,9.6957634,52.8667555,1
Niedersachsen,Landkreis Hildesheim,Alfeld,,Sporthalle der Berufsbildenden Schulen Steuerwald in Hildesheim; Sporthalle der Schulrat-Habermalz-Schule,9.8279123,51.9830185,1
Niedersachsen,Landkreis Leer,Hesel,,ehemalige Wilhelm-Busch-Förderschule,7.5939061,53.3057783,1
Niedersachsen,Landkreis Nienburg,Drakenburg,,frühere Grundschule,9.2175671,52.6873771,1
Niedersachsen,Stadt Oldenburg,Oldenburg,,Weser-Ems-Hallen,8.2145521,53.1434501,1
Niedersachsen,Landkreis Osnabrück,Wallenhorst,,leer stehendes Möbelhaus in Georgsmarienhütte; frühere Verkaufsfläche eines Spielwarenhändlers,8.0052769,52.3491544,1
Niedersachsen,Stadt Osnabrück,Osnabrück,,Schlosswallhalle,8.0471788,52.2799112,1
Niedersachsen,Landkreis Rotenburg,Zeven,,Martin-Luther-Krankenhaus,9.283333,53.3,1
Niedersachsen,Landkreise Uelzen und Lüchow-Dannenberg,Uelzen,,Stadthalle,10.5580304,52.9658199,1
Niedersachsen,Landkreis Verden,Verden,,Containerdorf am Kreishaus,9.2329647,52.9347982,1
Niedersachsen,Landkreis Wittmund,Esens,,Jugendherberge,7.6147529,53.6450283,1
Nordrhein-Westfalen,Städteregion Aachen,Aachen,Hubert-Wienen-Straße 8,Aachender Eissporthalle,6.1010627,50.7960701,1
Nordrhein-Westfalen,Rhein-Sieg-Kreis,Sankt Augustin,Arnold-Janssen-Straße 29,Asklepios Kinderklinik,7.18153,50.77522,1
Nordrhein-Westfalen,Krefeld,Krefeld,Sprödentalplatz,Container auf Sprödentalplatz,6.5844442,51.3364148,1
Nordrhein-Westfalen,Euskirchen,Nettersheim,Dr.-Konrad-Adenauer-Straße 1,Ehemalige Eifelhöhen-Klinik,6.5738197,50.4825977,1
Nordrhein-Westfalen,Lippe,Lemgo,Bunsenstraße 39,Ehemalige Lipperlandhalle,8.9077401,52.0171,1
Nordrhein-Westfalen,Siegen-Wittgenstein,Siegen-Eiserfeld,Eiserfelder Straße 236,Ehemaliger Baustoffhandel,7.9958902,50.8501748,1
Nordrhein-Westfalen,Solingen,Solingen,Hauptstraße 75-77,Ehemaliger Kaufhof,7.085027,51.1728003,1
Nordrhein-Westfalen,Herford,Enger,Bustedter Weg 16,Ehemaliges Firmengelände von Wellmann Küchen,8.58952,52.16685,1
Nordrhein-Westfalen,Düren,Düren,Am Ellernbusch 18,Ehemaliges Telekom-Gebäude,6.4665378,50.7950634,1
Nordrhein-Westfalen,Oberbergischer Kreis,Gummersbach,Kaisterstraße 35,Einkaufszentrum Bergischer Hof,7.5641709,51.0273447,1
Nordrhein-Westfalen,Leverkusen,Leverkusen,Nobelstraße 37,Erholungshaus der Bayer-Kulturabteilung,6.9805459,51.0342153,1
Nordrhein-Westfalen,Steinfurt,Greven,Airportallee 1,Flughafen Münster/Osnabrück,7.692915,52.1307253,1
Nordrhein-Westfalen,Warendorf,Ennigerloh,Westring 10,Gelände der Abfallwirtschaftsgesellschaft (AWG),8.01998,51.85157,1
Nordrhein-Westfalen,Soest,Soest,Senator-Schwartz-Ring 26,Halle der Firma Eaton - CEAG Notlichtsysteme,8.0839195,51.5591766,1
Nordrhein-Westfalen,Münster,Münster,Albersloher Weg 32,Halle Münsterland,7.6388121,51.9478392,1
Nordrhein-Westfalen,Kleve,Kalkar,Griether Straße,Hansehalle Grieth auf dem Messegelände Kalkar,6.3214451,51.7678653,1
Nordrhein-Westfalen,Märkischer Kreis I,Lüdenscheid,Reckenstraße 6,Historische Schützenhalle,7.6441585,51.2198615,1
Nordrhein-Westfalen,Borken,Velen,Schaltt 23,Interkommunaler Bauhof,6.9580629,51.9353737,1
Nordrhein-Westfalen,Hochsauerlandkreis,Olsberg,Ruhrstraße 32,Konzerthalle Olsberg,8.4850363,51.3538818,1
Nordrhein-Westfalen,Mönchengladbach,Mönchengladbach,Am Nordpark 260,Leerstehende Flüchtlingsunterkunft im Nordpark,6.3882742,51.1901675,1
Nordrhein-Westfalen,Recklinghausen,Recklinghausen,Konrad-Adenauer-Platz,Leichtbauhalle auf Konrad-Adenauer-Platz,7.2026215,51.6110841,1
Nordrhein-Westfalen,Düsseldorf,Düsseldorf,Arena-Straße 1,Merkur Spiel-Arena,6.7324382,51.261241,1
Nordrhein-Westfalen,Köln,Köln,Messeplatz 1,Messegelände,6.9813574,50.9475956,1
Nordrhein-Westfalen,Wesel,Wesel,An de Tent 1,Niederrheinhalle,6.6290793,51.6524437,1
Nordrhein-Westfalen,Mülheim an der Ruhr,Mülheim a. d. R.,Wissollstraße 5,Parkstadt Mülheim,6.8509613,51.4239086,1
Nordrhein-Westfalen,Mettmann,Erkrath,Timocom Platz 1,Räume der Firma Timocom,6.9374199,51.2207015,1
Nordrhein-Westfalen,Rheinisch-Bergischer Kreis,Bergisch Gladbach,Hauptstraße 131,RheinBerg Galerie,7.1243536,50.9903796,1
Nordrhein-Westfalen,Bochum,Bochum,Stadionring 20,Ruhr Congress,7.2335543,51.4912426,1
Nordrhein-Westfalen,Minden-Lübbecke,Hille,Schulstraße 18,Sporthalle Unterlübbe,8.76811,52.29534,1
Nordrhein-Westfalen,Remscheid,Remscheid,Wallburgstraße 23,Sporthalle West,7.15187,51.16544,1
Nordrhein-Westfalen,Bielefeld,Bielefeld,Willy-Brandt-Platz 1,Stadthalle Bielefeld,8.5356139,52.0287593,1
Nordrhein-Westfalen,Höxter,Brakel,Am Schützenanger 4,Stadthalle Brakel,9.1930289,51.7159817,1
Nordrhein-Westfalen,Hagen,Hagen,Wasserloses Tal 2,Stadthalle Hagen,7.4846507,51.3531091,1
Nordrhein-Westfalen,Paderborn,Salzkotten,Upsprunger Straße 1,Stadthalle Salzkotten (Sälzerhalle),8.6009287,51.6697924,1
Nordrhein-Westfalen,Duisburg,Duisburg,Plessingstraße 20,Theater am Marientor,6.75673,51.42877,1
Nordrhein-Westfalen,Rhein-Kreis Neuss,Neuss,Hammfelddamm 2,Turnhalle des Berufskollegs für Technik und Informatik,6.7094535,51.1918237,1
Nordrhein-Westfalen,Wuppertal,Wuppertal,Rainer-Gruenter-Straße,Uni-Campus Freudenberg,7.1621875,51.2391352,1
Nordrhein-Westfalen,Coesfeld,Dülmen,An der Lehmkuhle 87,Veranstaltungsräumen des Unternehmens Wiesmann,7.290581,51.8448738,1
Nordrhein-Westfalen,Oberhausen,Oberhausen,Lothringer Straße 75,Willy-Jürissen-Halle,6.8523168,51.4660602,1
Nordrhein-Westfalen,Bonn,Bonn,Platz der Vreinten Nationen 2,World Conference Center Bonn,7.124258,50.719225,1
Nordrhein-Westfalen,Bottrop,Bottrop,,Details sind noch nicht bekannt,6.9446887,51.529086,1
Nordrhein-Westfalen,Dortmund,Dortmund,,Details sind noch nicht bekannt,7.4652981,51.5135872,1
Nordrhein-Westfalen,Ennepe-Ruhr-Kreis,Ennepe-Ruhr-Kreis,,Details sind noch nicht bekannt,7.3414925,51.319705,1
Nordrhein-Westfalen,Essen,Essen,,Details sind noch nicht bekannt,7.0115552,51.4556432,1
Nordrhein-Westfalen,Gelsenkirchen,Gelsenkirchen,,Details sind noch nicht bekannt,7.0857172,51.517744,1
Nordrhein-Westfalen,Gütersloh,Gütersloh,,Details sind noch nicht bekannt,8.3857535,51.9032375,1
Nordrhein-Westfalen,Hamm,Hamm,,Details sind noch nicht bekannt,7.8159817,51.6738583,1
Nordrhein-Westfalen,Heinsberg,Heinsberg,,Details sind noch nicht bekannt,6.1183729,51.0600381,1
Nordrhein-Westfalen,Herne,Herne,,Details sind noch nicht bekannt,7.2009147,51.5368948,1
Nordrhein-Westfalen,Märkischer Kreis II,Iserlohn,Adresse steht noch nicht fest,Details sind noch nicht bekannt,7.6960842,51.3765096,1
Nordrhein-Westfalen,Olpe,Olpe,,Details sind noch nicht bekannt,7.8502943,51.0282107,1
Nordrhein-Westfalen,Rhein-Erft-Kreis,Rhein-Erft-Kreis,,Details sind noch nicht bekannt,6.7349046,50.9436523,1
Nordrhein-Westfalen,Unna,Unna,,Details sind noch nicht bekannt,7.6853114,51.5426349,1
Nordrhein-Westfalen,Viersen,Viersen,,Details sind noch nicht bekannt,6.3965235,51.2554987,1
Rheinland-Pfalz,Altenkirchen,Wissen,,Details sind noch nicht bekannt,7.7396765,50.7755474,1
Rheinland-Pfalz,Ahrweiler,Grafschaft-Gelsdorf,,Details sind noch nicht bekannt,7.0367585,50.5858409,1
Rheinland-Pfalz,Alzey-Worms,Alzey,,Details sind noch nicht bekannt,8.1171135,49.7462012,1
Rheinland-Pfalz,Bad Dürkheim,Bad Dürkheim,,Details sind noch nicht bekannt,8.1654232,49.4598369,1
Rheinland-Pfalz,Bad Kreuznach,Bad Sobernheim,,Details sind noch nicht bekannt,7.6515499,49.7857614,1
Rheinland-Pfalz,Bernkastel-Wittlich,Wittlich,,Details sind noch nicht bekannt,6.889722,49.986944,1
Rheinland-Pfalz,Birkenfeld,Idar-Oberstein (Nahbollenbach),,Details sind noch nicht bekannt,7.36896,49.7120794,1
Rheinland-Pfalz,Bitburg-Prüm,Bitburg,,Details sind noch nicht bekannt,6.5298603,49.9664145,1
Rheinland-Pfalz,Cochem-Zell,Landkern,,Details sind noch nicht bekannt,7.1531828,50.1939998,1
Rheinland-Pfalz,Donnersbergkreis,Kirchheimbolanden,,Details sind noch nicht bekannt,8.0116405,49.6629007,1
Rheinland-Pfalz,Frankenthal,Frankenthal,,Details sind noch nicht bekannt,8.3560768,49.5377072,1
Rheinland-Pfalz,Germersheim / Südliche Weinstraße / Landau,Wörth am Rhein,,Industriegebiet am Oberwald,8.257338,49.0514423,1
Rheinland-Pfalz,Kaiserslautern Stadt und Kreis,Kaiserslautern,Opelkreisel 1,Werksgelände Opel,7.6875445,49.4396047,1
Rheinland-Pfalz,Koblenz,Koblenz – Oberwerth,,Details sind noch nicht bekannt,7.5904761,50.339784,1
Rheinland-Pfalz,Kusel,Kusel,,Details sind noch nicht bekannt,7.4064528,49.5383747,1
Rheinland-Pfalz,Ludwigshafen am Rhein,Ludwigshafen am Rhein,,Details sind noch nicht bekannt,8.44518,49.47741,1
Rheinland-Pfalz,Mainz,Mainz – Gonsenheim,,Details sind noch nicht bekannt,8.2039952,50.0016764,1
Rheinland-Pfalz,Mainz-Bingen,Ingelheim,,Details sind noch nicht bekannt,8.0560682,49.9764195,1
Rheinland-Pfalz,Mayen-Koblenz,Polch,,Details sind noch nicht bekannt,7.3132187,50.3015713,1
Rheinland-Pfalz,Neustadt an der Weinstraße,Neustadt an der Weinstraße,,Details sind noch nicht bekannt,8.1486886,49.3501864,1
Rheinland-Pfalz,Neuwied,Oberhonnefeld,,Details sind noch nicht bekannt,7.516731,50.5536604,1
Rheinland-Pfalz,Pirmasens und Südwestpfalz,Pirmasens,,Details sind noch nicht bekannt,7.6002161,49.201555,1
Rheinland-Pfalz,Rhein-Hunsrück-Kreis,Simmern,,Details sind noch nicht bekannt,7.516667,49.983333,1
Rheinland-Pfalz,Rhein-Lahn-Kreis,Lahnstein,,Details sind noch nicht bekannt,7.6093633,50.3078274,1
Rheinland-Pfalz,Rhein-Pfalz-Kreis,Schifferstadt,,Details sind noch nicht bekannt,8.3767048,49.3828647,1
Rheinland-Pfalz,Speyer,Speyer,,Details sind noch nicht bekannt,8.4412172,49.3172765,1
Rheinland-Pfalz,Trier und Trier-Saarburg,Trier,,Details sind noch nicht bekannt,6.6371433,49.749992,1
Rheinland-Pfalz,Vulkaneifel,Hillesheim,,Details sind noch nicht bekannt,8.254877,49.7753677,1
Rheinland-Pfalz,Westerwaldkreis,Hachenburg,,Details sind noch nicht bekannt,7.8209622,50.6594651,1
Rheinland-Pfalz,Worms,Worms,,Details sind noch nicht bekannt,8.3507182,49.6341372,1
Rheinland-Pfalz,Zweibrücken,Zweibrücken,,Details sind noch nicht bekannt,7.3634022,49.2450528,1
Schleswig-Holstein,Kreis Herzogtum-Lauenburg,(Alt-) Mölln, ,Details sind noch nicht bekannt,10.6712572,53.6224935,1
Schleswig-Holstein,Kreis Stormarn,Bad Oldesloe, ,Details sind noch nicht bekannt,10.3822557,53.8076269,1
Schleswig-Holstein,Kreis Ostholstein,Bad Schwartau, ,Details sind noch nicht bekannt,10.6854143,53.9163386,1
Schleswig-Holstein,Kreis Dithmarschen,Brunsbüttel, ,Details sind noch nicht bekannt,9.1338853,53.8988902,1
Schleswig-Holstein,Kreis Rendsburg-Eckernförde,Büdelsdorf, ,Details sind noch nicht bekannt,9.6800016,54.3178434,1
Schleswig-Holstein,Kreis Pinneberg,Elmshorn, ,Details sind noch nicht bekannt,9.6632521,53.7513549,1
Schleswig-Holstein,Kreis Ostholstein,Eutin, ,Details sind noch nicht bekannt,10.6095048,54.1330282,1
Schleswig-Holstein,Flensburg,Flensburg (Stadtgebiet), ,Details sind noch nicht bekannt,9.4469964,54.7937431,1
Schleswig-Holstein,Kreis Herzogtum-Lauenburg,Geesthacht, ,Details sind noch nicht bekannt,10.3611665,53.4379562,1
Schleswig-Holstein,Kreis Rendsburg-Eckernförde,Gettorf, ,Details sind noch nicht bekannt,9.9765262,54.4145511,1
Schleswig-Holstein,Kreis Stormarn,Großhansdorf, ,Details sind noch nicht bekannt,10.2730016,53.651326,1
Schleswig-Holstein,Kreis Dithmarschen,Heide, ,Details sind noch nicht bekannt,9.1019015,54.1951764,1
Schleswig-Holstein,Neumünster,Neumünster,Justus-von-Liebig-Straße 43923,Holstenhallen,9.975001,54.0944308,1
Schleswig-Holstein,Kreis Nordfriesland,Husum, ,Details sind noch nicht bekannt,9.0600628,54.4837642,1
Schleswig-Holstein,Kreis Steinburg,Itzehoe, ,Details sind noch nicht bekannt,9.5051475,53.9317752,1
Schleswig-Holstein,Kreis Segeberg,Kaltenkirchen, ,Details sind noch nicht bekannt,9.958595,53.8306132,1
Schleswig-Holstein,Kiel,Kiel,Mühlendamm 1,Citti-Park (UKSH),10.0995714,54.3136397,1
Schleswig-Holstein,Kreis Schleswig-Flensburg,Kropp, ,Details sind noch nicht bekannt,9.5090761,54.411313,1
Schleswig-Holstein,Kreis Ostholstein,Lensahn, ,Details sind noch nicht bekannt,10.8825019,54.2162514,1
Schleswig-Holstein,Lübeck,Lübeck,Willy-Brandt-Allee 10,Musik- und Kongresshalle,10.678102,53.869349,1
Schleswig-Holstein,Kreis Nordfriesland,Niebüll, ,Details sind noch nicht bekannt,8.8308427,54.7874263,1
Schleswig-Holstein,Kreis Schleswig-Flensburg,Norderbrarup, ,Details sind noch nicht bekannt,9.7685886,54.6557286,1
Schleswig-Holstein,Kreis Segeberg,Norderstedt, ,Details sind noch nicht bekannt,10.0008798,53.6993066,1
Schleswig-Holstein,Kreis Plön,Plön, ,Details sind noch nicht bekannt,10.4259498,54.1613302,1
Schleswig-Holstein,Kreis Pinneberg,Prisdorf, ,Details sind noch nicht bekannt,9.763663,53.677953,1
Schleswig-Holstein,Kreis Stormarn,Reinbek, ,Details sind noch nicht bekannt,10.2443392,53.5170003,1
Schleswig-Holstein,Kreis Plön,Schönberg in Holstein, ,Details sind noch nicht bekannt,10.3749347,54.3914715,1
Schleswig-Holstein,Kiel,Kiel, ,Schwedenkai,10.1227651,54.3232927,1
Schleswig-Holstein,Kreis Segeberg,Wahlstedt, ,Details sind noch nicht bekannt,10.2099094,53.9528496,1
Saarland,Landkreis Neunkirchen,Neunkirchen-Sinnerthal,,ehemaliger Praktiker/Max-Bahr-Baumarkt,7.1444616,49.3517859,1
Saarland,Regionalverband Saarbrücken,Saarbrücken,,Saarbrücker Messegelände,6.9969327,49.2401572,1
Saarland,Landkreis Saarlouis,Saarlouis,,ehemaliger Gebäudekomplex der Firma Braun CarTec,6.7522865,49.3134606,1
Sachsen,Chemnitz,Chemnitz,,Details sind noch nicht bekannt,12.9213697,50.827845,1
Sachsen,Dresden,Dresden,,Details sind noch nicht bekannt,13.7372621,51.0504088,1
Sachsen,Leipzig,Leipzig,,Neue Messe,12.3730747,51.3396955,1
Sachsen,Landkreis Leipzig,Landkreis Leipzig,,Details sind noch nicht bekannt,12.7540257,51.4104758,1
Sachsen,Landkreis Nordsachsen,Landkreis Nordsachsen,,Details sind noch nicht bekannt,12.7541738,51.5385972,1
Sachsen,Landkreis Zwickau,Landkreis Zwickau,,Details sind noch nicht bekannt,12.4918581,50.7215759,1
Sachsen,Sächsische Schweiz - Osterzgebirge,Sächsische Schweiz - Osterzgebirge,,Details sind noch nicht bekannt,13.8716319,50.8981949,1
Sachsen,Landkreis Mittelsachsen,Landkreis Mittelsachsen,,Details sind noch nicht bekannt,13.1197622,50.9685245,1
Sachsen,Vogtlandkreis,Vogtlandkreis,,Details sind noch nicht bekannt,12.2774991,50.4884342,1
Sachsen,Landkreis Meißen,Landkreis Meißen,,Details sind noch nicht bekannt,13.4685416,51.2866285,1
Sachsen,Landkreis Görlitz,Landkreis Görlitz,,Details sind noch nicht bekannt,14.8024606,51.2937,1
Sachsen,Erzgebirgskreis,Erzgebirgskreis,,Details sind noch nicht bekannt,12.825246,50.5547593,1
Sachsen,Landkreis Bautzen,Landkreis Bautzen,,Details sind noch nicht bekannt,14.0913361,51.2711171,1
Thüringen,Erfurt,Erfurt,,Details sind noch nicht bekannt,11.02988,50.9847679,1
Thüringen,Jena,Jena,,Details sind noch nicht bekannt,11.5892372,50.927054,1
Thüringen,Gera,Gera,,Details sind noch nicht bekannt,12.0807203,50.8850706,1
