ort,index,land,lon,lat
Grünow,1,Brandenburg,13.9475639,53.3159481
Wittstock-Rote Mühle,1,Brandenburg,12.4935795,53.1856421
Menz,1,Brandenburg,13.0590958,53.1165793
Lenzen/Elbe,1,Brandenburg,11.4785205,53.0973263
Angermünde,1,Brandenburg,13.9965931,53.0145422
Zehdenick,1,Brandenburg,13.3378948,52.9791731
Neuruppin-Alt Ruppin,1,Brandenburg,12.8905157,52.9603665
Kyritz,1,Brandenburg,12.3961713,52.9432288
Heckelberg,1,Brandenburg,13.83794,52.73741
Berge,1,Brandenburg,11.8698856,53.2380342
Manschnow,1,Brandenburg,14.5611556,52.5455663
Müncheberg,1,Brandenburg,14.1281614,52.5069173
Potsdam,1,Brandenburg,13.0644729,52.3905689
Berlin Brandenburg (Flughafen),1,Brandenburg,13.48956,52.3664
Wusterwitz,1,Brandenburg,12.3782149,52.3776991
Lindenberg,1,Brandenburg,14.1139241,52.2059552
Wiesenburg,1,Brandenburg,12.455903,52.1141835
Baruth,1,Brandenburg,13.5042115,52.033478
Coschen,1,Brandenburg,14.7196124,52.0176511
Lübben-Blumenfelde,1,Brandenburg,13.882568,51.9281549
Langenlipsdorf,1,Brandenburg,13.0744496,51.9157398
Cottbus,1,Brandenburg,14.3328679,51.7563108
Doberlug-Kirchhain,1,Brandenburg,13.5626653,51.6247158
Klettwitz,1,Brandenburg,13.8893113,51.5414987
Berlin-Buch,1,Berlin,13.496539,52.641401
Berlin-Marzahn,1,Berlin,13.5646433,52.5446501
Berlin-Tempelhof,1,Berlin,13.3855997,52.4694927
Berlin-Dahlem,1,Berlin,13.29825,52.46623
Freudenberg-Boxtal/Main,1,Baden-Württemberg,9.4031448,49.764186
Buchen (Kreis Neckar-Odenwald),1,Baden-Württemberg,9.324319,49.522297
Mannheim,1,Baden-Württemberg,8.4660395,49.4874592
Bad Mergentheim-Neunkirchen,1,Baden-Württemberg,9.7706769,49.474782
Niederstetten,1,Baden-Württemberg,9.9194444,49.3994656
Ingelfingen-Stachenhausen,1,Baden-Württemberg,9.700694,49.335386
Waibstadt,1,Baden-Württemberg,8.9197318,49.30042
Waghäusel-Kirrlach,1,Baden-Württemberg,8.5462017,49.2430481
Öhringen,1,Baden-Württemberg,9.5029492,49.199931
Kirchberg-Herboldshausen/Jagst,1,Baden-Württemberg,9.976557,49.17791
Obersulm-Willsbach,1,Baden-Württemberg,9.3570644,49.1346278
Großerlach-Mannenweiler,1,Baden-Württemberg,9.6020549,49.0216948
Ellwangen-Rindelbach,1,Baden-Württemberg,10.127076,48.9879138
Rheinstetten,1,Baden-Württemberg,8.292246,48.9618109
Mühlacker,1,Baden-Württemberg,8.8524245,48.948938
Sachsenheim,1,Baden-Württemberg,9.0643208,48.9603579
Pforzheim-Ispringen,1,Baden-Württemberg,8.6687552,48.9189539
Kaisersbach-Cronhütte,1,Baden-Württemberg,9.6864635,48.9150639
Stuttgart (Schnarrenberg),1,Baden-Württemberg,9.204167,48.828889
Schwäbisch Gmünd-Weiler,1,Baden-Württemberg,9.8760005,48.767982
Renningen,1,Baden-Württemberg,8.9343956,48.7716629
Baden-Baden-Geroldsau,1,Baden-Württemberg,8.2502357,48.7296066
Stuttgart (Flughafen),1,Baden-Württemberg,9.205576,48.6876365
Rheinau-Memprechtshofen,1,Baden-Württemberg,7.9873153,48.6809584
Notzingen,1,Baden-Württemberg,9.4572846,48.6707442
Stötten,1,Baden-Württemberg,9.861927,48.653402
Neubulach-Oberhaugstett,1,Baden-Württemberg,8.6797324,48.65491
Hermaringen-Allewind,1,Baden-Württemberg,10.2572841,48.5952246
Metzingen,1,Baden-Württemberg,9.2864061,48.5398997
Merklingen,1,Baden-Württemberg,9.7553839,48.5103542
Freudenstadt,1,Baden-Württemberg,8.4179988,48.4644796
Ulm-Mähringen,1,Baden-Württemberg,9.937384,48.4364249
Ohlsbach,1,Baden-Württemberg,7.9936967,48.4315241
Münsingen-Apfelstetten,1,Baden-Württemberg,9.487943,48.374567
Hechingen,1,Baden-Württemberg,8.9613627,48.3538888
Lahr,1,Baden-Württemberg,7.8781487,48.33915
Wolfach,1,Baden-Württemberg,8.2149156,48.2923644
Balingen-Bronnhaupten,1,Baden-Württemberg,8.8167801,48.2498545
Laupheim,1,Baden-Württemberg,9.8829174,48.2303503
Elzach-Fisnacht,1,Baden-Württemberg,8.1132337,48.2022116
Rottweil,1,Baden-Württemberg,8.628453,48.1652577
Meßstetten-Appental,1,Baden-Württemberg,8.9629934,48.1808093
Altheim (Kreis Biberach),1,Baden-Württemberg,9.770508,48.327992
Emmendingen-Mundingen,1,Baden-Württemberg,7.8330412,48.1351284
Klippeneck,1,Baden-Württemberg,8.755833,48.105
Sigmaringen-Laiz,1,Baden-Württemberg,9.19778,48.080532
Villingen-Schwenningen,1,Baden-Württemberg,8.4640869,48.0594021
Freiburg,1,Baden-Württemberg,7.8421043,47.9990077
Buchenbach,1,Baden-Württemberg,8.0094386,47.9609204
Pfullendorf,1,Baden-Württemberg,9.2486506,47.925227
Geisingen,1,Baden-Württemberg,8.6489943,47.9230362
Lenzkirch-Ruhbühl,1,Baden-Württemberg,8.2285542,47.8586033
Müllheim,2,Baden-Württemberg,7.6180353,47.8091623
Weingarten (Kreis Ravensburg),1,Baden-Württemberg,9.643114,47.80753
Leutkirch-Herlazhofen,1,Baden-Württemberg,10.0132829,47.7926397
Singen,1,Baden-Württemberg,8.8722387,47.7670971
Dachsberg-Wolpadingen,2,Baden-Württemberg,8.1069824,47.7000267
Konstanz,1,Baden-Württemberg,9.1732384,47.6779496
Friedrichshafen-Unterraderach,1,Baden-Württemberg,9.4448123,47.6848801
Wutöschingen-Ofteringen,1,Baden-Württemberg,8.3788135,47.6776812
Rheinfelden,2,Baden-Württemberg,7.768779,47.5896468
Ostheim vor der Rhön,1,Bayern,10.23219,50.45931
Teuschnitz,1,Bayern,11.383151,50.3982032
Sandberg,1,Bayern,10.0080762,50.3480874
Hof,1,Bayern,11.9127814,50.3135391
Lautertal-Oberlauter,1,Bayern,10.9774755,50.3103017
Bad Königshofen,1,Bayern,10.4662774,50.3013477
Kronach,1,Bayern,11.3310482,50.2359898
Bad Kissingen,1,Bayern,10.080392,50.2007337
Schönwald/Ofr.-Brunn,1,Bayern,12.09077,50.19812
Staffelstein, Bad-Stublang,1,Bayern,11.04388,50.07853
Kahl/Main,1,Bayern,9.0071429,50.0743858
Schonungen-Mainberg,1,Bayern,10.2898427,50.0588956
Wunsiedel-Schönbrunn,1,Bayern,11.9707345,50.0254049
Lohr-Halsbach/Main,1,Bayern,9.6550035,50.011765
Neuhütten/Spessart,1,Bayern,9.4233462,50.0030841
Fichtelberg-Hüttstadl/Oberfranken,1,Bayern,11.8350645,49.979314
Arnstein-Müdesheim,1,Bayern,9.9180925,49.9683773
Heinersreuth-Vollhof,1,Bayern,11.5266283,49.9643807
Bamberg,1,Bayern,10.9027636,49.8988135
Tirschenreuth-Lodermühl,1,Bayern,12.353644,49.858419
Ebrach,1,Bayern,10.4948349,49.8481565
Neustadt-Filchendorf am Kulm,1,Bayern,11.8600782,49.8170033
Würzburg,1,Bayern,9.9533548,49.7913044
Röllbach,1,Bayern,9.2472115,49.7736854
Kitzingen,1,Bayern,10.1473777,49.7340805
Weiden,1,Bayern,12.1489337,49.6743636
Gräfenberg-Kasberg,1,Bayern,11.2231826,49.6643622
Möhrendorf-Kleinseebach,1,Bayern,11.0052771,49.652236
Gollhofen,1,Bayern,10.1920919,49.5694771
Nürnberg (Flughafen),1,Bayern,11.079808,49.4971202
Pommelsbrunn-Mittelburg,1,Bayern,11.537631,49.4783157
Amberg-Unterammersricht,1,Bayern,11.8552423,49.4632167
Oberviechtach,1,Bayern,12.4214867,49.4601783
Kümmersbruck,1,Bayern,11.8899655,49.4189241
Nürnberg-Netzstall,1,Bayern,11.2560171,49.4278806
Waldmünchen,1,Bayern,12.7059963,49.3783747
Rothenburg ob der Tauber,1,Bayern,10.1867388,49.3801834
Schwandorf,1,Bayern,12.1091352,49.3198883
Weidenbach-Weiherschneidbach,1,Bayern,10.6125938,49.2223405
Roth,1,Bayern,11.0911607,49.2456337
Schorndorf-Knöbling,1,Bayern,12.6080644,49.1634678
Feuchtwangen-Heilbronn,1,Bayern,10.3626309,49.1675187
Parsberg-Eglwang/Oberpfalz,1,Bayern,11.6902026,49.1537641
Prackenbach-Neuhäusl,1,Bayern,12.8262189,49.0951985
Regensburg,1,Bayern,12.1016236,49.0134297
Zwiesel,1,Bayern,13.2379307,49.0177574
Weißenburg-Emetzheim,1,Bayern,10.9346079,49.0159407
Gelbelsee,1,Bayern,11.432865,48.9454631
Eichstätt-Landershofen,1,Bayern,11.2328791,48.8824295
Metten,1,Bayern,12.9132001,48.8562976
Kösching,1,Bayern,11.5010096,48.8110674
Straubing,1,Bayern,12.5801539,48.8777333
Reimlingen,1,Bayern,10.516707,48.8172797
Harburg,1,Bayern,10.6951796,48.7854698
Grainet-Rehberg,1,Bayern,13.6227658,48.793482
Saldenburg-Entschenreuth,1,Bayern,13.3165862,48.7837844
Donauwörth-Osterweiler,1,Bayern,10.7415136,48.7358787
Ingolstadt,1,Bayern,11.4257541,48.7665351
Neuburg/Donau,1,Bayern,11.1887693,48.7302674
Elsendorf-Horneck,1,Bayern,11.8531892,48.6992848
Gottfrieding,1,Bayern,12.5354375,48.6375025
Aldersbach-Kriestorf,1,Bayern,13.0478012,48.6098895
Landshut-Reithof,1,Bayern,12.186891,48.4233441
Dillingen/Donau-Fristingen,1,Bayern,10.5520117,48.5563703
Fürstenzell,1,Bayern,13.317774,48.5226292
Günzburg,1,Bayern,10.2775127,48.4528412
Falkenberg (Kreis Rottal-Inn),1,Bayern,12.73159,48.46182
Augsburg,1,Bayern,10.89779,48.3705449
Altomünster-Maisbrunn,1,Bayern,11.311874,48.4069067
Freising-Dürnast,1,Bayern,11.695098,48.405921
München (Flughafen),1,Bayern,11.782909,48.3546979
Neuburg/Kammel-Langenhaslach,1,Bayern,10.3770745,48.3137238
Mühldorf,1,Bayern,12.5219895,48.2457722
Simbach/Inn,1,Bayern,13.0273628,48.2675863
Maisach-Galgen,1,Bayern,11.2018161,48.2070096
Lechfeld,1,Bayern,10.807222,48.161944
München-Stadt,1,Bayern,11.5819805,48.1351253
Ebersberg-Halbing,1,Bayern,11.9872666,48.0986046
Trostberg,1,Bayern,12.5552575,48.0252373
Amerang-Pfaffing,1,Bayern,12.2955973,48.0184575
Oberhaching-Laufzorn,1,Bayern,11.5537141,48.0147063
Memmingen,1,Bayern,10.1801883,47.9837999
Chieming,1,Bayern,12.5369847,47.8948599
Wielenbach,1,Bayern,11.1590924,47.8740941
Holzkirchen,1,Bayern,11.6997577,47.8810573
Attenkam,1,Bayern,11.362826,47.8780759
Kaufbeuren-Oberbeuren,1,Bayern,10.6006132,47.8705556
Rosenheim,1,Bayern,12.1181047,47.8571272
Siegsdorf-Höll,1,Bayern,12.6554975,47.835197
Altenstadt,1,Bayern,10.8711913,47.8279048
Hohenpeißenberg,1,Bayern,11.0063951,47.7945375
Piding,1,Bayern,12.9126072,47.7695089
Kempten,1,Bayern,10.3157835,47.7285699
Reit im Winkl,1,Bayern,12.4692465,47.6766377
Bad Kohlgrub,1,Bayern,11.0506003,47.6668428
Oy-Mittelberg-Petersthal,1,Bayern,10.386598,47.634893
Kiefersfelden-Gach,1,Bayern,12.1868662,47.6181459
Sigmarszell,1,Bayern,9.7625283,47.5891772
Garmisch-Partenkirchen,1,Bayern,11.0954984,47.4916945
Mittenwald,1,Bayern,11.2640301,47.4413018
Oberstdorf,1,Bayern,10.2797448,47.4098581
Bremerhaven,1,Bremen,8.5809425,53.5395845
Bremen (Flughafen),1,Bremen,8.7858736,53.0479714
Wesertal-Lippoldsberg,1,Hessen,9.5548123,51.6230717
Twistetal-Mühlhausen,1,Hessen,8.9074064,51.3348721
Schauenburg-Elgershausen,1,Hessen,9.3800498,51.2733168
Eschwege,1,Hessen,10.0397725,51.1876662
Fritzlar,1,Hessen,9.2742641,51.1330809
Sontra,1,Hessen,9.9353653,51.0680551
Burgwald-Bottendorf,1,Hessen,8.8125935,51.0278721
Gilserberg-Moischeid,1,Hessen,9.0480807,50.9670362
Neukirchen-Hauptschwenda,1,Hessen,9.4062249,50.892272
Bad Hersfeld,1,Hessen,9.7019675,50.8701345
Cölbe,1,Hessen,8.7810455,50.8506433
Neu-Ulrichstein,1,Hessen,9.0331164,50.7527558
Alsfeld-Eifa,1,Hessen,9.342694,50.7508558
Dillenburg,1,Hessen,8.280763,50.7452841
Tann/Rhön,1,Hessen,10.0089235,50.6447591
Wettenberg bei Gießen,1,Hessen,8.6751751,50.6362771
Fulda-Horas,1,Hessen,9.6620397,50.5669919
Löhnberg-Obershausen,1,Hessen,8.2403294,50.5626609
Hoherodskopf/Vogelsberg,1,Hessen,9.2275,50.5116667
Wasserkuppe,1,Hessen,9.9333333,50.5
Schotten,2,Hessen,9.1234184,50.5019846
Runkel-Ennerich,1,Hessen,8.1277174,50.3936016
Bad Nauheim,1,Hessen,8.7393914,50.3672668
Schlüchtern-Herolz,1,Hessen,9.5546879,50.3469983
Gründau-Breitenborn,1,Hessen,9.1858897,50.2637572
Waldems-Reinborn,1,Hessen,8.3565014,50.2620763
Kleiner Feldberg/Taunus,1,Hessen,8.417699,50.2184749
Wiesbaden-Auringen,2,Hessen,8.3312166,50.1178017
Frankfurt/Main-Westend,1,Hessen,8.6586998,50.114932
Offenbach-Wetterpark,1,Hessen,8.7833517,50.089293
Frankfurt (Flughafen),1,Hessen,8.5800547,50.041381
Geisenheim,2,Hessen,7.9666942,49.9864335
Schaafheim-Schlierbach,1,Hessen,8.9734889,49.912616
Darmstadt,1,Hessen,8.6511929,49.8728253
Michelstadt-Vielbrunn,1,Hessen,9.0985758,49.7139414
Michelstadt,1,Hessen,9.0041618,49.6799613
Oberzent-Beerfelden,1,Hessen,8.9737544,49.5675816
Hamburg (Flughafen),1,Hamburg,9.9974128,53.633622
Hamburg-Neuwiedenthal,1,Hamburg,9.8770663,53.4730162
Arkona,1,Mecklenburg-Vorpommern,13.4266313,54.6781137
Insel Hiddensee,1,Mecklenburg-Vorpommern,13.1057352,54.550537
Putbus,1,Mecklenburg-Vorpommern,13.4669257,54.3549564
Barth,1,Mecklenburg-Vorpommern,12.7252485,54.3688034
Steinhagen-Negast,1,Mecklenburg-Vorpommern,13.0296846,54.2521236
Greifswalder Oie,1,Mecklenburg-Vorpommern,13.9185692,54.2477518
Rostock-Warnemünde,1,Mecklenburg-Vorpommern,12.0784438,54.170342
Karlshagen,1,Mecklenburg-Vorpommern,13.83256,54.11394
Greifswald,1,Mecklenburg-Vorpommern,13.3923414,54.0865463
Groß Lüsewitz,1,Mecklenburg-Vorpommern,12.3388676,54.070964
Tribsees,1,Mecklenburg-Vorpommern,12.7601838,54.0914157
Boltenhagen,1,Mecklenburg-Vorpommern,11.2084363,53.9853967
Kirchdorf/Poel,1,Mecklenburg-Vorpommern,11.4410121,53.9999757
Laage,1,Mecklenburg-Vorpommern,12.346667,53.932222
Anklam,1,Mecklenburg-Vorpommern,13.6959731,53.8502906
Teterow,1,Mecklenburg-Vorpommern,12.5748239,53.7752476
Ueckermünde,1,Mecklenburg-Vorpommern,14.0360787,53.7360433
Schwerin,1,Mecklenburg-Vorpommern,11.4012499,53.6355022
Goldberg,1,Mecklenburg-Vorpommern,12.0857297,53.5900958
Trollenhagen,1,Mecklenburg-Vorpommern,13.2893207,53.6073187
Waren (Müritz),1,Mecklenburg-Vorpommern,12.7505933,53.4904304
Boizenburg,1,Mecklenburg-Vorpommern,10.7206776,53.3802724
Grambow-Schwennenz,1,Mecklenburg-Vorpommern,14.3337289,53.4138275
Marnitz,1,Mecklenburg-Vorpommern,11.9278607,53.3181351
Feldberg/Mecklenburg,1,Mecklenburg-Vorpommern,13.431736,53.3335785
Cuxhaven,2,Niedersachsen,8.6879057,53.859336
Freiburg/Elbe,1,Niedersachsen,9.2879775,53.8238524
Nordholz,2,Niedersachsen,8.612098,53.7859
Norderney,2,Niedersachsen,7.143055,53.7078132
Steinau (Kreis Cuxhaven),1,Niedersachsen,8.881407,53.670668
Wangerland-Hooksiel,2,Niedersachsen,8.0257971,53.6307029
Borkum,2,Niedersachsen,6.7047312,53.593131
Mittelnkirchen-Hohenfelde,1,Niedersachsen,9.6093135,53.5516304
Wittmundhafen,1,Niedersachsen,7.6665946,53.5488548
Bremervörde,1,Niedersachsen,9.1399785,53.4871321
Emden,1,Niedersachsen,7.2060095,53.3594029
Rosengarten-Klecken,1,Niedersachsen,9.940138,53.363823
Worpswede-Hüttenbusch,1,Niedersachsen,8.9589364,53.2717233
Wendisch Evern,1,Niedersachsen,10.4700092,53.2154261
Rotenburg/Wümme,1,Niedersachsen,9.3868893,53.0852034
Friesoythe-Altenoythe,1,Niedersachsen,7.8785368,53.0368106
Lüchow,1,Niedersachsen,11.1503316,52.9664568
Soltau,1,Niedersachsen,9.842125,52.9846914
Dörpen,1,Niedersachsen,7.3419972,52.9679574
Uelzen,1,Niedersachsen,10.5580304,52.9658199
Großenkneten,1,Niedersachsen,8.2524538,52.9434787
Faßberg,1,Niedersachsen,10.1661575,52.8997766
Bassum,1,Niedersachsen,8.7286711,52.8505748
Bergen,1,Niedersachsen,9.9641638,52.8092281
Groß Berßen,1,Niedersachsen,7.494089,52.77462
Meppen,2,Niedersachsen,7.298065,52.69598
Nienburg,1,Niedersachsen,9.2084155,52.6380924
Wittingen-Vorhop,1,Niedersachsen,10.6602784,52.6432072
Celle,1,Niedersachsen,10.0628514,52.6175963
Diepholz,1,Niedersachsen,8.3707878,52.6056456
Alfhausen,1,Niedersachsen,7.9519799,52.500317
Hannover (Flughafen),1,Niedersachsen,9.6889919,52.4618486
Wunstorf,1,Niedersachsen,9.4432827,52.4207534
Wolfsburg,1,Niedersachsen,10.7865461,52.4226503
Barsinghausen-Hohenbostel,1,Niedersachsen,9.4323223,52.3192584
Belm,1,Niedersachsen,8.1284532,52.3043231
Braunschweig,1,Niedersachsen,10.5267696,52.2688736
Bückeburg,1,Niedersachsen,9.0521233,52.2592762
Helmstedt-Emmerstedt,1,Niedersachsen,10.9674763,52.2448788
Hameln-Hastenbeck,1,Niedersachsen,9.4192992,52.0767652
Liebenburg-Othfresen,1,Niedersachsen,10.3908667,52.0085301
Alfeld,1,Niedersachsen,9.8279123,51.9830185
Seesen,1,Niedersachsen,10.1798261,51.8914818
Bad Harzburg,1,Niedersachsen,10.5522144,51.8866888
Bevern (Kreis Holzminden),1,Niedersachsen,9.494029,51.857883
Braunlage,1,Niedersachsen,10.6104347,51.7249346
Moringen-Lutterbeck,1,Niedersachsen,9.8366353,51.7212489
Herzberg,1,Niedersachsen,10.3379685,51.6514495
Göttingen,1,Niedersachsen,9.9158035,51.5412804
Rahden-Kleinendorf,1,Nordrhein-Westfalen,8.6063414,52.4344286
Münster/Osnabrück (Flughafen),1,Nordrhein-Westfalen,7.6909441,52.1329347
Bad Salzuflen,1,Nordrhein-Westfalen,8.755622,52.0765185
Ahaus,1,Nordrhein-Westfalen,7.0150057,52.0825322
Bielefeld-Deppendorf,1,Nordrhein-Westfalen,8.4624525,52.0676116
Borken in Westfalen,1,Nordrhein-Westfalen,6.8594477,51.8482714
Lügde-Paenbruch,1,Nordrhein-Westfalen,9.2743853,51.867431
Ennigerloh-Ostenfelde,1,Nordrhein-Westfalen,8.0777465,51.8676361
Bad Lippspringe,1,Nordrhein-Westfalen,8.8159083,51.7837494
Lüdinghausen-Brochtrup,1,Nordrhein-Westfalen,7.5076415,51.7830163
Kleve,2,Nordrhein-Westfalen,6.12954,51.786726
Lippstadt-Bökenförde,1,Nordrhein-Westfalen,8.3940741,51.6409037
Waltrop-Abdinghof,1,Nordrhein-Westfalen,7.3980511,51.6013426
Werl,1,Nordrhein-Westfalen,7.9114426,51.5583773
Duisburg-Baerl,1,Nordrhein-Westfalen,6.6767794,51.4988831
Warburg,1,Nordrhein-Westfalen,9.14519,51.4899078
Geldern-Walbeck,1,Nordrhein-Westfalen,6.2397359,51.4979206
Arnsberg-Neheim,1,Nordrhein-Westfalen,7.9694283,51.4522612
Brilon-Thülen,1,Nordrhein-Westfalen,8.6418389,51.4169672
Essen-Bredeney,1,Nordrhein-Westfalen,7.0013063,51.4060522
Gevelsberg-Oberbröking,1,Nordrhein-Westfalen,7.3388053,51.3331622
Düsseldorf (Flughafen),1,Nordrhein-Westfalen,6.7667912,51.2876146
Tönisvorst,1,Nordrhein-Westfalen,6.4438452,51.3274683
Eslohe,1,Nordrhein-Westfalen,8.169605,51.2541269
Lüdenscheid,1,Nordrhein-Westfalen,7.63126,51.2191038
Wuppertal-Buchenhofen,1,Nordrhein-Westfalen,7.1039002,51.2247545
Kahler Asten,1,Nordrhein-Westfalen,8.4875,51.1805556
Lennestadt-Theten,1,Nordrhein-Westfalen,8.033253,51.1340367
Meinerzhagen-Redlendorf,1,Nordrhein-Westfalen,7.6314176,51.089273
Heinsberg-Schleiden,1,Nordrhein-Westfalen,6.1048122,51.0388653
Reichshof-Eckenhagen,1,Nordrhein-Westfalen,7.6924946,50.9904535
Köln-Stammheim,1,Nordrhein-Westfalen,6.9926124,50.9876373
Bad Berleburg-Stünzel,1,Nordrhein-Westfalen,8.359631,50.9803349
Geilenkirchen,1,Nordrhein-Westfalen,6.1174584,50.967168
Köln/Bonn (Flughafen),1,Nordrhein-Westfalen,7.1407344,50.8707168
Neunkirchen-Seelscheid-Krawinkel,1,Nordrhein-Westfalen,7.369362,50.8453951
Nörvenich,1,Nordrhein-Westfalen,6.6402649,50.8066888
Aachen-Orsbach,1,Nordrhein-Westfalen,5.9955801,50.7978761
Königswinter-Heiderhof,1,Nordrhein-Westfalen,7.193099,50.673972
Weilerswist-Lommersum,1,Nordrhein-Westfalen,6.7979998,50.7114203
Nideggen-Schmidt,1,Nordrhein-Westfalen,6.4126708,50.6603309
Kall-Sistig,1,Nordrhein-Westfalen,6.5182817,50.492564
Hilgenroth,1,Rheinland-Pfalz,7.6513703,50.7358785
Bad Marienberg,1,Rheinland-Pfalz,7.946191,50.6529429
Hümmerich,1,Rheinland-Pfalz,7.4963157,50.5679483
Bad Neuenahr-Ahrweiler,1,Rheinland-Pfalz,7.1197177,50.541815
Montabaur,1,Rheinland-Pfalz,7.8257953,50.4358385
Andernach,1,Rheinland-Pfalz,7.4086636,50.426057
Nürburg-Barweiler,1,Rheinland-Pfalz,6.9520304,50.3418803
Schneifelforsthaus,1,Rheinland-Pfalz,7.3089527,50.118346
Büchel,1,Rheinland-Pfalz,7.0834625,50.1729075
Manderscheid,2,Rheinland-Pfalz,6.8077296,50.091853
Blankenrath,1,Rheinland-Pfalz,7.3020905,50.0391222
Wahlbach bei Simmern,1,Rheinland-Pfalz,7.5955569,50.0009009
Mainz-Lerchenberg,2,Rheinland-Pfalz,8.1991405,49.9592389
Hahn,1,Rheinland-Pfalz,7.2706997,49.9632914
Olsdorf,1,Rheinland-Pfalz,6.3820842,49.9537167
Bad Kreuznach,2,Rheinland-Pfalz,7.8731346,49.8440162
Deuselbach,1,Rheinland-Pfalz,7.0548375,49.751332
Trier-Petrisberg,1,Rheinland-Pfalz,6.6670137,49.7543491
Trier,1,Rheinland-Pfalz,6.6371433,49.749992
Alzey,1,Rheinland-Pfalz,8.1171135,49.7462012
Idar-Oberstein,1,Rheinland-Pfalz,7.3071512,49.714528
Ruppertsecken,1,Rheinland-Pfalz,7.8811243,49.6451891
Worms,2,Rheinland-Pfalz,8.3507182,49.6341372
Bad Dürkheim,1,Rheinland-Pfalz,8.1654232,49.4598369
Kaiserslautern,1,Rheinland-Pfalz,7.7491265,49.4400657
Weinbiet,1,Rheinland-Pfalz,8.1216667,49.3761111
Pirmasens,1,Rheinland-Pfalz,7.6002161,49.201555
Bad Bergzabern,1,Rheinland-Pfalz,7.9998767,49.1003724
List auf Sylt,2,Schleswig-Holstein,8.4291796,55.019488
Glücksburg-Meierwik,2,Schleswig-Holstein,9.5077716,54.8294734
Leck,2,Schleswig-Holstein,8.9759886,54.7715331
Wagersrott,2,Schleswig-Holstein,9.7953017,54.6642059
Brodersby-Schönhagen,2,Schleswig-Holstein,10.0278709,54.6327005
Fehmarn,2,Schleswig-Holstein,11.132927,54.4700537
Schleswig,2,Schleswig-Holstein,9.563227,54.5239312
Hattstedt,2,Schleswig-Holstein,9.0211873,54.5274536
Schleswig-Jagel,2,Schleswig-Holstein,9.5374252,54.4570443
Kiel-Holtenau,1,Schleswig-Holstein,10.1469848,54.3750839
Sankt Peter-Ording,2,Schleswig-Holstein,8.6522205,54.3048043
Hohwacht,1,Schleswig-Holstein,10.6618021,54.3238316
Ostenfeld (Rendsburg),1,Schleswig-Holstein,9.7819471,54.3164807
Hohn,2,Schleswig-Holstein,9.5030987,54.2988462
Erfde,2,Schleswig-Holstein,9.3176703,54.3089413
Helgoland,2,Schleswig-Holstein,7.8889438,54.1803268
Dörnick,1,Schleswig-Holstein,10.3603743,54.1634936
Pelzerhaken,1,Schleswig-Holstein,10.85015,54.0911434
Elpersbüttel,2,Schleswig-Holstein,9.0463576,54.0728326
Wacken,1,Schleswig-Holstein,7.333805,53.331778
Padenstedt,1,Schleswig-Holstein,9.9153225,54.0487059
Hasenkrug-Hardebek,1,Schleswig-Holstein,10.29747,51.75602
Itzehoe,1,Schleswig-Holstein,9.5051475,53.9317752
Wittenborn,1,Schleswig-Holstein,10.2211634,53.9216051
Lübeck-Blankensee,1,Schleswig-Holstein,10.715375,53.8076017
Quickborn,1,Schleswig-Holstein,9.9078766,53.7289353
Weiskirchen/Saar,2,Saarland,6.8189587,49.5556107
Perl-Nennig,2,Saarland,6.3809076,49.5320161
Tholey,2,Saarland,7.0323892,49.4821357
Neunkirchen-Wellesweiler,1,Saarland,7.2231112,49.3482041
Berus,2,Saarland,6.6942133,49.265602
Saarbrücken-Burbach,2,Saarland,6.9567483,49.2418787
Saarbrücken (Flughafen),1,Saarland,7.1116257,49.2164822
Bad Muskau,1,Sachsen,14.7155202,51.54926
Klitzschen bei Torgau,1,Sachsen,12.9045231,51.5199159
Hoyerswerda,1,Sachsen,14.2536419,51.4388605
Leipzig/Halle (Flughafen),1,Sachsen,12.2203805,51.4220814
Leipzig-Holzhausen,1,Sachsen,12.4780189,51.3074121
Oschatz,1,Sachsen,13.1059825,51.3006128
Görlitz,1,Sachsen,14.968707,51.1506269
Kubschütz,1,Sachsen,14.5066482,51.164981
Garsebach bei Meißen,1,Sachsen,13.4350053,51.129736
Dresden-Klotzsche (Flughafen),1,Sachsen,13.7672072,51.1321529
Geringswalde-Altgeringswalde,1,Sachsen,12.9211434,51.084563
Sohland/Spree,1,Sachsen,14.4448329,51.050822
Nossen,1,Sachsen,13.2948865,51.058317
Dresden-Strehlen,1,Sachsen,13.7678094,51.024895
Dresden-Hosterwitz,1,Sachsen,13.8605695,51.0157492
Lichtenhain-Mittelndorf,1,Sachsen,14.2060023,50.9370419
Dippoldiswalde-Reinberg,1,Sachsen,13.713976,50.9181322
Bertsdorf-Hörnitz,1,Sachsen,14.7248421,50.8820815
Chemnitz,1,Sachsen,12.9213697,50.827845
Zinnwald-Georgenfeld,1,Sachsen,13.7573077,50.7369766
Lichtentanne,1,Sachsen,12.4210908,50.694222
Marienberg,1,Sachsen,13.1622883,50.6503661
Deutschneudorf-Brüderwiese,1,Sachsen,13.482497,50.622594
Aue,1,Sachsen,12.699016,50.5873296
Treuen,1,Sachsen,12.2993698,50.5435567
Plauen,1,Sachsen,12.1368679,50.4976133
Carlsfeld,1,Sachsen,12.5878095,50.4358166
Bad Elster-Sohl,1,Sachsen,12.2840615,50.2761056
Seehausen,1,Sachsen-Anhalt,11.75,52.866667
Gardelegen,1,Sachsen-Anhalt,11.401844,52.5268133
Demker,1,Sachsen-Anhalt,11.8559017,52.5057879
Genthin,1,Sachsen-Anhalt,12.1601527,52.4006218
Drewitz bei Burg,1,Sachsen-Anhalt,12.1647805,52.2152048
Ummendorf,1,Sachsen-Anhalt,11.1812374,52.1577121
Magdeburg,1,Sachsen-Anhalt,11.6276237,52.1205333
Huy-Pabstorf,1,Sachsen-Anhalt,10.9615002,52.0279908
Wittenberg,1,Sachsen-Anhalt,12.6279659,51.8739831
Wernigerode,1,Sachsen-Anhalt,10.7844266,51.8368113
Bernburg/Saale,1,Sachsen-Anhalt,11.7537327,51.7833579
Quedlinburg,1,Sachsen-Anhalt,11.141448,51.7920562
Wernigerode-Schierke,1,Sachsen-Anhalt,10.6565134,51.7653041
Holzdorf,1,Sachsen-Anhalt,13.1137053,51.7809842
Köthen (Anhalt),1,Sachsen-Anhalt,11.9802357,51.7505762
Aschersleben-Mehringen,1,Sachsen-Anhalt,11.5157204,51.7283132
Jeßnitz,1,Sachsen-Anhalt,12.3022837,51.6838588
Oberharz am Brocken-Stiege,1,Sachsen-Anhalt,10.8844837,51.6656609
Harzgerode,1,Sachsen-Anhalt,11.1433484,51.6408843
Bad Lauchstädt,1,Sachsen-Anhalt,11.8204814,51.3924215
Querfurt-Lodersleben,1,Sachsen-Anhalt,11.5396491,51.3768604
Naumburg-Kreipitzsch/Saale,1,Sachsen-Anhalt,11.7126597,51.1063183
Osterfeld,1,Sachsen-Anhalt,11.929795,51.0801472
Zeitz,1,Sachsen-Anhalt,12.1402795,51.0443266
Leinefelde,1,Thüringen,10.3305838,51.4071434
Artern,1,Thüringen,11.2954854,51.3673649
Mühlhausen-Görmar/Thüringen,1,Thüringen,10.4890889,51.2115255
Olbersleben,1,Thüringen,11.3379001,51.1474452
Dachwig,1,Thüringen,10.8572234,51.0775273
Weimar-Schöndorf,1,Thüringen,11.3349258,51.0128993
Eisenach,1,Thüringen,10.3146872,50.9795715
Erfurt-Weimar (Flughafen),1,Thüringen,10.9572313,50.979247
Starkenberg-Tegkwitz,1,Thüringen,12.3428722,50.9795394
Jena,1,Thüringen,11.5892372,50.927054
Bad Berka (Flugplatz),1,Thüringen,11.2672204,50.9065628
Waltershausen,1,Thüringen,10.5607552,50.9003774
Gera-Leumnitz,1,Thüringen,12.1100473,50.8797734
Kleiner Inselsberg,1,Thüringen,10.4812917,50.8445205
Moorgrund Gräfen-Nitzendorf,1,Thüringen,10.2458217,50.8440698
Martinroda,1,Thüringen,10.8890443,50.7232874
Schmieritz-Weltwitz,1,Thüringen,11.7840242,50.7273168
Krölpa-Rockendorf,1,Thüringen,11.5191045,50.6725527
Langenwetzendorf-Göttendorf,1,Thüringen,12.0735629,50.6621348
Schmücke,1,Thüringen,10.7735615,50.6543096
Schwarzburg,1,Thüringen,11.1951188,50.6421957
Schleiz,1,Thüringen,11.8090005,50.5761665
Meiningen,1,Thüringen,10.4190129,50.5739121
Birx/Rhön,1,Thüringen,10.0480518,50.5306988
Neuhaus am Rennweg,1,Thüringen,11.1422983,50.505899
Bad Lobenstein,1,Thüringen,11.6392997,50.4522283
Veilsdorf,1,Thüringen,10.8095288,50.4086913
